swarm_name,date,hour,client_count,cpu_utilization,mem_usage,tx_power,utilization
	AP-DRET33,2025-01-29,7,1.7817178881008668,3.2742316784869976,59.66525972442751,,
	AP-DRET33,2025-04-15,4,0.009345794392523364,2.0,60.65325838628588,,
	AP-DRET33,2025-04-15,20,1.0598290598290598,1.9914529914529915,56.46073449689982,,
	AP-DRET33,2025-04-16,21,1.6635006784260515,2.7367706919945727,55.59296094623225,,
	AP-DRET33,2025-04-28,10,0.0,3.0,54.53619711524139,,
	AP-DRET33,2025-04-28,21,0.0,2.0,48.81182676696907,,
	AP-DRET33,2025-04-28,23,0.058823529411764705,2.011764705882353,51.9619160184554,,
	AP-DRET33,2025-04-29,12,0.25,2.0,54.52990088440113,,
	AP-DRET34,2025-01-21,9,1.8786446020488574,2.6178092986603625,61.231052758709865,,
	AP-DRET34,2025-04-15,4,0.0,2.0,66.17307821204086,,
	AP-DRET34,2025-04-15,20,0.0,2.0,65.76841872194355,,
	AP-DRET34,2025-04-15,21,1.4314185228604923,2.8300117233294255,60.50695100916303,,
	AP-DRET34,2025-04-28,10,0.0,3.0,57.080307609814,,
	AP-DRET34,2025-04-28,21,0.0,2.25,47.78893988730445,,
	AP-DRET34,2025-04-28,23,0.4943820224719101,2.033707865168539,52.68783641154445,,
 AP-CIEN60,2025-03-28,7,1.5303388494877856,2.7470449172576834,58.99780486855188,,
 AP-CIEN60,2025-04-15,4,0.018691588785046728,2.0,64.61600370624116,,
 AP-CIEN60,2025-04-15,20,1.8311840562719812,2.8007033997655335,59.73192340622759,,
 AP-CIEN60,2025-04-28,10,0.0,5.0,57.22541630671155,,
 AP-CIEN60,2025-04-28,22,0.0,1.5,48.343686697548335,,
 AP-CIEN60,2025-04-28,23,0.43529411764705883,1.8941176470588235,53.00969143348832,,
 AP-CIEN60,2025-04-29,12,0.0,2.5,55.32564367279106,,
48:00:20:c1:1b:b0,2025-04-28,21,1.0,5.0,61.719775800475254,,
48:00:20:c1:31:5b,2024-12-09,13,0.0,7.0,43.68447766597846,,
68:51:34:cd:f3:d2,2025-04-22,10,0.0,3.0,42.480814487725624,,
AP-AMICSUAB01,2025-03-28,10,1.7066085693536674,3.128540305010893,57.49971740092086,,
AP-AMICSUAB01,2025-04-15,21,1.5774647887323943,2.7464788732394365,60.20767267291189,,
AP-AMICSUAB01,2025-04-28,10,0.0,4.0,57.39636156985497,,
AP-AMICSUAB01,2025-04-28,22,1.0,1.6666666666666667,52.56878460629503,,
AP-AMICSUAB01,2025-04-28,23,1.588235294117647,2.0470588235294116,56.15465331486481,,
AP-AMICSUAB01,2025-04-29,12,2.0,2.0,57.12279239860723,,
AP-AMICSUAB02,2025-03-28,10,1.7066085693536674,2.3042846768336966,56.45798734693246,,
AP-AMICSUAB02,2025-04-15,21,1.1019929660023446,2.3411488862837047,59.33760555159046,,
AP-AMICSUAB02,2025-04-28,10,0.0,2.0,59.07327502251391,,
AP-AMICSUAB02,2025-04-28,22,0.0,1.0,48.971143009308804,,
AP-AMICSUAB02,2025-04-28,23,0.7411764705882353,1.411764705882353,52.339094291706054,,
AP-AMICSUAB02,2025-04-29,12,1.25,2.0,55.612538403964734,,
AP-AULAJ01,2025-04-02,10,5.184397163120567,6.5074862096138695,59.13856150637922,,
AP-AULAJ01,2025-04-15,4,0.0,2.0,62.7827414028969,,
AP-AULAJ01,2025-04-15,20,0.5148514851485149,2.5544554455445545,60.49608738325901,,
AP-AULAJ01,2025-04-16,14,4.7343957503320055,6.945551128818061,59.83939765783889,,
AP-AULAJ01,2025-04-28,10,0.0,5.0,56.2005861348726,,
AP-AULAJ01,2025-04-28,22,0.6666666666666666,2.0,53.58674149722997,,
AP-AULAJ01,2025-04-28,23,0.898876404494382,2.752808988764045,54.05114553911108,,
AP-AULAJ02,2025-04-02,9,3.469661150512214,3.7257683215130024,60.07406260273508,,
AP-AULAJ02,2025-04-15,4,0.0,2.0,61.61912203796085,,
AP-AULAJ02,2025-04-15,20,0.0,2.0,64.6131847835801,,
AP-AULAJ02,2025-04-15,21,3.0844079718640094,3.8370457209847597,61.46809628800653,,
AP-AULAJ02,2025-04-28,10,0.4,4.0,58.70640723927983,,
AP-AULAJ02,2025-04-28,21,0.0,2.5,50.32842801394143,,
AP-AULAJ02,2025-04-28,23,0.18823529411764706,2.1058823529411765,51.84475210207273,,
AP-AULAJ02,2025-04-29,12,0.25,2.25,53.05497076772984,,
AP-AULAJ03,2025-04-02,9,2.9368852459016392,7.0688524590163935,68.28155968767278,15.0,3.3795081967213116
AP-AULAJ03,2025-04-14,11,0.0,4.612244897959184,65.68309574365622,15.0,1.0
AP-AULAJ03,2025-04-15,4,0.0,4.0,65.83932284540013,15.0,1.0
AP-AULAJ03,2025-04-15,20,3.7960140679953107,9.68229777256741,67.27875740363731,15.0,4.656506447831184
AP-AULAJ03,2025-04-28,10,0.0,53.0,68.3692104820581,15.0,25.0
AP-AULAJ03,2025-04-28,21,0.0,4.25,65.2909396309667,15.0,7.0
AP-AULAJ03,2025-04-28,23,0.023529411764705882,4.0,65.98120033274542,15.0,1.0
AP-AULAJ03,2025-04-29,12,0.0,4.25,66.08382703340186,15.0,1.0
AP-AULAJ04,2025-03-24,20,2.4144996059889676,2.8502758077226162,58.13175009348752,,
AP-AULAJ04,2025-04-15,4,0.0,2.0,61.82386124545903,,
AP-AULAJ04,2025-04-15,20,1.7842907385697537,2.893317702227433,61.08293569363599,,
AP-AULAJ04,2025-04-28,10,0.0,3.0,57.631314634381084,,
AP-AULAJ04,2025-04-28,21,0.0,1.25,50.36100120704313,,
AP-AULAJ04,2025-04-28,23,0.25842696629213485,1.7303370786516854,54.31660118719083,,
AP-AULAJ05,2025-04-01,14,8.297084318360914,10.065405831363279,68.10205465149659,15.445232466509061,6.265563435776202
AP-AULAJ05,2025-04-15,4,0.0,4.0,68.26597872480446,16.0,1.0
AP-AULAJ05,2025-04-15,20,9.450175849941383,22.382180539273154,70.5455748260618,15.856975381008207,8.152403282532239
AP-AULAJ05,2025-04-28,10,0.0,7.0,69.6901323706378,16.0,2.0
AP-AULAJ05,2025-04-28,21,0.0,4.0,65.64238265581128,16.0,1.25
AP-AULAJ05,2025-04-28,23,0.0449438202247191,4.056179775280899,66.3974558817944,16.0,1.0
AP-AULAJ06,2025-04-01,14,7.401891252955083,8.681639085894405,67.35823030168656,16.09613869188337,4.252167060677699
AP-AULAJ06,2025-04-15,4,0.0,4.0,67.33504876616949,16.0,1.0
AP-AULAJ06,2025-04-15,20,6.5685814771395075,10.66588511137163,68.64654736919587,16.0,4.645955451348183
AP-AULAJ06,2025-04-28,10,0.0,9.0,69.92746356464767,16.0,2.0
AP-AULAJ06,2025-04-28,21,0.0,4.5,65.24806975808305,16.0,1.25
AP-AULAJ06,2025-04-28,23,0.09411764705882353,4.117647058823529,65.84350296946647,16.0,1.0
AP-AULAJ06,2025-04-29,12,0.5,4.25,65.95751388392708,16.0,1.0
AP-AULAJ07,2025-03-30,3,11.398739164696611,9.249802994483845,67.79656165865931,15.0,4.75886524822695
AP-AULAJ07,2025-04-15,4,0.0,4.0,68.29873646209386,15.0,1.0
AP-AULAJ07,2025-04-15,20,14.421545667447306,13.86182669789227,68.91306861856397,15.0,7.450819672131147
AP-AULAJ07,2025-04-28,10,0.0,12.0,69.40433212996389,15.0,6.0
AP-AULAJ07,2025-04-28,21,0.0,4.0,65.13512819618892,15.0,2.25
AP-AULAJ07,2025-04-28,23,0.5842696629213483,4.112359550561798,65.78612820573402,15.0,1.0
AP-AULAJ08,2025-04-01,14,13.0,11.189913317572891,68.71546773559379,16.454688731284477,7.31678486997636
AP-AULAJ08,2025-04-15,4,0.0,4.0,68.82521058965102,16.0,1.0
AP-AULAJ08,2025-04-15,20,12.928487690504102,13.681125439624854,70.08936387140503,16.0,6.763188745603752
AP-AULAJ08,2025-04-28,10,0.0,8.0,71.17178098676294,16.0,2.0
AP-AULAJ08,2025-04-28,21,0.0,4.5,65.58026047150773,16.0,1.25
AP-AULAJ08,2025-04-28,23,0.21348314606741572,4.168539325842697,65.95740369382585,16.0,1.0
AP-AULAJ09,2025-04-02,9,4.220646178092987,7.123719464144996,66.5542645827372,15.0,2.2624113475177303
AP-AULAJ09,2025-04-15,4,0.0,4.0,66.83024969915763,15.0,1.0
AP-AULAJ09,2025-04-15,20,7.782201405152225,9.655737704918034,67.932723419033,15.0,3.920374707259953
AP-AULAJ09,2025-04-28,10,0.0,7.0,68.68147479609574,15.0,2.0
AP-AULAJ09,2025-04-28,21,0.0,4.0,65.16893134108838,15.0,1.25
AP-AULAJ09,2025-04-28,23,0.14606741573033707,4.179775280898877,65.89520501740078,15.0,1.101123595505618
AP-AULAJ10,2025-04-01,14,8.959022852639874,9.182033096926714,68.32753979229412,15.139479905437351,5.102442868400315
AP-AULAJ10,2025-04-15,4,0.0,5.0,68.69974398184466,16.0,1.0
AP-AULAJ10,2025-04-15,20,8.062133645955452,10.324736225087925,68.86500770124182,15.713950762016413,5.00820633059789
AP-AULAJ10,2025-04-28,10,0.0,29.0,69.1277242946918,16.0,15.0
AP-AULAJ10,2025-04-28,21,0.0,4.0,66.1973937180355,16.0,4.5
AP-AULAJ10,2025-04-28,23,0.011764705882352941,4.011764705882353,66.56927037402029,16.0,1.0
AP-AULAJ10,2025-04-29,12,0.0,4.25,66.84612667421906,16.0,1.0
AP-AULAJ11,2025-03-24,21,4.870094722598106,4.62787550744249,60.40353616605937,,
AP-AULAJ11,2025-04-09,6,1.6226415094339623,2.6056603773584905,55.2857046621064,,
AP-AULAJ11,2025-04-15,4,0.0,2.0,57.68101620750495,,
AP-AULAJ11,2025-04-15,20,0.8569753810082064,2.7022274325908557,57.60141598900284,,
AP-AULAJ11,2025-04-28,10,0.0,3.0,55.07210177888482,,
AP-AULAJ11,2025-04-28,21,0.0,2.25,50.528371385458655,,
AP-AULAJ11,2025-04-28,23,0.056179775280898875,2.0,51.29462235486897,,
AP-AULAJ12,2025-03-30,3,1.496617050067659,3.776725304465494,60.05628474840212,,
AP-AULAJ12,2025-04-09,6,0.29056603773584905,2.279245283018868,55.69520860295288,,
AP-AULAJ12,2025-04-15,4,0.0,2.0,58.89351457776197,,
AP-AULAJ12,2025-04-15,20,0.40211019929660025,2.4325908558030482,56.50787743189468,,
AP-AULAJ12,2025-04-28,10,0.0,3.0,54.741210411620614,,
AP-AULAJ12,2025-04-28,21,0.0,2.0,51.47244438550219,,
AP-AULAJ12,2025-04-28,23,0.02247191011235955,2.0112359550561796,51.32671494223395,,
AP-AULAJ13,2025-03-30,3,7.230040595399188,6.142083897158322,60.73876711795673,,
AP-AULAJ13,2025-04-09,6,0.5924528301886792,2.4547169811320755,55.44475047084745,,
AP-AULAJ13,2025-04-15,4,0.0,2.0,58.69348179524607,,
AP-AULAJ13,2025-04-15,20,2.5,3.149882903981265,57.649880960137764,,
AP-AULAJ13,2025-04-28,10,0.0,4.0,56.26191933606326,,
AP-AULAJ13,2025-04-28,21,0.0,2.25,47.291984312735885,,
AP-AULAJ13,2025-04-28,23,0.0,2.0112359550561796,50.25300881840581,,
AP-AULAJ14,2025-03-24,20,4.49255751014885,5.2774018944519625,60.752121417214724,,
AP-AULAJ14,2025-04-09,6,3.7037735849056603,2.8433962264150945,56.600604463021185,,
AP-AULAJ14,2025-04-15,4,0.0,2.0,58.568344878631166,,
AP-AULAJ14,2025-04-15,20,3.856975381008206,3.4525205158264947,59.030392474716784,,
AP-AULAJ14,2025-04-28,10,0.0,7.0,58.748724641782594,,
AP-AULAJ14,2025-04-28,21,0.0,2.0,47.592353192735054,,
AP-AULAJ14,2025-04-28,23,0.0,2.033707865168539,50.25987866636381,,
AP-AULAJ15,2025-03-30,3,4.553450608930988,14.722598105548037,58.49384160448365,,
AP-AULAJ15,2025-04-09,6,0.9943396226415094,2.547169811320755,54.22568980081146,,
AP-AULAJ15,2025-04-15,4,0.0,2.0,55.799994042122194,,
AP-AULAJ15,2025-04-15,20,0.0,2.0,55.799994042122194,,
AP-AULAJ15,2025-04-15,21,1.2567409144196953,2.9648300117233295,57.081830973963044,,
AP-AULAJ15,2025-04-28,10,0.4,9.0,55.64573728164951,,
AP-AULAJ15,2025-04-28,21,0.0,2.0,48.06201764104703,,
AP-AULAJ15,2025-04-28,23,0.0,2.0,51.02572955005432,,
AP-AULAJ16,2025-03-02,19,1.451962110960758,4.165087956698241,59.95206720696863,,
AP-AULAJ16,2025-04-09,6,2.050943396226415,2.7566037735849056,58.253874425662524,,
AP-AULAJ16,2025-04-15,4,0.009345794392523364,2.0,57.52898163827891,,
AP-AULAJ16,2025-04-15,20,2.148711943793911,3.1627634660421546,60.05169860990561,,
AP-AULAJ16,2025-04-28,10,0.0,4.0,60.12529875319949,,
AP-AULAJ16,2025-04-28,21,1.0,3.0,54.17570433286663,,
AP-AULAJ16,2025-04-28,23,1.7191011235955056,2.4831460674157304,55.603189804714205,,
AP-AULAJ17,2025-03-02,19,1.6224627875507442,4.213802435723951,59.352733467568946,,
AP-AULAJ17,2025-04-09,6,1.741509433962264,2.8245283018867924,55.79284521702608,,
AP-AULAJ17,2025-04-15,4,0.0,1.9906542056074767,59.329247468421265,,
AP-AULAJ17,2025-04-15,20,0.0,2.0,60.60866739459711,,
AP-AULAJ17,2025-04-15,21,1.23915592028136,2.7526377491207503,57.9996006977065,,
AP-AULAJ17,2025-04-28,10,0.0,4.0,55.032047224201825,,
AP-AULAJ17,2025-04-28,21,0.0,2.0,47.66380207557568,,
AP-AULAJ17,2025-04-28,23,0.2808988764044944,2.044943820224719,51.977608626801086,,
AP-AULAJ18,2025-03-24,20,1.5115020297699595,3.83085250338295,60.49266080885531,,
AP-AULAJ18,2025-04-09,6,1.3622641509433961,2.9037735849056605,55.81442708081801,,
AP-AULAJ18,2025-04-15,4,0.0,2.0,58.407987590995496,,
AP-AULAJ18,2025-04-15,20,0.9976580796252927,2.921545667447307,58.83775124848853,,
AP-AULAJ18,2025-04-28,10,0.0,3.0,57.10667050300528,,
AP-AULAJ18,2025-04-28,21,0.0,2.0,47.84259569698004,,
AP-AULAJ18,2025-04-28,23,0.011764705882352941,2.0,51.74187795172744,,
AP-AULAJ18,2025-04-29,12,0.25,2.25,51.56944339815581,,
AP-AULAJ19,2025-03-02,19,5.669824086603518,4.487144790257104,60.70905767629128,,
AP-AULAJ19,2025-04-09,6,6.049056603773585,3.292452830188679,56.10280637013874,,
AP-AULAJ19,2025-04-15,4,0.0,3.0,59.527906928782734,,
AP-AULAJ19,2025-04-15,20,4.317702227432591,3.3681125439624853,59.58725393844454,,
AP-AULAJ19,2025-04-28,10,0.0,4.0,57.28531732573781,,
AP-AULAJ19,2025-04-28,21,0.0,2.0,52.08304630015788,,
AP-AULAJ19,2025-04-28,23,0.5393258426966292,2.056179775280899,54.5528494512895,,
AP-AULAJ20,2025-03-30,3,5.2841677943166445,4.7618403247631935,59.35705660827021,,
AP-AULAJ20,2025-04-09,6,2.690566037735849,2.973584905660377,54.83491006501307,,
AP-AULAJ20,2025-04-15,4,0.0,2.0,59.68930311734499,,
AP-AULAJ20,2025-04-15,20,2.910902696365768,3.5427901524032825,58.321289320747695,,
AP-AULAJ20,2025-04-28,10,0.0,7.0,54.32975163669778,,
AP-AULAJ20,2025-04-28,21,0.0,3.5,51.297511390144756,,
AP-AULAJ20,2025-04-28,23,0.07865168539325842,2.5280898876404496,52.512388826296274,,
AP-AULAJ21,2025-03-30,3,5.945872801082544,6.3234100135318,60.12723226210645,,
AP-AULAJ21,2025-04-09,6,2.871698113207547,3.086792452830189,54.00040526296572,,
AP-AULAJ21,2025-04-15,4,0.0,2.0,56.58265295132643,,
AP-AULAJ21,2025-04-15,20,3.309133489461358,3.649882903981265,57.836666837215965,,
AP-AULAJ21,2025-04-28,10,0.0,7.0,55.13809673302062,,
AP-AULAJ21,2025-04-28,21,0.0,2.0,49.35280225058834,,
AP-AULAJ21,2025-04-28,23,0.047058823529411764,2.023529411764706,53.37718689161744,,
AP-AULAJ21,2025-04-29,12,1.0,3.0,52.91943978905675,,
AP-AULAJ22,2025-03-24,20,6.894451962110961,6.7577807848443845,60.83057903062116,,
AP-AULAJ22,2025-04-09,6,3.792452830188679,3.4150943396226414,56.24150622749555,,
AP-AULAJ22,2025-04-15,4,0.0,2.0,61.16210554838828,,
AP-AULAJ22,2025-04-15,20,3.7540983606557377,3.946135831381733,56.149622523704714,,
AP-AULAJ22,2025-04-28,10,0.0,6.0,52.72749425981389,,
AP-AULAJ22,2025-04-28,21,0.0,2.25,47.459549625971306,,
AP-AULAJ22,2025-04-28,23,0.24719101123595505,2.2134831460674156,52.69879163958609,,
AP-AULAJ23,2025-03-02,19,2.259259259259259,3.012608353033885,60.892631178796584,,
AP-AULAJ23,2025-04-15,4,0.0,2.0,63.73623100067141,,
AP-AULAJ23,2025-04-15,20,0.032467532467532464,2.0779220779220777,67.53618119709463,,
AP-AULAJ23,2025-04-18,10,1.8757142857142857,3.374285714285714,59.77162491746539,,
AP-AULAJ23,2025-04-28,10,0.0,3.0,57.82308382619495,,
AP-AULAJ23,2025-04-28,21,1.0,2.0,52.477044984268915,,
AP-AULAJ23,2025-04-28,23,0.11235955056179775,1.4943820224719102,57.05181193186299,,
AP-AULAJ24,2025-04-01,14,11.93853427895981,11.55003940110323,69.31999796919143,15.112687155240346,7.218282111899133
AP-AULAJ24,2025-04-15,4,0.0,5.0,69.34917769755316,15.0,1.0
AP-AULAJ24,2025-04-15,20,12.532786885245901,14.730679156908666,69.62693142617978,15.028103044496486,8.756440281030445
AP-AULAJ24,2025-04-28,10,0.0,7.0,69.52099341698423,15.0,1.0
AP-AULAJ24,2025-04-28,21,0.0,4.75,66.48039559594991,15.0,1.0
AP-AULAJ24,2025-04-28,23,0.0,4.01123595505618,65.73950417618302,15.0,1.0
AP-AULAJ25,2025-04-01,14,6.917910447761194,8.158374792703151,66.75011424700085,15.0,4.5240464344941955
AP-AULAJ25,2025-04-14,10,0.047619047619047616,4.333333333333333,66.9664082144124,15.0,1.0
AP-AULAJ25,2025-04-15,4,0.0,5.009345794392523,66.95155313382143,15.0,1.0
AP-AULAJ25,2025-04-15,20,3.23094958968347,8.158264947245017,67.87706297671826,15.0,3.1629542790152403
AP-AULAJ25,2025-04-28,10,0.0,11.0,68.35389089450462,15.0,3.0
AP-AULAJ25,2025-04-28,21,0.0,5.75,66.09126321930572,15.0,1.5
AP-AULAJ25,2025-04-28,23,0.056179775280898875,4.089887640449438,65.3730558215156,15.0,1.0
AP-AULAJ26,2025-04-02,9,6.3120567375886525,8.20094562647754,67.26987063327898,15.445232466509061,4.278171788810087
AP-AULAJ26,2025-04-15,4,0.0,4.0,67.28040854491877,16.0,1.0
AP-AULAJ26,2025-04-15,20,5.614754098360656,9.826697892271662,67.90745558796823,15.585480093676814,4.07728337236534
AP-AULAJ26,2025-04-28,10,0.0,7.0,67.97365958015777,15.0,1.0
AP-AULAJ26,2025-04-28,21,0.0,4.5,65.3199376548607,15.0,1.0
AP-AULAJ26,2025-04-28,23,0.09411764705882353,4.011764705882353,66.02642899505872,15.0,1.0
AP-AULAJ26,2025-04-29,12,0.25,4.5,66.15924654135748,15.0,1.0
AP-AULAJ27,2025-04-01,16,1.401103230890465,5.268715524034673,65.27871179303199,15.0,1.508274231678487
AP-AULAJ27,2025-04-15,4,0.0,4.0,66.4485559566787,15.0,1.0
AP-AULAJ27,2025-04-15,20,0.0,4.089655172413793,66.69791069178325,15.0,1.0
AP-AULAJ27,2025-04-18,1,0.0,4.0,66.53212327851317,15.0,1.0
AP-AULAJ27,2025-04-18,2,0.0,22.0,65.4073071266212,15.0,1.0
AP-AULAJ27,2025-04-18,3,0.0,16.0,65.41566385880465,15.0,1.0
AP-AULAJ27,2025-04-18,4,0.8186968838526912,6.004249291784703,66.81703187580058,15.0,1.5524079320113315
AP-AULAJ27,2025-04-28,10,0.0,6.0,66.86889958550609,15.0,3.0
AP-AULAJ27,2025-04-28,22,0.0,10.666666666666666,65.20409055076436,15.0,1.6666666666666667
AP-AULAJ27,2025-04-28,23,0.0,5.865168539325842,66.01532416644413,15.0,1.0
AP-AULAJ28,2025-04-01,14,6.9468302658486705,7.447852760736196,66.6391484156768,15.0,4.020449897750511
AP-AULAJ28,2025-04-07,4,9.455128205128204,9.156410256410256,67.60183507644857,15.0,5.151282051282052
AP-AULAJ28,2025-04-15,4,0.0,4.0,68.20678897798571,15.0,1.0
AP-AULAJ28,2025-04-15,20,8.425058548009368,11.017564402810304,68.80959584612701,15.0,5.959016393442623
AP-AULAJ28,2025-04-28,10,0.0,16.0,69.23761532290413,15.0,7.0
AP-AULAJ28,2025-04-28,21,0.0,4.25,65.17252457270985,15.0,2.5
AP-AULAJ28,2025-04-28,23,0.023529411764705882,4.035294117647059,65.68476184910888,15.0,1.0
AP-AULAJ28,2025-04-29,12,0.0,4.25,65.85029717323087,15.0,1.0
AP-AULAJ29,2025-04-01,14,7.472813238770685,8.247438928289991,67.04910221112219,15.69818754925138,4.191489361702128
AP-AULAJ29,2025-04-15,4,0.0,5.0,67.03436288273834,16.0,1.0
AP-AULAJ29,2025-04-15,20,11.516998827667058,12.303634232121922,68.15154245676239,15.713950762016413,6.311840562719812
AP-AULAJ29,2025-04-28,10,0.0,23.0,69.26205876454071,16.0,8.0
AP-AULAJ29,2025-04-28,21,0.0,5.75,65.26185836618573,16.0,2.75
AP-AULAJ29,2025-04-28,23,0.0,4.033707865168539,65.77368293205996,16.0,1.0
AP-AULAJ30,2025-04-01,14,6.100078802206462,7.375886524822695,68.57958052911546,15.016548463356974,2.6989755713159966
AP-AULAJ30,2025-04-15,4,0.0,4.0,69.08705377661619,15.0,1.0
AP-AULAJ30,2025-04-15,20,3.652224824355972,9.355971896955504,69.69979366874131,15.137002341920375,3.160421545667447
AP-AULAJ30,2025-04-28,10,0.0,9.0,70.2113149892616,15.0,3.0
AP-AULAJ30,2025-04-28,21,0.0,5.0,66.03765527200119,15.0,1.5
AP-AULAJ30,2025-04-28,23,0.15730337078651685,4.179775280898877,66.82723237747106,15.0,1.0
AP-AULAJ31,2025-04-02,9,9.117415287628054,8.677698975571316,67.89633573514148,15.0,4.4026792750197
AP-AULAJ31,2025-04-15,4,0.0,5.0,68.46466836113079,15.0,1.0
AP-AULAJ31,2025-04-15,20,12.31535756154748,12.443141852286049,69.40765456703815,15.0,5.878077373974208
AP-AULAJ31,2025-04-28,10,0.0,17.0,71.30632437491643,15.0,8.0
AP-AULAJ31,2025-04-28,21,0.0,4.0,65.44462026225514,15.0,2.75
AP-AULAJ31,2025-04-28,23,0.43820224719101125,5.0,66.59502778777768,15.0,1.0449438202247192
AP-AULAJ32,2025-04-01,14,5.64344262295082,8.631967213114754,67.30917484738089,15.0,5.330327868852459
AP-AULAJ32,2025-04-14,11,0.0,3.979591836734694,64.34830064871745,15.0,1.0
AP-AULAJ32,2025-04-15,4,0.0,4.0,64.42255111186321,15.0,1.0
AP-AULAJ32,2025-04-15,20,6.495896834701055,9.169988276670574,66.04802592830706,15.0,4.304806565064478
AP-AULAJ32,2025-04-28,10,0.0,36.0,67.30150084298536,15.0,28.0
AP-AULAJ32,2025-04-28,21,0.0,5.25,65.52417569977186,15.0,7.75
AP-AULAJ32,2025-04-28,23,0.0449438202247191,4.056179775280899,66.17005131485435,15.0,1.0
AP-AULAJ33,2025-04-01,14,5.295508274231678,7.010244286840032,68.43961068247216,15.0,2.6966115051221435
AP-AULAJ33,2025-04-15,4,0.0,4.0,68.64320030982584,15.0,1.0
AP-AULAJ33,2025-04-15,20,5.4203747072599535,9.174473067915692,69.10127180326714,15.0,3.32903981264637
AP-AULAJ33,2025-04-28,10,0.0,8.0,70.4499682444177,15.0,2.0
AP-AULAJ33,2025-04-28,21,0.0,5.0,65.4213470895591,15.0,1.25
AP-AULAJ33,2025-04-28,23,0.2808988764044944,4.51685393258427,66.1168053526231,15.0,1.5280898876404494
AP-AULAJ34,2025-04-01,14,4.1465721040189125,6.094562647754137,66.38163964442984,15.0,2.095350669818755
AP-AULAJ34,2025-04-15,4,0.0,4.0,66.5513437625351,15.0,1.0
AP-AULAJ34,2025-04-15,20,0.0,4.0,67.73415433004078,15.0,1.0
AP-AULAJ34,2025-04-15,21,4.176056338028169,7.070422535211268,67.32154765162191,15.0,2.346244131455399
AP-AULAJ34,2025-04-28,10,0.0,7.0,67.73994854864453,15.0,2.0
AP-AULAJ34,2025-04-28,22,0.0,4.0,65.38312918533003,15.0,1.0
AP-AULAJ34,2025-04-28,23,0.0,4.0,65.56729651944715,15.0,1.0
AP-AULAJ34,2025-04-29,3,0.037037037037037035,4.037037037037037,65.65559468324581,15.0,1.0
AP-AULAJ35,2025-04-01,14,3.904649330181245,6.22301024428684,66.76648489288361,15.0,2.107171000788022
AP-AULAJ35,2025-04-15,4,0.0,5.0,67.08919451074183,15.0,1.0
AP-AULAJ35,2025-04-15,20,3.967174677608441,7.780773739742087,67.92597047934638,15.0,2.6541617819460726
AP-AULAJ35,2025-04-28,10,0.0,8.0,68.78259125551544,15.0,1.0
AP-AULAJ35,2025-04-28,21,0.0,4.0,64.98955375833583,15.0,1.0
AP-AULAJ35,2025-04-28,23,0.14606741573033707,4.056179775280899,65.6882966712225,15.0,1.0337078651685394
AP-B13-01,2025-03-28,10,1.0269482884195194,3.0910415149308084,60.544200942874134,,
AP-B13-01,2025-04-15,19,0.0,2.5,65.27583577854568,,
AP-B13-01,2025-04-15,21,0.8827667057444314,2.71746776084408,60.58832821677496,,
AP-B13-01,2025-04-28,10,0.0,5.0,55.77261071913877,,
AP-B13-01,2025-04-28,22,0.0,1.0,47.30264720732115,,
AP-B13-01,2025-04-28,23,0.03529411764705882,1.1176470588235294,51.29633307279974,,
AP-B13-01,2025-04-29,12,0.0,1.25,52.45165507983556,,
AP-B13-02,2025-03-28,10,0.8649618663077613,2.579632122027815,60.58540776033764,,
AP-B13-02,2025-04-28,10,0.0,7.0,59.74153122042545,,
AP-B13-02,2025-04-28,22,0.0,1.0,46.684784725834504,,
AP-B13-02,2025-04-28,23,0.0,1.0,51.30405358774101,,
AP-B13-02,2025-04-29,12,0.0,1.0,52.45402623643151,,
AP-BIBCIE01,2025-03-31,13,40.736111111111114,6.055555555555555,60.91215788470068,,
AP-BIBCIE01,2025-04-03,9,29.57274247491639,5.270903010033445,56.83050626497597,,
AP-BIBCIE01,2025-04-15,4,0.0,2.0,59.013925393620944,,
AP-BIBCIE01,2025-04-15,20,23.5807962529274,5.306791569086651,56.52109709528154,,
AP-BIBCIE01,2025-04-28,10,0.0,11.0,59.47428602854741,,
AP-BIBCIE01,2025-04-28,21,0.5,2.0,48.13410653029237,,
AP-BIBCIE01,2025-04-28,23,0.30337078651685395,2.5168539325842696,52.98267110431582,,
AP-BIBCIE02,2025-04-02,9,11.15130023640662,4.465721040189125,56.015030319790746,,
AP-BIBCIE02,2025-04-15,4,0.0,2.0,61.45843119911456,,
AP-BIBCIE02,2025-04-15,20,8.216393442622952,4.632786885245902,59.057289357370756,,
AP-BIBCIE02,2025-04-24,21,10.1440329218107,5.329218106995885,58.55119396677456,,
AP-BIBCIE02,2025-04-28,10,0.0,9.0,60.21220356693562,,
AP-BIBCIE02,2025-04-28,21,0.25,3.75,52.25457875798871,,
AP-BIBCIE02,2025-04-28,23,3.932584269662921,2.8876404494382024,54.92518619912963,,
AP-BIBCIE03,2025-04-03,6,13.384927066450567,4.512155591572123,58.02007287516654,,
AP-BIBCIE03,2025-04-15,4,0.0,2.0,63.271670491547816,,
AP-BIBCIE03,2025-04-15,20,11.304819277108434,4.692771084337349,60.46631735663153,,
AP-BIBCIE03,2025-04-28,8,0.0,11.0,59.04657914696937,,
AP-BIBCIE03,2025-04-28,22,2.0,2.0,55.20699424300961,,
AP-BIBCIE03,2025-04-28,23,1.2584269662921348,2.235955056179775,56.77958898167741,,
AP-BIBCIE04,2025-01-30,1,7.549251379038613,4.920409771473602,56.99829303512203,,
AP-BIBCIE04,2025-04-15,4,0.0,2.9813084112149535,60.03424516204581,,
AP-BIBCIE04,2025-04-15,20,6.337236533957846,4.5889929742388755,60.746071844467735,,
AP-BIBCIE04,2025-04-28,10,0.0,7.0,57.99856552634412,,
AP-BIBCIE04,2025-04-28,21,0.0,3.25,50.35270618696966,,
AP-BIBCIE04,2025-04-28,23,0.21176470588235294,2.5764705882352943,53.53856239778431,,
AP-BIBCIE04,2025-04-29,12,4.75,4.0,55.307105864900535,,
AP-BIBCIE06,2025-02-07,23,5.390070921985815,4.531126871552403,60.423123869872846,,
AP-BIBCIE06,2025-04-15,4,0.0,3.0,62.63975233560267,,
AP-BIBCIE06,2025-04-15,20,0.0,3.0,62.63975233560267,,
AP-BIBCIE06,2025-04-15,21,4.757327080890973,4.389214536928487,62.50526603139986,,
AP-BIBCIE06,2025-04-28,10,0.0,10.0,60.47204795747909,,
AP-BIBCIE06,2025-04-28,21,0.0,2.5,47.67268160499499,,
AP-BIBCIE06,2025-04-28,23,2.606741573033708,2.438202247191011,54.7281371631691,,
AP-BIBCIE07,2025-04-02,8,18.6201171875,5.2099609375,57.05962456367228,,
AP-BIBCIE07,2025-04-11,9,0.0,10.0,56.1068247490244,,
AP-BIBCIE07,2025-04-11,10,2.586497890295359,2.932489451476793,55.28103005398377,,
AP-BIBCIE07,2025-04-15,4,0.0,2.0,58.10878626571676,,
AP-BIBCIE07,2025-04-15,20,0.0,2.0,60.80500166706004,,
AP-BIBCIE07,2025-04-15,21,10.44548651817116,4.756154747948417,58.18895425741397,,
AP-BIBCIE07,2025-04-28,10,0.4,12.0,59.7633003893244,,
AP-BIBCIE07,2025-04-28,21,0.0,4.5,50.759070868956485,,
AP-BIBCIE07,2025-04-28,23,0.47191011235955055,2.853932584269663,54.85338527505094,,
AP-BIBCIE08,2025-03-26,16,16.483845547675333,5.073286052009457,65.61867146747039,,
AP-BIBCIE08,2025-04-15,4,0.0,2.9906542056074765,66.74959849107643,,
AP-BIBCIE08,2025-04-15,20,9.2075,4.21,68.17896446730987,,
AP-BIBCIE08,2025-04-23,7,0.0,6.0,64.41160872439544,,
AP-BIBCIE08,2025-04-23,8,23.392609699769054,6.006928406466512,55.474520309073405,,
AP-BIBCIE08,2025-04-28,10,0.1111111111111111,9.0,56.15574809176048,,
AP-BIBCIE08,2025-04-28,21,0.0,2.0,48.23061412544082,,
AP-BIBCIE08,2025-04-28,23,0.8651685393258427,2.808988764044944,53.332457419840345,,
AP-BIBHUM01,2025-04-02,9,8.308835672997523,4.284888521882742,57.42465264620139,,
AP-BIBHUM01,2025-04-14,10,0.0,2.0,58.29042634917288,,
AP-BIBHUM01,2025-04-14,11,0.037037037037037035,2.3333333333333335,57.7709454997187,,
AP-BIBHUM01,2025-04-15,4,0.0,2.0,57.55282389086085,,
AP-BIBHUM01,2025-04-15,20,4.845433255269321,3.8348946135831383,59.4181747077526,,
AP-BIBHUM01,2025-04-28,10,0.0,7.0,58.17478121985257,,
AP-BIBHUM01,2025-04-28,23,0.0,1.8333333333333333,50.1953078752451,,
AP-BIBHUM01,2025-04-29,5,0.22077922077922077,1.87012987012987,52.39086030706462,,
AP-BIBHUM02,2025-02-07,23,8.312964492155244,9.881090008257639,69.8158749593006,15.624277456647398,4.598678777869529
AP-BIBHUM02,2025-04-14,10,0.0,5.0,69.49987634647847,16.0,1.0
AP-BIBHUM02,2025-04-14,11,0.018518518518518517,5.2407407407407405,69.13130214155964,16.0,1.0
AP-BIBHUM02,2025-04-15,4,0.0,5.0,69.18120738066587,16.0,1.0
AP-BIBHUM02,2025-04-15,20,6.2236533957845435,11.56440281030445,69.44872673072693,15.781030444964872,4.807962529274005
AP-BIBHUM02,2025-04-28,10,0.0,33.0,70.09606063644873,15.0,20.0
AP-BIBHUM02,2025-04-28,23,0.047058823529411764,4.011764705882353,65.72772973885704,15.0,1.0
AP-BIBHUM02,2025-04-29,12,1.75,9.0,66.04438309427857,15.0,2.5
AP-BIBHUM03,2025-01-26,7,7.733278282411231,4.336085879438481,58.67776825265339,,
AP-BIBHUM03,2025-04-14,11,0.05172413793103448,2.4310344827586206,58.754626528671736,,
AP-BIBHUM03,2025-04-15,4,0.0,4.0,58.855218127072376,,
AP-BIBHUM03,2025-04-15,20,6.369284876905041,4.294255568581477,59.33038723175477,,
AP-BIBHUM03,2025-04-28,10,0.3333333333333333,16.0,60.39546559669292,,
AP-BIBHUM03,2025-04-28,23,0.25,2.0,50.071220032065604,,
AP-BIBHUM03,2025-04-29,5,0.18181818181818182,2.0,51.238342399877226,,
AP-BIBHUM04,2025-01-26,7,10.308835672997523,5.208092485549133,56.974284512397496,,
AP-BIBHUM04,2025-04-14,11,1.0,2.3448275862068964,59.15746646836837,,
AP-BIBHUM04,2025-04-15,4,0.0,6.0,59.92621469098091,,
AP-BIBHUM04,2025-04-15,20,9.990632318501172,4.725995316159251,60.093076549542346,,
AP-BIBHUM04,2025-04-28,10,0.2857142857142857,9.0,57.71464973407241,,
AP-BIBHUM04,2025-04-28,23,3.3258426966292136,2.1235955056179776,54.475790085336946,,
AP-BIBHUM06,2025-01-29,7,2.46242774566474,2.8901734104046244,56.51986119204839,,
AP-BIBHUM06,2025-04-14,10,0.0,2.0,57.77972809162299,,
AP-BIBHUM06,2025-04-14,11,1.2592592592592593,2.6296296296296298,58.16653901149642,,
AP-BIBHUM06,2025-04-15,4,0.0,2.0186915887850465,56.37283371338184,,
AP-BIBHUM06,2025-04-15,20,0.0,2.0,56.36725275379987,,
AP-BIBHUM06,2025-04-15,21,2.4947245017584994,3.0023446658851114,59.278233978241595,,
AP-BIBHUM06,2025-04-28,10,0.2857142857142857,4.0,61.88081036304099,,
AP-BIBHUM06,2025-04-28,23,0.9550561797752809,2.056179775280899,54.1990207613761,,
AP-BIBHUM07,2025-04-02,9,5.492981007431874,3.124690338563171,58.66555468948837,,
AP-BIBHUM07,2025-04-14,11,0.10344827586206896,2.3275862068965516,60.56643882442774,,
AP-BIBHUM07,2025-04-15,4,0.0,3.9906542056074765,59.829998317359966,,
AP-BIBHUM07,2025-04-15,20,1.0,4.0,59.827519437576335,,
AP-BIBHUM07,2025-04-15,21,5.096244131455399,3.5657276995305165,61.528276605256735,,
AP-BIBHUM07,2025-04-28,10,0.0,4.0,59.71535093046011,,
AP-BIBHUM07,2025-04-28,23,5.280898876404494,2.7865168539325844,58.17189267739227,,
AP-BIBHUM08,2025-04-02,9,4.868703550784476,3.5829892650701898,58.140244073042666,,
AP-BIBHUM08,2025-04-14,11,0.0,2.3793103448275863,63.96375326211589,,
AP-BIBHUM08,2025-04-15,4,0.0,2.0093457943925235,64.90853564695517,,
AP-BIBHUM08,2025-04-15,20,3.641686182669789,3.347775175644028,60.383124198725945,,
AP-BIBHUM08,2025-04-28,10,0.0,6.0,56.64397183069544,,
AP-BIBHUM08,2025-04-28,23,0.9213483146067416,1.9550561797752808,54.46429062807284,,
AP-BIBHUM09,2025-04-02,9,4.127993393889348,3.430222956234517,58.09001505855224,,
AP-BIBHUM09,2025-04-14,11,0.0,2.189655172413793,59.840182891045195,,
AP-BIBHUM09,2025-04-15,4,0.0,2.0186915887850465,58.7861447174515,,
AP-BIBHUM09,2025-04-15,20,0.0,2.0,58.78420337445033,,
AP-BIBHUM09,2025-04-15,21,2.668229777256741,3.4114888628370457,59.235673066993506,,
AP-BIBHUM09,2025-04-28,10,0.0,7.0,57.517638755536815,,
AP-BIBHUM09,2025-04-28,23,0.3707865168539326,1.9887640449438202,54.38495095455166,,
AP-BIBHUM10,2025-04-02,9,7.797687861271676,5.601156069364162,58.236746124546286,,
AP-BIBHUM10,2025-04-14,11,1.1896551724137931,4.068965517241379,60.95129642067848,,
AP-BIBHUM10,2025-04-15,4,0.009345794392523364,5.0,61.35256429352171,,
AP-BIBHUM10,2025-04-15,20,4.902696365767878,5.400937866354044,58.804039336684035,,
AP-BIBHUM10,2025-04-28,10,1.6666666666666667,10.0,56.367768339379055,,
AP-BIBHUM10,2025-04-28,23,1.752808988764045,2.0786516853932584,54.81939404057222,,
AP-BIBHUM11,2025-01-26,7,3.2518579686209743,3.524360033030553,58.36783835854036,,
AP-BIBHUM11,2025-04-14,11,0.017241379310344827,2.3275862068965516,60.72036784976634,,
AP-BIBHUM11,2025-04-15,4,0.0,2.9906542056074765,60.57938522560665,,
AP-BIBHUM11,2025-04-15,20,4.336459554513482,3.601406799531067,60.595471896917665,,
AP-BIBHUM11,2025-04-28,10,0.0,4.0,59.34842585993946,,
AP-BIBHUM11,2025-04-28,23,0.058823529411764705,2.0,50.60394818587339,,
AP-BIBHUM11,2025-04-29,12,0.25,2.25,51.42281032236702,,
AP-BIBHUM12,2025-03-12,13,10.407927332782824,9.599504541701073,71.73977729714794,15.422791081750619,4.985962014863749
AP-BIBHUM12,2025-04-14,11,0.08620689655172414,5.189655172413793,71.1724841724573,16.0,1.0
AP-BIBHUM12,2025-04-15,4,0.0,5.0,71.01133172884076,16.0,1.0
AP-BIBHUM12,2025-04-15,20,0.07947019867549669,4.728476821192053,71.22363531415834,15.814569536423841,1.0
AP-BIBHUM12,2025-04-18,7,8.197724039829303,12.38122332859175,71.53731214574232,15.773826458036984,6.620199146514936
AP-BIBHUM12,2025-04-28,10,0.0,25.0,72.17910017841623,15.0,9.0
AP-BIBHUM12,2025-04-28,23,0.3707865168539326,4.056179775280899,65.78021731417961,15.0,1.0786516853932584
AP-BIBHUM13,2025-01-29,7,10.35177539223782,10.958711808422791,71.19853858463,16.08092485549133,6.555739058629232
AP-BIBHUM13,2025-04-14,10,0.0,5.0,70.75828922545628,17.0,3.0
AP-BIBHUM13,2025-04-14,11,0.0,5.351851851851852,70.35674195714822,16.962962962962962,2.6666666666666665
AP-BIBHUM13,2025-04-15,4,0.0,5.0,70.3644347475111,16.0,1.0
AP-BIBHUM13,2025-04-15,20,0.0,5.0,70.94965839245721,16.0,2.0
AP-BIBHUM13,2025-04-15,21,7.405627198124267,12.371629542790153,70.73360754952243,16.0,8.021101992966003
AP-BIBHUM13,2025-04-28,10,0.0,45.0,71.8742491998429,16.0,24.0
AP-BIBHUM13,2025-04-28,23,0.6470588235294118,4.529411764705882,64.64821264399387,16.0,3.176470588235294
AP-BIBHUM13,2025-04-29,12,1.5,6.25,64.83545529043823,16.0,5.5
AP-BIBHUM14,2025-01-26,7,2.4698596201486374,3.516928158546656,55.40292943710428,,
AP-BIBHUM14,2025-04-14,11,0.1896551724137931,2.413793103448276,58.48138098738075,,
AP-BIBHUM14,2025-04-15,4,0.0,2.0,57.932012623483814,,
AP-BIBHUM14,2025-04-15,20,0.0,2.0,57.92997474203535,,
AP-BIBHUM14,2025-04-15,21,2.3603286384976525,3.279342723004695,60.169933945862454,,
AP-BIBHUM14,2025-04-28,10,0.0,4.0,58.922877992974286,,
AP-BIBHUM14,2025-04-28,23,0.06741573033707865,2.044943820224719,51.78867724762421,,
AP-BIBHUM15,2025-04-02,9,8.578947368421053,10.338815789473685,71.36079946311466,16.0,3.588815789473684
AP-BIBHUM15,2025-04-05,5,6.646085997794929,9.81367144432194,71.52148450614979,15.80374862183021,4.131201764057332
AP-BIBHUM15,2025-04-14,11,0.08620689655172414,4.775862068965517,70.984681137357,16.93103448275862,1.0
AP-BIBHUM15,2025-04-15,4,0.0,5.009345794392523,70.91095331726342,15.0,1.0
AP-BIBHUM15,2025-04-15,20,3.9121779859484778,9.837236533957846,71.26717440872402,16.549180327868854,4.2330210772833725
AP-BIBHUM15,2025-04-28,10,0.0,27.0,71.42682780013203,16.0,9.0
AP-BIBHUM15,2025-04-28,23,0.0449438202247191,4.033707865168539,65.88552996523458,16.0,1.0224719101123596
AP-BIBHUM16,2025-01-29,7,1.8084227910817505,2.922378199834847,57.41154461372471,,
AP-BIBHUM16,2025-04-14,11,0.0,2.1379310344827585,61.90781131807932,,
AP-BIBHUM16,2025-04-15,4,0.0,2.0,61.30770834813255,,
AP-BIBHUM16,2025-04-15,20,1.7939110070257611,3.0046838407494145,60.1379297320274,,
AP-BIBHUM16,2025-04-28,10,0.0,7.0,59.64855395431224,,
AP-BIBHUM16,2025-04-28,23,0.7752808988764045,2.067415730337079,53.022061947163195,,
AP-BIBSOC01,2025-03-24,11,8.495575221238939,4.864306784660767,55.57074237227553,,
AP-BIBSOC01,2025-04-05,14,6.335483870967742,4.287096774193548,55.08656756563601,,
AP-BIBSOC01,2025-04-15,4,0.0,2.9813084112149535,54.45638016434449,,
AP-BIBSOC01,2025-04-15,20,5.738569753810082,4.726846424384525,56.99616870417912,,
AP-BIBSOC01,2025-04-28,10,0.0,8.0,57.14865134269942,,
AP-BIBSOC01,2025-04-28,21,0.0,2.5,45.02775085673137,,
AP-BIBSOC01,2025-04-28,23,0.3146067415730337,2.8764044943820224,51.83694319460893,,
AP-BIBSOC02,2025-03-28,9,19.435990338164252,5.63768115942029,63.56975757498859,,
AP-BIBSOC02,2025-04-09,16,13.170068027210885,5.00907029478458,55.252020361517644,,
AP-BIBSOC02,2025-04-15,4,0.0,2.0093457943925235,56.569517465062624,,
AP-BIBSOC02,2025-04-15,20,16.02028081123245,5.69578783151326,57.61210144702967,,
AP-BIBSOC02,2025-04-25,7,0.034482758620689655,6.0,55.57432151802145,,
AP-BIBSOC02,2025-04-25,11,26.264150943396228,5.7421383647798745,56.0204023284695,,
AP-BIBSOC02,2025-04-28,11,0.0,11.0,57.809288331496326,,
AP-BIBSOC02,2025-04-28,21,0.25,3.75,52.26242353579424,,
AP-BIBSOC02,2025-04-28,23,0.23529411764705882,1.8941176470588235,54.16120742695298,,
AP-BIBSOC02,2025-04-29,12,3.0,3.25,55.450965877973495,,
AP-BIBSOC03,2025-02-09,15,9.017699115044248,5.471976401179941,57.929704623607215,,
AP-BIBSOC03,2025-04-05,14,6.596774193548387,4.467741935483871,55.24989788926163,,
AP-BIBSOC03,2025-04-15,4,0.0,2.9906542056074765,57.885117424695956,,
AP-BIBSOC03,2025-04-15,20,0.0,3.0,57.88754276495942,,
AP-BIBSOC03,2025-04-15,21,4.887456037514654,4.120750293083236,57.29774584621437,,
AP-BIBSOC03,2025-04-28,10,0.0,7.0,56.72976670325416,,
AP-BIBSOC03,2025-04-28,21,0.0,3.25,50.00253227708944,,
AP-BIBSOC03,2025-04-28,23,0.1797752808988764,2.146067415730337,50.91501905265727,,
AP-BIBSOC04,2025-02-10,0,14.397951142631994,8.018912529550827,60.226495921064846,,
AP-BIBSOC04,2025-04-15,4,0.0,2.0,61.623705020886945,,
AP-BIBSOC04,2025-04-15,20,9.395264116575593,6.253187613843352,60.78220223352966,,
AP-BIBSOC04,2025-04-24,9,12.639344262295081,5.79344262295082,54.536425900472565,,
AP-BIBSOC04,2025-04-28,10,0.0,10.0,54.506561685804435,,
AP-BIBSOC04,2025-04-28,21,0.0,2.25,47.01530909641909,,
AP-BIBSOC04,2025-04-28,23,0.651685393258427,2.1123595505617976,51.92227876312912,,
AP-BIBSOC05,2025-03-28,9,19.163120567375888,7.03940110323089,61.34494916426408,,
AP-BIBSOC05,2025-04-15,4,0.0,3.0,62.21605556408499,,
AP-BIBSOC05,2025-04-15,20,1.0,3.0,63.346584360112466,,
AP-BIBSOC05,2025-04-15,21,13.51433389544688,6.824620573355818,63.55483930300736,,
AP-BIBSOC05,2025-04-24,16,15.276515151515152,5.579545454545454,55.27637249694919,,
AP-BIBSOC05,2025-04-28,11,0.0,10.0,57.34040263223624,,
AP-BIBSOC05,2025-04-28,21,0.25,2.0,50.906777186254715,,
AP-BIBSOC05,2025-04-28,23,1.101123595505618,2.6853932584269664,54.414892613500854,,
AP-BIBSOC06,2025-01-21,9,7.828908554572271,4.7492625368731565,59.55959686366943,,
AP-BIBSOC06,2025-04-05,14,7.391397849462366,4.286021505376344,54.15387726453872,,
AP-BIBSOC06,2025-04-15,4,0.0,2.0,58.558606039913194,,
AP-BIBSOC06,2025-04-15,20,0.0,2.0,58.558606039913194,,
AP-BIBSOC06,2025-04-15,21,7.668229777256741,4.3610785463071515,57.029282170372895,,
AP-BIBSOC06,2025-04-28,10,0.0,7.0,55.06683134851981,,
AP-BIBSOC06,2025-04-28,21,0.0,2.0,45.56712140121266,,
AP-BIBSOC06,2025-04-28,23,0.4943820224719101,2.134831460674157,52.19038245970908,,
AP-BIBSOC07,2025-02-10,1,10.739164696611505,5.38849487785658,64.03776900164085,,
AP-BIBSOC07,2025-04-15,4,0.0,2.0,62.58212132530701,,
AP-BIBSOC07,2025-04-15,20,8.511709601873536,5.211943793911007,63.69485116180012,,
AP-BIBSOC07,2025-04-28,10,0.0,8.0,63.50524866119612,,
AP-BIBSOC07,2025-04-28,21,0.0,3.5,50.40120524573955,,
AP-BIBSOC07,2025-04-28,23,0.23595505617977527,2.741573033707865,51.09465673625239,,
AP-BIBSOC08,2025-03-31,8,47.69565217391305,7.224256292906179,61.56265872314509,,
AP-BIBSOC08,2025-04-06,15,38.11418269230769,10.38701923076923,58.550463974571045,,
AP-BIBSOC08,2025-04-15,4,0.0,27.0,58.85019832858613,,
AP-BIBSOC08,2025-04-15,20,24.24125874125874,37.4009324009324,69.55455963062838,,
AP-BIBSOC08,2025-04-28,11,1.0,47.0,71.53875943235172,,
AP-BIBSOC08,2025-04-28,22,1.0,2.3333333333333335,54.05220547460226,,
AP-BIBSOC08,2025-04-28,23,2.7191011235955056,3.3820224719101124,54.690275295471736,,
AP-BIBSOC09,2025-01-21,9,8.14749262536873,5.595870206489676,57.8461283026146,,
AP-BIBSOC09,2025-04-05,14,6.604301075268817,3.6258064516129034,53.26849343411313,,
AP-BIBSOC09,2025-04-15,4,0.0,2.0,56.98745565964018,,
AP-BIBSOC09,2025-04-15,20,4.467576791808874,3.843003412969283,57.078930826948586,,
AP-BIBSOC09,2025-04-24,14,7.022471910112359,3.805243445692884,54.84065631353659,,
AP-BIBSOC09,2025-04-28,10,0.0,6.0,52.58842937165013,,
AP-BIBSOC09,2025-04-28,21,0.0,3.0,48.32372386840423,,
AP-BIBSOC09,2025-04-28,23,0.5294117647058824,2.0823529411764707,50.09871294506661,,
AP-BIBSOC09,2025-04-29,12,4.0,3.5,52.98588230011893,,
AP-BIBSOC10,2025-01-29,7,4.707964601769912,5.436578171091446,60.70011893254716,,
AP-BIBSOC10,2025-04-05,14,4.846236559139785,3.8408602150537634,55.2035568402671,,
AP-BIBSOC10,2025-04-15,4,0.0,2.0,58.091943803463366,,
AP-BIBSOC10,2025-04-15,20,3.9695193434935523,4.457209847596718,57.59840625734485,,
AP-BIBSOC10,2025-04-28,10,0.45454545454545453,9.0,55.3328269614594,,
AP-BIBSOC10,2025-04-28,22,0.0,3.75,48.72850777932708,,
AP-BIBSOC10,2025-04-28,23,2.191011235955056,2.3820224719101124,52.45614747522827,,
AP-CBATEG01,2025-01-21,9,7.390070921985815,6.739952718676123,68.4544375051711,21.0,2.3120567375886525
AP-CBATEG01,2025-04-15,4,0.04672897196261682,4.0,68.36872098232138,21.0,1.0
AP-CBATEG01,2025-04-15,20,7.881118881118881,8.158508158508159,68.52463206878127,21.0,3.155011655011655
AP-CBATEG01,2025-04-28,12,6.333333333333333,6.333333333333333,69.30499800483018,21.0,1.0
AP-CBATEG01,2025-04-28,20,0.0,5.0,68.63467709586844,21.0,1.0
AP-CBATEG01,2025-04-28,21,6.0,4.25,68.7091352531881,21.0,1.0
AP-CBATEG01,2025-04-28,23,10.932584269662922,8.348314606741573,68.59641339295204,21.0,1.8651685393258426
AP-CBATEG02,2025-01-21,9,2.1260835303388497,1.8825847123719464,58.440127029510926,,
AP-CBATEG02,2025-04-15,4,0.0,1.0,60.63129493585313,,
AP-CBATEG02,2025-04-15,20,1.648018648018648,2.1305361305361306,61.706930006968804,,
AP-CBATEG02,2025-04-28,15,3.0,2.0,57.952384812452884,,
AP-CBATEG02,2025-04-28,20,0.0,3.0,56.488128928475675,,
AP-CBATEG02,2025-04-28,21,1.0,2.25,57.01867186014111,,
AP-CBATEG02,2025-04-28,23,2.404494382022472,1.8876404494382022,58.51691988376834,,
AP-CCOM01,2025-02-04,8,0.5059101654846335,3.10795902285264,59.56949944001384,,
AP-CCOM01,2025-04-15,4,0.0,2.0,60.64875838961603,,
AP-CCOM01,2025-04-15,20,0.15123094958968347,3.148886283704572,58.586706813964234,,
AP-CCOM01,2025-04-28,10,0.0,5.0,56.905753247616275,,
AP-CCOM01,2025-04-28,22,0.0,2.0,47.822205898528175,,
AP-CCOM01,2025-04-28,23,0.0,2.0,48.46083220043385,,
AP-CCOM01,2025-04-29,5,0.11538461538461539,2.217948717948718,50.37666886679225,,
AP-CCOM02,2025-03-20,11,2.3585500394011034,3.313632781717888,57.353244755207164,,
AP-CCOM02,2025-04-15,4,0.0,3.0,60.51072761728427,,
AP-CCOM02,2025-04-15,20,1.0281359906213365,3.257913247362251,59.66543872302531,,
AP-CCOM02,2025-04-28,10,0.0,3.0,59.639319959807246,,
AP-CCOM02,2025-04-29,9,0.8461538461538461,2.58974358974359,52.88948296784338,,
AP-CCOM03,2025-04-02,9,1.2404643449419568,2.98424543946932,57.508453889867745,,
AP-CCOM03,2025-04-14,10,0.0,2.142857142857143,49.263301862426054,,
AP-CCOM03,2025-04-15,4,0.0,2.0,51.91634278915502,,
AP-CCOM03,2025-04-15,20,0.6709601873536299,2.61943793911007,56.66949268378696,,
AP-CCOM03,2025-04-28,10,0.0,5.0,57.96488060183731,,
AP-CCOM03,2025-04-28,21,0.0,2.25,47.75014565292612,,
AP-CCOM03,2025-04-28,23,0.0,2.0,48.4587285201319,,
AP-CCOM03,2025-04-29,5,0.05128205128205128,2.0256410256410255,49.54236335718893,,
AP-CCOM05,2025-02-04,8,12.469661150512215,14.239558707643814,71.61546134404571,18.444444444444443,6.356973995271868
AP-CCOM05,2025-04-15,4,0.0,5.0,71.3535399117529,19.0,1.0
AP-CCOM05,2025-04-15,20,11.974208675263775,14.710433763188746,71.56532449228112,18.663540445486518,6.127784290738569
AP-CCOM05,2025-04-28,10,0.45454545454545453,11.0,72.10961525605028,19.0,4.0
AP-CCOM05,2025-04-28,21,0.0,4.0,64.26932912154031,19.0,1.75
AP-CCOM05,2025-04-28,23,0.0,4.0,64.50335174995669,19.0,1.0
AP-CCOM05,2025-04-29,5,4.6891891891891895,6.905405405405405,65.14447898866263,19.0,2.810810810810811
AP-CCOM05,2025-04-29,12,7.25,6.75,65.45807509072277,19.0,2.5
AP-CCOM06,2025-04-02,9,1.6525704809286899,4.191542288557214,58.62722945802453,,
AP-CCOM06,2025-04-14,10,0.0,2.2857142857142856,52.03676814673009,,
AP-CCOM06,2025-04-15,4,0.0,2.0,53.125759056547125,,
AP-CCOM06,2025-04-15,20,1.6776084407971863,3.3048065650644785,56.784809900574764,,
AP-CCOM06,2025-04-28,10,0.0,6.0,53.57140401973432,,
AP-CCOM06,2025-04-28,21,0.0,2.25,51.823053320714855,,
AP-CCOM06,2025-04-28,23,0.0,2.0,52.646925224675535,,
AP-CCOM06,2025-04-29,5,0.46153846153846156,2.1538461538461537,53.52209109590755,,
AP-CCOM07,2025-01-21,9,1.4609929078014185,2.784869976359338,58.10266640686859,,
AP-CCOM07,2025-04-15,4,0.0,2.0,62.62359768887239,,
AP-CCOM07,2025-04-15,20,1.1756440281030445,2.9859484777517564,60.28446730734362,,
AP-CCOM07,2025-04-28,10,0.0,4.0,58.84716210239759,,
AP-CCOM07,2025-04-28,21,0.0,2.0,47.15535413425161,,
AP-CCOM07,2025-04-28,23,0.0,2.0,48.22513309919846,,
AP-CCOM07,2025-04-29,5,0.5256410256410257,2.3333333333333335,48.88945661752769,,
AP-CCOM08,2025-01-21,9,0.592,2.476,58.97194732758627,,
AP-CCOM08,2025-04-09,7,0.3969171483622351,2.3179190751445087,58.528003011373,,
AP-CCOM08,2025-04-15,4,0.0,2.0,59.707101561193134,,
AP-CCOM08,2025-04-15,20,0.570926143024619,2.7631887456037516,59.029374794277864,,
AP-CCOM08,2025-04-28,10,0.0,5.0,59.05379734507798,,
AP-CCOM08,2025-04-28,22,0.0,1.3333333333333333,48.56851244394439,,
AP-CCOM08,2025-04-28,23,0.0,1.2,49.1877482687782,,
AP-CCOM08,2025-04-29,4,0.0,2.0,45.559297211025736,,
AP-CCOM08,2025-04-29,5,0.8076923076923077,2.1923076923076925,52.38440974345402,,
AP-CCOM09,2025-02-05,11,0.4223798266351458,3.2828999211977936,58.55997755183906,,
AP-CCOM09,2025-04-15,4,0.0,5.0,59.80471909751901,,
AP-CCOM09,2025-04-15,20,0.5520361990950227,3.282051282051282,59.41103475093117,,
AP-CCOM09,2025-04-25,8,0.3105263157894737,3.268421052631579,59.542500770815515,,
AP-CCOM09,2025-04-28,10,0.0,4.0,55.10102111723958,,
AP-CCOM09,2025-04-28,21,0.0,2.25,47.33768793094361,,
AP-CCOM09,2025-04-28,23,0.0,2.0,48.333208494788,,
AP-CCOM09,2025-04-29,5,0.05128205128205128,2.2051282051282053,50.26947462211396,,
AP-CCOM10,2025-02-04,8,1.6658786446020488,3.201733648542159,56.77378205420736,,
AP-CCOM10,2025-04-15,4,0.018691588785046728,2.0093457943925235,56.765053998675086,,
AP-CCOM10,2025-04-15,20,1.0,2.0,56.7668136753919,,
AP-CCOM10,2025-04-15,21,1.7288732394366197,3.4507042253521125,57.62683231604291,,
AP-CCOM10,2025-04-28,10,0.0,4.0,55.78424003831374,,
AP-CCOM10,2025-04-28,21,0.0,2.5,49.705116377690494,,
AP-CCOM10,2025-04-28,23,0.0,2.0,48.623356557946515,,
AP-CCOM10,2025-04-29,5,0.08974358974358974,2.3974358974358974,50.39376398066851,,
AP-CCOM11,2025-03-20,11,4.163120567375887,4.332545311268715,56.95746016448398,,
AP-CCOM11,2025-04-15,4,0.0,2.0,61.01686775432274,,
AP-CCOM11,2025-04-15,20,3.4730679156908666,4.124121779859485,58.70900086416061,,
AP-CCOM11,2025-04-28,10,0.0,5.0,56.5292612002374,,
AP-CCOM11,2025-04-29,9,1.7692307692307692,3.2051282051282053,55.275936554594516,,
AP-CCOM12,2025-04-02,9,3.239558707643814,3.289204097714736,57.180275090159846,,
AP-CCOM12,2025-04-15,4,0.0,2.0,59.09104284844896,,
AP-CCOM12,2025-04-15,20,2.933177022274326,3.4900351699882766,59.36568933002138,,
AP-CCOM12,2025-04-28,10,0.0,6.0,56.833936472982174,,
AP-CCOM12,2025-04-29,9,1.8,2.257142857142857,53.524491358458334,,
AP-CCOM12,2025-04-29,12,1.0,2.0,55.8241343676171,,
AP-CCOM13,2025-04-02,9,0.6938775510204082,6.5377551020408164,69.70425355423066,15.0,1.2663265306122449
AP-CCOM13,2025-04-11,5,0.1902654867256637,5.663716814159292,69.42227372601526,15.0,1.0176991150442478
AP-CCOM13,2025-04-14,10,0.0,4.2063492063492065,64.11726260695954,15.0,0.9682539682539683
AP-CCOM13,2025-04-15,4,0.0,3.0,64.05407471649787,15.0,1.0
AP-CCOM13,2025-04-15,20,0.0,4.0,65.81411350218112,15.0,1.0
AP-CCOM13,2025-04-15,21,6.827667057444314,9.368112543962486,66.11425058929657,15.0,4.878077373974208
AP-CCOM13,2025-04-28,10,0.0,5.0,66.7955268240657,15.0,1.0
AP-CCOM13,2025-04-28,21,0.0,4.25,64.65152312542828,15.0,1.0
AP-CCOM13,2025-04-28,23,0.0,4.0,64.09767009083768,15.0,1.0
AP-CCOM13,2025-04-29,5,0.0,4.378378378378378,65.30602118575594,15.0,1.0
AP-CCOM13,2025-04-29,12,0.5,4.25,65.67852470641756,15.0,1.0
AP-CCOM14,2025-01-29,7,1.0771144278606966,6.311774461028192,69.49688854188183,15.0,1.1633499170812605
AP-CCOM14,2025-04-14,10,0.0,4.523809523809524,64.0915093325299,15.0,0.9682539682539683
AP-CCOM14,2025-04-15,4,0.0,4.0,64.1068331171029,15.0,1.0
AP-CCOM14,2025-04-15,20,6.450175849941384,8.902696365767879,66.02548670782636,15.0,4.180539273153576
AP-CCOM14,2025-04-28,10,0.0,6.0,66.86889958550609,15.0,1.0
AP-CCOM14,2025-04-28,21,0.0,4.5,65.68383090491919,15.0,1.0
AP-CCOM14,2025-04-28,23,0.0,4.0,65.4044508216757,15.0,1.0
AP-CCOM14,2025-04-29,5,0.08108108108108109,4.472972972972973,65.38397378404183,15.0,1.027027027027027
AP-CCOM14,2025-04-29,12,0.0,4.25,65.83847370293071,15.0,1.0
AP-CCOM15,2025-01-29,7,2.2498029944838454,3.454688731284476,56.914171902733685,,
AP-CCOM15,2025-04-15,4,0.0,2.0,61.89176297614328,,
AP-CCOM15,2025-04-15,20,2.0140679953106684,3.480656506447831,60.144487840892296,,
AP-CCOM15,2025-04-28,10,0.45454545454545453,5.0,57.72106591016894,,
AP-CCOM15,2025-04-28,21,0.0,1.25,48.93850059406916,,
AP-CCOM15,2025-04-28,23,0.09090909090909091,1.1818181818181819,50.408253941834026,,
AP-CCOM15,2025-04-29,5,0.6282051282051282,2.1025641025641026,54.6243390222253,,
AP-CCOM16,2025-04-02,9,2.520882584712372,2.979511426319937,58.80077741540702,,
AP-CCOM16,2025-04-15,4,0.0,2.0,55.92690047334076,,
AP-CCOM16,2025-04-15,20,0.0,2.0,61.84776634005276,,
AP-CCOM16,2025-04-15,21,1.8604923798358735,2.9894490035169987,59.24391542226166,,
AP-CCOM16,2025-04-28,10,0.0,8.0,57.85769608865322,,
AP-CCOM16,2025-04-28,21,0.0,3.5,50.84744277429726,,
AP-CCOM16,2025-04-28,23,0.0,2.0,48.81308456468016,,
AP-CCOM16,2025-04-29,5,0.07692307692307693,1.9102564102564104,54.11035927729121,,
AP-CCOM17,2025-03-12,11,0.8045705279747833,2.4885736800630416,58.2863385666484,,
AP-CCOM17,2025-04-15,4,0.0,1.0,63.329949564272894,,
AP-CCOM17,2025-04-15,20,1.5515222482435598,2.980093676814988,61.38170285301527,,
AP-CCOM17,2025-04-28,10,0.0,2.0,57.78011120035198,,
AP-CCOM17,2025-04-28,21,0.0,1.5,49.84817705409295,,
AP-CCOM17,2025-04-28,23,0.0,1.2727272727272727,53.37773979052019,,
AP-CCOM17,2025-04-29,5,0.20512820512820512,1.6538461538461537,54.58764587252739,,
AP-CCOM18,2025-04-02,9,7.157545605306799,9.690713101160862,76.0005730486936,15.0,1.6326699834162521
AP-CCOM18,2025-04-14,10,0.1111111111111111,4.5396825396825395,65.21341127615159,15.0,1.0
AP-CCOM18,2025-04-15,4,0.0,4.0,65.19995451951016,15.0,1.0
AP-CCOM18,2025-04-15,20,2.1978922716627634,6.646370023419204,67.05763504249252,15.0,2.0362997658079625
AP-CCOM18,2025-04-28,10,0.0,10.0,68.2179536295377,15.0,5.0
AP-CCOM18,2025-04-28,21,0.0,5.5,66.68349111888287,15.0,2.0
AP-CCOM18,2025-04-28,23,0.0,4.0,66.28961096990132,15.0,1.0
AP-CCOM18,2025-04-29,5,0.10256410256410256,4.6923076923076925,64.62440787731289,15.0,1.0
AP-CCOM19,2025-04-02,9,12.839243498817966,12.040189125295509,72.1633696212184,15.096138691883374,7.24822695035461
AP-CCOM19,2025-04-15,4,0.0,4.0,71.19601551009494,15.0,1.0
AP-CCOM19,2025-04-15,20,8.13817330210773,11.840749414519907,71.58920039384819,15.0,5.409836065573771
AP-CCOM19,2025-04-28,10,0.0,38.0,72.2648415563578,15.0,10.0
AP-CCOM19,2025-04-28,21,0.0,4.0,64.16787888248554,15.0,3.25
AP-CCOM19,2025-04-28,23,0.0,4.0,64.41607731525164,15.0,1.0
AP-CCOM19,2025-04-29,5,0.11538461538461539,4.076923076923077,64.28245243030646,15.0,1.0
AP-CCOM20,2025-03-21,14,3.6061359867330016,3.1359867330016584,56.59746616524026,,
AP-CCOM20,2025-04-14,10,0.15873015873015872,2.0634920634920637,51.15992240264262,,
AP-CCOM20,2025-04-15,4,0.0,2.0,53.31865251136008,,
AP-CCOM20,2025-04-15,20,7.716295427901524,3.474794841735053,56.74375053494438,,
AP-CCOM20,2025-04-28,10,1.0,3.0,56.42706068098542,,
AP-CCOM20,2025-04-28,21,1.0,2.0,48.14066144903608,,
AP-CCOM20,2025-04-28,23,1.0,2.0,48.62860257611553,,
AP-CCOM20,2025-04-29,5,1.0384615384615385,2.1025641025641026,50.2433174214957,,
AP-CCOM21,2025-04-02,9,9.109535066981875,62.50197005516154,77.63758124026579,15.0,10.044129235618596
AP-CCOM21,2025-04-15,4,0.0,56.0,74.37972155368364,15.0,1.0
AP-CCOM21,2025-04-15,20,11.575615474794843,32.33411488862837,73.32836729563665,15.0,7.694021101992966
AP-CCOM21,2025-04-28,10,0.0,20.0,72.70691268886215,15.0,18.0
AP-CCOM21,2025-04-28,21,0.0,8.0,67.68388989169675,15.0,5.25
AP-CCOM21,2025-04-28,23,0.09411764705882353,4.035294117647059,65.97035032957477,15.0,1.0
AP-CCOM21,2025-04-29,12,0.5,4.0,66.2866858910679,15.0,1.0
AP-CCOM23,2025-01-21,9,0.1938534278959811,2.3081166272655635,58.4723113256218,,
AP-CCOM23,2025-04-15,4,0.0,2.0,61.94121264582479,,
AP-CCOM23,2025-04-15,20,0.2661195779601407,2.343493552168816,61.43359222414045,,
AP-CCOM23,2025-04-28,10,0.0,3.0,59.29224851454066,,
AP-CCOM23,2025-04-28,21,0.0,1.0,48.47033814680211,,
AP-CCOM23,2025-04-28,23,0.0,2.0,48.224617188123325,,
AP-CCOM23,2025-04-29,5,0.0,2.0,51.45861239770033,,
AP-CCOM25,2025-04-02,9,2.57919621749409,2.8226950354609928,57.4705491251231,,
AP-CCOM25,2025-04-15,4,0.0,2.0,61.63047766980118,,
AP-CCOM25,2025-04-15,20,1.8571428571428572,2.717798594847775,60.94728162809492,,
AP-CCOM25,2025-04-28,10,0.0,4.0,55.92430745399257,,
AP-CCOM25,2025-04-28,21,0.0,1.75,48.83348225640873,,
AP-CCOM25,2025-04-28,23,0.18181818181818182,1.5454545454545454,50.0189506994986,,
AP-CCOM25,2025-04-29,5,0.20512820512820512,1.9102564102564104,53.11569278977217,,
AP-CCOM26,2025-03-29,13,0.9117415287628053,2.631205673758865,57.82267976234988,,
AP-CCOM26,2025-04-15,4,0.0,2.0,61.34826774702851,,
AP-CCOM26,2025-04-15,20,0.0,2.0,63.77472805725062,,
AP-CCOM26,2025-04-15,21,1.4154929577464788,3.0199530516431925,59.30399808154559,,
AP-CCOM26,2025-04-28,10,0.0,4.0,57.894875537641184,,
AP-CCOM26,2025-04-28,21,0.0,2.0,47.585616565879235,,
AP-CCOM26,2025-04-28,23,0.9294117647058824,2.235294117647059,50.51947462773036,,
AP-CCOM26,2025-04-29,12,1.75,2.0,52.07517377382292,,
AP-CCOM27,2025-01-21,9,2.6359338061465722,5.778565799842395,69.2971726180363,20.0,1.3372734436564224
AP-CCOM27,2025-04-15,4,0.0,5.0,69.6570568932575,20.0,1.0
AP-CCOM27,2025-04-15,20,2.940281030444965,6.743559718969555,69.61991358526723,20.0,1.9566744730679158
AP-CCOM27,2025-04-28,10,0.0,12.0,70.38833734456477,20.0,7.0
AP-CCOM27,2025-04-28,21,0.0,6.0,65.42847071409321,20.0,2.5
AP-CCOM27,2025-04-28,23,0.0,4.0,63.759739688267295,20.0,1.0
AP-CCOM27,2025-04-29,5,0.20512820512820512,4.435897435897436,63.979645352406074,20.0,1.0384615384615385
AP-CCOM28,2025-01-21,9,1.769485903814262,6.458540630182421,72.22294473135892,15.017412935323383,1.407960199004975
AP-CCOM28,2025-04-14,10,0.0,3.984126984126984,65.78068920598645,15.0,1.0
AP-CCOM28,2025-04-15,4,0.0,4.0,65.68976467442171,15.0,1.0
AP-CCOM28,2025-04-15,20,3.3817330210772836,6.98711943793911,67.20403302692968,15.0,2.737704918032787
AP-CCOM28,2025-04-28,10,0.0,5.0,67.64440433212997,15.0,1.0
AP-CCOM28,2025-04-28,21,0.0,4.25,65.41390927148097,15.0,1.0
AP-CCOM28,2025-04-28,23,0.0,4.0,65.5398147483408,15.0,1.0
AP-CCOM28,2025-04-29,5,0.038461538461538464,4.384615384615385,65.4979755782805,15.0,1.0
AP-CCOM29,2025-01-29,7,3.300995024875622,9.041459369817579,71.32128585315279,15.0,2.4195688225538974
AP-CCOM29,2025-04-14,10,0.015873015873015872,4.523809523809524,64.31055986399817,15.0,1.0158730158730158
AP-CCOM29,2025-04-15,4,0.0,4.0,64.27045858612448,15.0,1.0
AP-CCOM29,2025-04-15,20,1.7097242380261248,6.454281567489114,65.81244336388501,15.0,2.330914368650218
AP-CCOM29,2025-04-25,11,5.927272727272728,9.2,66.57824120289335,15.0,3.9696969696969697
AP-CCOM29,2025-04-28,10,0.0,10.0,67.19334971252842,15.0,3.0
AP-CCOM29,2025-04-28,21,0.0,5.5,64.94310044687626,15.0,1.5
AP-CCOM29,2025-04-28,23,0.0,4.0,64.40390634021472,15.0,1.0
AP-CCOM29,2025-04-29,5,0.10810810810810811,3.972972972972973,65.89234102061114,15.0,1.0
AP-CCOM29,2025-04-29,12,2.75,4.5,66.06882653591515,15.0,1.5
AP-CCOM30,2025-04-02,9,2.085406301824212,6.14759535655058,69.30140920822949,16.01741293532338,1.8938640132669984
AP-CCOM30,2025-04-14,10,0.0,4.5396825396825395,69.25019892007144,16.0,1.0
AP-CCOM30,2025-04-15,4,0.0,4.009345794392523,69.27479603886793,16.0,1.0
AP-CCOM30,2025-04-15,20,0.0,5.0,70.56775573167369,16.0,1.0
AP-CCOM30,2025-04-15,21,0.7069167643610785,5.681125439624854,69.41402881406646,15.618991793669402,1.4712778429073856
AP-CCOM30,2025-04-28,10,0.0,5.0,69.23719748629496,15.0,1.0
AP-CCOM30,2025-04-28,21,0.0,4.0,64.90669724838924,15.0,1.0
AP-CCOM30,2025-04-28,23,0.0,4.0,65.09982448963159,15.0,1.0
AP-CCOM30,2025-04-29,5,0.02564102564102564,4.153846153846154,65.189018342237,15.0,1.0
AP-CCOM31,2025-02-17,12,9.455223880597014,4.099502487562189,60.443374960988116,,
AP-CCOM31,2025-04-14,10,0.015873015873015872,1.6825396825396826,49.56215213204548,,
AP-CCOM31,2025-04-15,4,0.0,1.9906542056074767,52.29981404760936,,
AP-CCOM31,2025-04-15,20,8.92379835873388,3.454865181711606,57.13921499579764,,
AP-CCOM31,2025-04-28,10,0.0,9.0,56.70771109792229,,
AP-CCOM31,2025-04-28,21,0.0,2.0,48.845237786636936,,
AP-CCOM31,2025-04-28,23,0.0,2.0,49.69538624598911,,
AP-CCOM31,2025-04-29,5,0.05128205128205128,2.051282051282051,51.22507723942026,,
AP-CCOM32,2025-04-02,9,4.368988391376451,8.426202321724709,71.33931238546694,15.0,2.4353233830845773
AP-CCOM32,2025-04-14,10,0.015873015873015872,3.984126984126984,65.66206351827455,15.0,1.0
AP-CCOM32,2025-04-15,4,0.0,4.0,65.59148819820497,15.0,1.0
AP-CCOM32,2025-04-15,20,3.519906323185012,6.882903981264637,67.1175656716404,15.0,2.4320843091334896
AP-CCOM32,2025-04-28,10,0.0,13.0,67.9429485893836,15.0,6.0
AP-CCOM32,2025-04-28,21,0.0,4.0,65.18710723358737,15.0,2.25
AP-CCOM32,2025-04-28,23,0.0,4.0,65.39881358855934,15.0,1.0
AP-CCOM32,2025-04-29,5,0.13513513513513514,4.027027027027027,65.39759313126304,15.0,1.0
AP-CCOM32,2025-04-29,12,0.0,4.25,65.72569862281054,15.0,1.0
AP-CCOM33,2025-01-29,7,3.3598673300165838,3.228026533996683,62.30656369648844,,
AP-CCOM33,2025-04-14,10,0.0,2.111111111111111,65.7590450328449,,
AP-CCOM33,2025-04-15,4,0.0,2.0,65.63427337951453,,
AP-CCOM33,2025-04-15,20,3.610070257611241,3.2728337236533958,65.27770221880208,,
AP-CCOM33,2025-04-28,10,0.0,3.0,62.55840438866444,,
AP-CCOM33,2025-04-28,21,0.0,2.0,47.47610565179183,,
AP-CCOM33,2025-04-28,23,0.08235294117647059,2.0,50.097018378705094,,
AP-CCOM33,2025-04-29,12,0.25,2.0,54.807938464001815,,
AP-CCOM34,2025-01-21,9,16.434494195688224,12.300995024875622,75.17668962859646,15.0,2.3308457711442787
AP-CCOM34,2025-04-14,10,0.7777777777777778,4.650793650793651,64.47844862398777,15.0,1.2380952380952381
AP-CCOM34,2025-04-15,4,0.0,4.0,64.4027088152122,15.0,1.0
AP-CCOM34,2025-04-15,20,6.838218053927315,8.563892145369286,67.64465760424372,15.0,3.0023446658851114
AP-CCOM34,2025-04-28,10,0.0,12.0,70.65282791817089,15.0,4.0
AP-CCOM34,2025-04-28,22,0.0,4.0,64.11942262118654,15.0,1.0
AP-CCOM34,2025-04-28,23,0.0,4.0,64.11996084301195,15.0,1.0
AP-CCOM34,2025-04-29,5,0.8461538461538461,4.884615384615385,64.47943129651915,15.0,1.2179487179487178
AP-CCOM35,2025-03-20,11,8.12608353033885,7.667454688731285,72.55649003815951,15.0,1.5587076438140268
AP-CCOM35,2025-04-15,4,0.009345794392523364,6.0,73.1051109774034,15.0,1.0
AP-CCOM35,2025-04-15,20,4.649882903981265,6.888758782201405,71.09121021071994,15.0,1.984777517564403
AP-CCOM35,2025-04-28,10,0.0,9.0,71.4684449792753,15.0,3.0
AP-CCOM35,2025-04-29,9,1.9487179487179487,4.435897435897436,64.1699407580006,15.0,1.205128205128205
AP-CCOM36,2025-01-21,9,0.6288416075650118,2.447596532702916,55.73920742608803,,
AP-CCOM36,2025-04-15,4,0.0,2.0,57.01253674979434,,
AP-CCOM36,2025-04-15,20,0.4297423887587822,2.360655737704918,58.16830239417148,,
AP-CCOM36,2025-04-28,10,0.0,3.0,56.44961038916399,,
AP-CCOM36,2025-04-28,21,0.0,1.5,48.46066823185082,,
AP-CCOM36,2025-04-28,23,0.0,1.0,49.262533924489524,,
AP-CCOM36,2025-04-29,5,0.34615384615384615,1.705128205128205,53.616961734384056,,
AP-CCOM37,2025-04-02,9,4.25531914893617,5.433412135539795,69.82173213959719,18.0,1.1000788022064618
AP-CCOM37,2025-04-15,4,0.0,4.990654205607477,69.7486294959219,18.0,1.0
AP-CCOM37,2025-04-15,20,0.8757327080890973,5.237983587338804,69.4640760871293,18.0,1.2157092614302463
AP-CCOM37,2025-04-28,10,0.0,8.0,69.39012568525204,18.0,2.0
AP-CCOM37,2025-04-28,22,0.0,4.75,66.48482450078971,18.0,1.25
AP-CCOM37,2025-04-28,23,0.0,3.909090909090909,65.57542938409364,18.0,1.0
AP-CCOM37,2025-04-29,5,0.3974358974358974,4.448717948717949,65.40612434434472,18.0,1.0
AP-CCOM38,2025-01-29,7,1.4531126871552404,2.4066193853427897,59.15182207144641,,
AP-CCOM38,2025-04-15,4,0.0,2.0,57.74352252650683,,
AP-CCOM38,2025-04-15,20,1.2157092614302463,2.528722157092614,59.98492115591045,,
AP-CCOM38,2025-04-28,10,0.0,4.0,57.69333886346606,,
AP-CCOM38,2025-04-28,21,0.0,1.5,48.77157797258001,,
AP-CCOM38,2025-04-28,23,0.0,1.1818181818181819,50.14640351977255,,
AP-CCOM38,2025-04-29,5,0.0641025641025641,1.5384615384615385,51.56675270886607,,
AP-CCOM39,2025-01-21,9,2.4806934594168637,2.4405043341213553,57.465360760263266,,
AP-CCOM39,2025-04-15,4,0.009345794392523364,1.0,61.487762289841584,,
AP-CCOM39,2025-04-15,20,1.0,1.0,60.677319046647895,,
AP-CCOM39,2025-04-15,21,2.1336459554513483,2.362250879249707,60.43789333011067,,
AP-CCOM39,2025-04-28,10,0.0,2.0,60.3483181598407,,
AP-CCOM39,2025-04-28,21,1.0,1.0,52.338203874568336,,
AP-CCOM39,2025-04-28,23,1.0,1.0,54.0864063101842,,
AP-CCOM39,2025-04-29,5,0.9743589743589743,1.294871794871795,55.30861050538375,,
AP-CCOM40,2025-04-02,9,1.0464933018124507,2.672970843183609,57.394035701505615,,
AP-CCOM40,2025-04-15,4,0.018691588785046728,2.0,59.794636535081594,,
AP-CCOM40,2025-04-15,20,1.276670574443142,2.844079718640094,59.45159145254047,,
AP-CCOM40,2025-04-28,10,0.0,4.0,57.48967181832139,,
AP-CCOM40,2025-04-28,22,1.0,2.0,51.17788031883813,,
AP-CCOM40,2025-04-28,23,1.0,2.0,52.64711596530015,,
AP-CCOM40,2025-04-29,5,1.135135135135135,2.445945945945946,51.715980333878356,,
AP-CCOM40,2025-04-29,12,1.0,2.0,54.07699833809582,,
AP-CCOM41,2025-04-02,9,1.5216706067769898,2.9235618597320725,58.352800091649904,,
AP-CCOM41,2025-04-15,4,0.0,2.9906542056074765,58.59956584749558,,
AP-CCOM41,2025-04-15,20,1.0468384074941453,2.892271662763466,58.08431607923755,,
AP-CCOM41,2025-04-28,10,0.0,4.0,56.79942804373081,,
AP-CCOM41,2025-04-28,22,0.0,1.6666666666666667,51.351254324235356,,
AP-CCOM41,2025-04-28,23,0.0,1.6363636363636365,51.74420192768594,,
AP-CCOM41,2025-04-29,5,0.3717948717948718,2.141025641025641,52.332635027015804,,
AP-CCOM42,2025-02-04,8,0.4562647754137116,2.3861308116627264,58.40781174629015,,
AP-CCOM42,2025-04-15,4,0.0,2.0,58.75635907619828,,
AP-CCOM42,2025-04-15,20,0.5682281059063137,2.327902240325866,60.778274165374754,,
AP-CCOM42,2025-04-23,22,0.6988950276243094,2.6906077348066297,59.39307987555606,,
AP-CCOM42,2025-04-28,10,0.0,3.0,57.415334403077935,,
AP-CCOM42,2025-04-28,22,0.0,2.0,47.60927979569063,,
AP-CCOM42,2025-04-28,23,0.0,2.0,48.492867185988075,,
AP-CCOM42,2025-04-29,5,1.3333333333333333,2.4615384615384617,50.301603242002116,,
AP-CCOM43,2025-02-04,8,0.22458628841607564,2.437352245862884,60.29437076382974,,
AP-CCOM43,2025-04-15,4,0.0,5.0,58.97176195070085,,
AP-CCOM43,2025-04-15,20,0.0,5.0,58.97176195070085,,
AP-CCOM43,2025-04-15,21,0.3481828839390387,2.2626025791324738,59.947449121172866,,
AP-CCOM43,2025-04-28,10,0.0,3.0,57.389304492239866,,
AP-CCOM43,2025-04-28,21,0.0,2.0,48.81419881867886,,
AP-CCOM43,2025-04-28,23,0.0,2.0,51.57209431851773,,
AP-CCOM43,2025-04-29,5,0.0,2.1666666666666665,48.88930527443166,,
AP-CCOM44,2025-04-02,19,6.84160756501182,3.1426319936958236,56.20139028710046,,
AP-CCOM44,2025-04-15,4,0.0,1.9906542056074767,59.44308373159061,,
AP-CCOM44,2025-04-15,20,4.359906213364596,3.4021101992966,58.45760030142219,,
AP-CCOM44,2025-04-28,10,0.0,6.0,58.05255163303139,,
AP-CCOM44,2025-04-29,4,0.0,2.0,47.179195491719696,,
AP-CCOM44,2025-04-29,5,0.41025641025641024,2.1025641025641026,52.87525653320374,,
AP-CCOM45,2025-01-30,1,2.4483845547675336,2.8250591016548463,58.87571165786332,,
AP-CCOM45,2025-04-15,4,0.0,2.0093457943925235,62.264907163864066,,
AP-CCOM45,2025-04-15,20,1.6670574443141852,3.0515826494724503,60.745661902258774,,
AP-CCOM45,2025-04-28,10,0.0,4.0,57.133910607772286,,
AP-CCOM45,2025-04-28,21,0.0,2.75,47.90625261373245,,
AP-CCOM45,2025-04-28,23,0.0,2.0,50.99223406382262,,
AP-CCOM45,2025-04-29,4,0.0,2.0,45.03921816029899,,
AP-CCOM45,2025-04-29,5,0.06756756756756757,2.1621621621621623,48.32166457431304,,
AP-CCOM45,2025-04-29,12,0.0,2.25,51.85335829531367,,
AP-CCOM46,2025-01-21,9,1.483845547675335,2.801418439716312,58.881839157273554,,
AP-CCOM46,2025-04-15,4,0.018691588785046728,2.0,59.904628125307916,,
AP-CCOM46,2025-04-15,20,0.0,2.0,62.347264933076985,,
AP-CCOM46,2025-04-15,21,1.6201641266119577,3.0316529894490034,61.20815509924238,,
AP-CCOM46,2025-04-28,10,0.0,4.0,57.441657911259696,,
AP-CCOM46,2025-04-28,21,0.0,2.5,51.33995321347305,,
AP-CCOM46,2025-04-28,23,0.0,2.0,51.9734872289452,,
AP-CCOM46,2025-04-29,4,0.0,2.0,45.43541703426008,,
AP-CCOM46,2025-04-29,5,0.4230769230769231,2.217948717948718,50.942437649986196,,
AP-CCOM47,2025-03-20,16,0.7442799461641992,2.9753252579632123,60.90464479664079,,
AP-CCOM47,2025-04-28,10,0.0,4.0,59.36177379771172,,
AP-CCOM47,2025-04-28,21,0.0,2.5,50.65787556256115,,
AP-CCOM47,2025-04-28,23,0.0,2.0,48.626777194847804,,
AP-CCOM47,2025-04-29,4,0.0,1.0,46.2219034502987,,
AP-CCOM47,2025-04-29,5,0.0,2.0405405405405403,48.95668442071932,,
AP-CCOM47,2025-04-29,12,0.0,2.0,49.79816525291191,,
AP-CCOM48,2025-02-04,8,0.37746256895193064,3.6107171000788023,59.16339290984967,,
AP-CCOM48,2025-04-15,4,0.0,3.0,60.429120539068435,,
AP-CCOM48,2025-04-15,20,0.37631887456037516,3.5955451348182885,58.66928523288542,,
AP-CCOM48,2025-04-28,10,0.0,5.0,58.78426066173689,,
AP-CCOM48,2025-04-28,21,0.0,2.25,47.11366062610421,,
AP-CCOM48,2025-04-28,23,0.09090909090909091,2.0,49.719124014372234,,
AP-CCOM48,2025-04-29,5,0.16666666666666666,2.576923076923077,51.34297553096942,,
AP-CCOM49,2025-02-04,8,1.0260047281323876,3.5807722616233253,57.419299744748976,,
AP-CCOM49,2025-04-15,4,0.0,2.0,59.24777209742504,,
AP-CCOM49,2025-04-15,20,0.9894613583138173,3.332552693208431,58.54311204676426,,
AP-CCOM49,2025-04-28,10,0.0,5.0,56.980685018457976,,
AP-CCOM49,2025-04-28,21,0.0,2.75,49.881519149994155,,
AP-CCOM49,2025-04-28,23,0.0,2.0,48.36167702125692,,
AP-CCOM49,2025-04-29,5,0.08974358974358974,2.1666666666666665,50.40860753893053,,
AP-CCOM50,2025-02-04,8,2.272655634357762,2.9897557131599686,57.6306362974942,,
AP-CCOM50,2025-04-15,4,0.009345794392523364,2.0,59.07249923486671,,
AP-CCOM50,2025-04-15,20,1.9097303634232121,2.8382180539273154,58.75909077796756,,
AP-CCOM50,2025-04-28,10,0.0,4.0,58.177226670898285,,
AP-CCOM50,2025-04-28,21,0.0,1.25,49.491839390222665,,
AP-CCOM50,2025-04-28,23,0.0,1.0,51.42476606476129,,
AP-CCOM50,2025-04-29,5,0.1282051282051282,1.8461538461538463,51.41317880550484,,
AP-CCOM51,2025-01-21,9,2.144996059889677,2.3861308116627264,58.556303747832885,,
AP-CCOM51,2025-04-15,4,0.0,2.0,60.436072478450825,,
AP-CCOM51,2025-04-15,20,1.6025791324736225,2.746776084407972,60.896872929237524,,
AP-CCOM51,2025-04-28,10,0.0,4.0,58.932026056549425,,
AP-CCOM51,2025-04-28,21,0.0,1.0,47.905794315439834,,
AP-CCOM51,2025-04-28,23,0.0,1.0,51.16141966332991,,
AP-CCOM51,2025-04-29,5,0.717948717948718,1.6025641025641026,53.11961279170466,,
AP-CEDU01,2025-04-01,13,4.095350669818755,7.0638297872340425,66.2268968484137,16.49014972419228,3.6840031520882586
AP-CEDU01,2025-04-15,4,0.0,4.0,66.0765478107978,16.0,1.0
AP-CEDU01,2025-04-15,20,0.0,4.0,67.32484419917435,16.0,1.0
AP-CEDU01,2025-04-15,21,3.072769953051643,8.061032863849766,67.04488167876265,16.0,3.4354460093896715
AP-CEDU01,2025-04-28,10,0.0,11.0,67.39683614119535,16.0,6.0
AP-CEDU01,2025-04-28,23,0.011764705882352941,4.0,65.75902328142574,16.0,1.0
AP-CEDU01,2025-04-29,12,0.0,4.5,65.71771729070564,16.0,1.0
AP-CEDU02,2025-03-14,10,5.126871552403467,2.909377462568952,56.362085693919404,,
AP-CEDU02,2025-04-15,4,0.0,2.0,61.63275641216599,,
AP-CEDU02,2025-04-15,20,3.4601873536299768,2.5936768149882905,55.54818426479474,,
AP-CEDU02,2025-04-28,10,0.0,4.0,54.70443197363868,,
AP-CEDU02,2025-04-28,23,0.23595505617977527,1.8876404494382022,52.58185275896731,,
AP-CEDU04,2025-03-06,21,3.3372734436564224,7.509062253743105,71.02444182319883,15.983451536643026,2.131599684791174
AP-CEDU04,2025-04-15,4,0.0,5.0,70.96360695363686,16.0,1.0
AP-CEDU04,2025-04-15,20,2.578454332552693,7.450819672131147,70.7544414071417,16.142857142857142,2.299765807962529
AP-CEDU04,2025-04-28,10,0.0,13.0,70.80700962695548,16.0,6.0
AP-CEDU04,2025-04-28,23,0.0898876404494382,3.8764044943820224,64.54782008244338,16.0,1.0112359550561798
AP-CEDU05,2025-03-18,7,9.666666666666666,4.53585500394011,57.081779879535915,,
AP-CEDU05,2025-04-15,4,0.0,2.0,59.04262632419563,,
AP-CEDU05,2025-04-15,20,6.4402810304449645,4.451990632318501,58.477144939683306,,
AP-CEDU05,2025-04-28,10,0.0,15.0,55.444422595709874,,
AP-CEDU05,2025-04-28,23,1.0674157303370786,2.1123595505617976,55.073108329383516,,
AP-CEDU07,2025-03-25,17,1.405043341213554,2.5933806146572103,57.843147736194325,,
AP-CEDU07,2025-04-15,4,0.0,2.0,63.52157553787033,,
AP-CEDU07,2025-04-15,20,0.0,2.0,66.44326295781136,,
AP-CEDU07,2025-04-15,21,1.4976525821596245,2.8086854460093895,60.092683283828514,,
AP-CEDU07,2025-04-28,10,0.0,3.0,53.98891376430177,,
AP-CEDU07,2025-04-28,23,0.033707865168539325,1.9775280898876404,50.82689451052108,,
AP-CEDU08,2025-04-02,9,0.9661150512214342,2.469661150512214,54.616074290662446,,
AP-CEDU08,2025-04-15,4,0.0,2.0,56.08624071086647,,
AP-CEDU08,2025-04-15,20,0.5978898007033998,2.676436107854631,56.93807757388199,,
AP-CEDU08,2025-04-28,10,0.0,4.0,55.013210448284475,,
AP-CEDU08,2025-04-28,23,0.11764705882352941,2.011764705882353,53.64401287535136,,
AP-CEDU08,2025-04-29,12,0.0,2.0,56.698406389422935,,
AP-CEDU09,2025-03-25,17,1.6674546887312844,2.24822695035461,58.21763888175845,,
AP-CEDU09,2025-04-15,4,0.0,2.0,55.4426114875915,,
AP-CEDU09,2025-04-15,20,1.6107854630715124,2.545134818288394,57.988635403999524,,
AP-CEDU09,2025-04-28,10,0.0,3.0,57.12237438043799,,
AP-CEDU09,2025-04-28,23,1.7865168539325842,2.0,54.590884307282,,
AP-CEDU10,2025-04-01,13,2.359338061465721,5.531914893617022,67.68970460701361,16.0,2.1379038613081165
AP-CEDU10,2025-04-15,4,0.0,5.0,67.72072806462262,16.0,1.0
AP-CEDU10,2025-04-15,20,3.5580304806565066,6.647127784290738,67.91628418145936,16.0,2.6201641266119577
AP-CEDU10,2025-04-28,10,0.0,9.0,68.15299635855395,16.0,4.0
AP-CEDU10,2025-04-28,23,1.7415730337078652,4.910112359550562,65.84376706410674,16.0,1.6629213483146068
AP-CEDU11,2025-03-14,10,1.57919621749409,2.318360914105595,58.20026523397474,,
AP-CEDU11,2025-04-15,4,0.009345794392523364,2.0,61.378331693399986,,
AP-CEDU11,2025-04-15,20,1.2895662368112544,1.8933177022274326,56.51640642507504,,
AP-CEDU11,2025-04-28,10,0.0,3.0,56.47667147116044,,
AP-CEDU11,2025-04-28,23,1.247191011235955,1.2134831460674158,55.83422870733902,,
AP-CEDU12,2025-04-01,13,1.5003940110323088,4.826635145784082,66.11903879162894,15.0,1.58628841607565
AP-CEDU12,2025-04-15,4,0.0,3.9906542056074765,66.11058081006881,15.0,1.0
AP-CEDU12,2025-04-15,20,0.6143024618991794,5.021101992966003,68.0203551632976,15.0,1.4830011723329426
AP-CEDU12,2025-04-28,10,0.0,5.0,68.79512635379061,15.0,1.0
AP-CEDU12,2025-04-28,23,0.011235955056179775,3.955056179775281,65.87152785406818,18.0,1.0
AP-CEDU13,2025-01-26,7,12.227738376674546,3.8502758077226162,60.87428479407184,,
AP-CEDU13,2025-04-15,4,0.0,2.0,62.867891793481625,,
AP-CEDU13,2025-04-15,20,8.329425556858148,3.5580304806565066,61.635950803818,,
AP-CEDU13,2025-04-28,10,0.0,6.0,57.8083717349111,,
AP-CEDU13,2025-04-28,23,0.011235955056179775,1.9438202247191012,53.18076515049833,,
AP-CEDU14,2025-03-18,7,7.192277383766745,62.026004728132385,74.84806043818541,16.0,7.844759653270292
AP-CEDU14,2025-04-15,4,0.0,55.99065420560748,71.72924336116202,16.0,1.0
AP-CEDU14,2025-04-15,20,4.112412177985949,60.478922716627636,74.26396106439891,16.0,6.752927400468384
AP-CEDU14,2025-04-28,10,0.0,72.0,76.70435552881402,16.0,9.0
AP-CEDU14,2025-04-28,23,0.02247191011235955,4.022471910112359,65.82384991676366,16.0,1.0
AP-CEDU15,2025-04-01,13,3.2939322301024427,5.609141055949567,67.4387371977571,15.595744680851064,2.185185185185185
AP-CEDU15,2025-04-15,4,0.0,4.0,67.55248027811204,17.0,1.0
AP-CEDU15,2025-04-15,20,3.4267291910902697,5.798358733880422,65.58095743670275,17.0,2.5087924970691677
AP-CEDU15,2025-04-28,10,0.0,4.0,66.13601417301777,17.0,1.0
AP-CEDU15,2025-04-28,23,0.011235955056179775,3.966292134831461,65.7099353772844,17.0,1.0112359550561798
AP-CEDU16,2025-04-02,9,1.198581560283688,2.7084318360914104,57.39779233563749,,
AP-CEDU16,2025-04-15,4,0.0,2.0,60.65142519311544,,
AP-CEDU16,2025-04-15,20,1.2790152403282533,2.8944900351699885,60.15963465738835,,
AP-CEDU16,2025-04-28,10,0.0,6.0,56.895595495615225,,
AP-CEDU16,2025-04-28,23,0.6363636363636364,2.0,51.6130622148265,,
AP-CEDU16,2025-04-29,5,0.11538461538461539,2.076923076923077,52.78936742122249,,
AP-CEDU17,2025-03-25,18,3.2710795902285263,2.479117415287628,56.630555023469974,,
AP-CEDU17,2025-04-15,4,0.0,2.0,60.85985491320076,,
AP-CEDU17,2025-04-15,20,3.7517564402810306,2.847775175644028,62.38792790943305,,
AP-CEDU17,2025-04-28,10,0.0,6.0,57.83987974252802,,
AP-CEDU17,2025-04-28,23,0.5454545454545454,1.9090909090909092,49.72876487881031,,
AP-CEDU17,2025-04-29,5,2.076923076923077,2.0,53.53332729943971,,
AP-CEDU18,2025-04-02,9,1.4822695035460993,4.684003152088258,67.3217815251515,18.0,1.350669818754925
AP-CEDU18,2025-04-15,4,0.0,4.0,67.35910680112649,18.0,1.0
AP-CEDU18,2025-04-15,20,1.5749414519906324,5.1896955503512885,68.48377614525126,18.0,1.345433255269321
AP-CEDU18,2025-04-28,10,0.0,6.0,69.02827918170878,18.0,2.0
AP-CEDU18,2025-04-28,23,0.2247191011235955,4.292134831460674,66.00481355109382,18.0,1.0224719101123596
AP-CEDU19,2025-02-11,7,2.9109535066981875,3.2348305752561073,58.15365648496246,,
AP-CEDU19,2025-04-15,4,0.0,2.0,58.40988824396135,,
AP-CEDU19,2025-04-15,20,0.6890343698854338,2.718494271685761,59.62739602364987,,
AP-CEDU19,2025-04-24,21,5.432098765432099,4.308641975308642,59.59635061973198,,
AP-CEDU19,2025-04-28,10,0.0,13.0,56.414572052511815,,
AP-CEDU19,2025-04-28,23,0.7415730337078652,1.752808988764045,54.34452499802198,,
AP-CEDU20,2025-03-25,18,0.5807722616233254,2.3569739952718676,56.819033714688615,,
AP-CEDU20,2025-04-15,4,0.0,2.0,56.9110236779813,,
AP-CEDU20,2025-04-15,20,0.5955451348182884,2.439624853458382,59.948712291570416,,
AP-CEDU20,2025-04-28,10,0.0,4.0,56.63297267167281,,
AP-CEDU20,2025-04-28,23,0.09090909090909091,2.0,50.07977905647631,,
AP-CEDU20,2025-04-29,5,2.0,2.4324324324324325,54.30118231205172,,
AP-CEDU20,2025-04-29,12,1.75,2.75,55.185860008203534,,
AP-CEDU21,2025-04-02,9,4.849487785657998,6.784869976359338,68.59768558345114,15.016548463356974,2.7919621749408985
AP-CEDU21,2025-04-15,4,0.0,5.0,69.36929633503404,15.0,1.0
AP-CEDU21,2025-04-15,20,4.980093676814988,7.639344262295082,69.10963635612629,15.0,2.5081967213114753
AP-CEDU21,2025-04-28,10,0.2857142857142857,15.0,70.43805990105629,15.0,4.0
AP-CEDU21,2025-04-28,23,0.0,4.0,65.6738720453254,15.0,1.0
AP-CEDU21,2025-04-29,5,1.1794871794871795,4.564102564102564,65.9984602185264,15.0,1.2820512820512822
AP-CEDU22,2025-03-26,0,2.906225374310481,2.6012608353033886,54.85705738100298,,
AP-CEDU22,2025-04-15,4,0.0,2.0,57.2816080743186,,
AP-CEDU22,2025-04-15,20,1.8653395784543325,3.028103044496487,58.87062713261986,,
AP-CEDU22,2025-04-28,10,0.0,4.0,58.75393420440563,,
AP-CEDU22,2025-04-28,23,0.0,2.0,48.21373455664953,,
AP-CEDU22,2025-04-29,5,0.6538461538461539,2.1923076923076925,54.44412845854366,,
AP-CEDU23,2025-03-25,18,1.1591804570527975,2.449960598896769,58.829464447381746,,
AP-CEDU23,2025-04-15,4,0.0,2.0,60.24216662477378,,
AP-CEDU23,2025-04-15,20,1.6674473067915692,2.6346604215456675,60.28646710069751,,
AP-CEDU23,2025-04-28,10,0.0,3.0,59.51454108873342,,
AP-CEDU23,2025-04-28,23,0.0,1.9090909090909092,49.298746650516506,,
AP-CEDU23,2025-04-29,5,0.05128205128205128,1.9871794871794872,50.28552924646712,,
AP-CEDU24,2025-04-02,9,1.8660362490149724,2.6824271079590227,56.45408474519228,,
AP-CEDU24,2025-04-15,4,0.0,2.0,56.902316010421714,,
AP-CEDU24,2025-04-15,20,0.0,2.0,56.90231601042171,,
AP-CEDU24,2025-04-15,21,1.600234466588511,2.939038686987104,59.29413922166191,,
AP-CEDU24,2025-04-28,10,0.0,4.0,56.12407896365007,,
AP-CEDU24,2025-04-28,23,0.09090909090909091,2.090909090909091,46.72491902702439,,
AP-CEDU24,2025-04-29,5,0.9102564102564102,2.0384615384615383,50.05637840174111,,
AP-CEDU26,2025-03-25,18,2.1434200157604413,2.6138691883372736,56.326618303592696,,
AP-CEDU26,2025-04-15,4,0.0,2.0,58.50521428882416,,
AP-CEDU26,2025-04-15,20,2.6569086651053864,2.810304449648712,57.78559347712385,,
AP-CEDU26,2025-04-28,10,0.0,4.0,56.97422229644109,,
AP-CEDU26,2025-04-28,23,1.0,2.0,49.46674910480803,,
AP-CEDU26,2025-04-29,5,1.4594594594594594,2.027027027027027,52.851046244295034,,
AP-CEDU26,2025-04-29,12,1.25,2.0,56.01567978096779,,
AP-CEDU27,2025-03-14,10,1.2009456264775413,2.269503546099291,57.61687784879992,,
AP-CEDU27,2025-04-15,4,0.0,2.9813084112149535,58.32194958209085,,
AP-CEDU27,2025-04-15,20,0.5058548009367682,2.200234192037471,55.76474596792623,,
AP-CEDU27,2025-04-28,10,0.0,3.0,57.76203706143718,,
AP-CEDU27,2025-04-28,23,0.10112359550561797,1.8651685393258426,53.30805544954904,,
AP-CEDU28,2025-04-02,9,5.750197005516155,6.3648542159180455,66.28975872662954,17.109535066981877,3.2324665090622537
AP-CEDU28,2025-04-15,4,0.0,4.0,66.4063544591523,17.0,1.0
AP-CEDU28,2025-04-15,20,6.304806565064478,10.011723329425557,67.23106402052113,16.856975381008205,5.266119577960141
AP-CEDU28,2025-04-28,10,0.0,8.0,67.4165985070698,17.0,2.0
AP-CEDU28,2025-04-28,23,0.11235955056179775,4.258426966292135,65.45397913109187,17.0,1.6067415730337078
AP-CEDU29,2025-04-01,13,7.542159180457053,8.15130023640662,68.08316461266388,17.188337273443658,4.398739164696612
AP-CEDU29,2025-04-15,4,0.0,4.0,68.24358202968311,17.0,1.0
AP-CEDU29,2025-04-15,20,4.330597889800703,27.75615474794842,70.37361107818444,16.856975381008205,6.010550996483001
AP-CEDU29,2025-04-28,10,0.0,65.0,75.9244210612632,17.0,9.0
AP-CEDU29,2025-04-28,23,0.07865168539325842,4.044943820224719,65.64029277588203,17.0,1.0
AP-CEDU30,2025-01-26,7,5.558707643814027,9.423955870764381,70.37959295234613,17.0,3.325453112687155
AP-CEDU30,2025-04-15,4,0.0,5.0,70.25170477336542,17.0,1.0
AP-CEDU30,2025-04-15,20,2.389929742388759,7.543325526932084,70.20689819958878,17.0,2.2248243559718968
AP-CEDU30,2025-04-28,10,0.0,12.0,70.55171145875117,17.0,2.0
AP-CEDU30,2025-04-28,23,2.235955056179775,4.662921348314606,66.20501263409973,17.0,1.404494382022472
AP-CEDU31,2025-01-29,11,1.8455476753349094,7.141843971631205,70.72234876894946,17.0,1.6643026004728132
AP-CEDU31,2025-04-15,4,0.0,5.0,70.43450828987832,17.0,1.0
AP-CEDU31,2025-04-15,20,1.4882903981264637,6.770491803278689,70.4232353018805,17.0,1.6978922716627636
AP-CEDU31,2025-04-28,10,0.0,10.0,70.80742746356465,17.0,1.0
AP-CEDU31,2025-04-28,23,0.011235955056179775,4.067415730337078,64.48678421097097,17.0,1.1685393258426966
AP-CEDU32,2025-04-02,9,2.1048069345941687,4.69424743892829,58.06578388456821,,
AP-CEDU32,2025-04-15,4,0.0,2.0,56.46884101517655,,
AP-CEDU32,2025-04-15,20,1.1604215456674474,4.352459016393443,59.85331199859973,,
AP-CEDU32,2025-04-28,10,0.0,6.0,60.89722703753693,,
AP-CEDU32,2025-04-28,23,0.20224719101123595,2.0112359550561796,54.18763125225399,,
AP-CEDU33,2025-03-18,7,6.511426319936958,11.056737588652481,71.99595507831454,17.735224586288417,2.698187549251379
AP-CEDU33,2025-04-15,4,0.0,6.0,72.21915809725762,18.0,1.0
AP-CEDU33,2025-04-15,20,1.0,5.0,72.16790346302982,18.0,1.0
AP-CEDU33,2025-04-15,21,5.584994138335287,12.451348182883939,71.36842260471882,17.59202813599062,4.7327080890973034
AP-CEDU33,2025-04-28,10,0.0,13.0,71.09113852119266,18.0,1.0
AP-CEDU33,2025-04-28,23,0.25842696629213485,4.067415730337078,65.78968304458242,18.0,1.0898876404494382
AP-CEDU34,2025-03-18,7,7.5878644602048855,11.268715524034674,71.75531965878163,17.0,3.9148936170212765
AP-CEDU34,2025-04-15,4,0.0,5.0,71.64172352344158,17.0,1.0
AP-CEDU34,2025-04-15,20,6.853629976580796,11.24824355971897,72.2218105397127,17.0,3.743559718969555
AP-CEDU34,2025-04-28,10,0.0,12.0,72.20188859535868,17.0,1.0
AP-CEDU34,2025-04-28,23,0.0898876404494382,4.056179775280899,64.2561212373696,17.0,1.0337078651685394
AP-CEDU35,2025-04-02,9,10.85823754789272,10.471264367816092,71.67994135625169,21.0,2.5555555555555554
AP-CEDU35,2025-04-04,19,9.537698412698413,12.322420634920634,72.71456454360083,21.0,3.9583333333333335
AP-CEDU35,2025-04-15,4,0.0,6.0,73.81108563467096,21.0,1.0
AP-CEDU35,2025-04-15,20,7.331381733021077,12.467213114754099,72.52835596170851,21.0,3.927400468384075
AP-CEDU35,2025-04-28,10,0.2857142857142857,29.0,73.13728439630967,21.0,7.0
AP-CEDU35,2025-04-28,23,0.20224719101123595,4.224719101123595,64.59572659749969,21.0,1.1123595505617978
AP-CEDU36,2025-01-29,7,2.7060677698975573,8.142631993695824,71.6750841525174,15.096138691883374,1.8613081166272656
AP-CEDU36,2025-04-15,4,0.0,5.0,71.18306257521058,15.0,1.0
AP-CEDU36,2025-04-15,20,2.5444964871194378,8.795081967213115,71.42959823818656,15.17096018735363,1.9121779859484778
AP-CEDU36,2025-04-28,10,0.2857142857142857,20.0,71.22693541917369,15.0,3.0
AP-CEDU36,2025-04-28,23,0.0,4.0,65.45573116928946,15.0,1.0
AP-CEDU37,2025-03-14,10,1.0141843971631206,1.7163120567375887,59.31102837278502,,
AP-CEDU37,2025-04-15,4,0.0,1.0,61.72651779801419,,
AP-CEDU37,2025-04-15,20,0.6920374707259953,1.5456674473067915,56.056110507771486,,
AP-CEDU37,2025-04-28,10,0.0,2.0,55.559179772088264,,
AP-CEDU37,2025-04-28,23,0.5617977528089888,1.4382022471910112,54.454233893190185,,
AP-CEDU38,2025-03-25,17,5.060677698975572,3.1883372734436564,61.43156253908707,,
AP-CEDU38,2025-04-15,4,0.0,2.0,63.17160750417624,,
AP-CEDU38,2025-04-15,20,4.1465416178194605,2.892145369284877,64.12615557355694,,
AP-CEDU38,2025-04-28,10,0.0,3.0,63.84523080474889,,
AP-CEDU38,2025-04-29,5,0.0273972602739726,1.8904109589041096,49.80489877752383,,
AP-CEDU38,2025-04-29,12,0.0,2.0,50.89784036954883,,
AP-CEDU39,2025-03-25,17,2.364854215918046,2.7959022852639874,59.73453372113693,,
AP-CEDU39,2025-04-15,4,0.0,2.0,61.66403527063658,,
AP-CEDU39,2025-04-15,20,0.0,2.0,64.49708135596715,,
AP-CEDU39,2025-04-15,21,2.4970691676436108,2.6963657678780772,62.942195293039596,,
AP-CEDU39,2025-04-28,10,0.0,2.0,60.67783463222708,,
AP-CEDU39,2025-04-29,5,0.12987012987012986,1.0129870129870129,52.997613301902604,,
AP-CEDU40,2025-04-02,9,2.8163908589440503,3.6256895193065404,59.3677535024684,,
AP-CEDU40,2025-04-15,4,0.0,2.0,62.8880748206335,,
AP-CEDU40,2025-04-15,20,2.3161592505854802,3.180327868852459,61.65051183185321,,
AP-CEDU40,2025-04-28,10,0.0,5.0,57.40896477290174,,
AP-CEDU40,2025-04-28,23,1.4545454545454546,2.1818181818181817,56.29166217916256,,
AP-CEDU40,2025-04-29,5,0.16666666666666666,1.9871794871794872,55.87180636413867,,
AP-CEDU41,2025-03-25,17,1.218274111675127,2.451776649746193,53.89789337155735,,
AP-CEDU41,2025-04-06,4,1.262857142857143,2.7474285714285713,55.279461926705665,,
AP-CEDU41,2025-04-15,4,0.0,2.0,57.11863280453349,,
AP-CEDU41,2025-04-15,20,0.016129032258064516,2.2903225806451615,57.31038074461202,,
AP-CEDU41,2025-04-17,4,0.8095890410958904,3.0671232876712327,57.99674704246928,,
AP-CEDU41,2025-04-28,10,0.0,6.0,55.02764684450168,,
AP-CEDU41,2025-04-28,23,0.20224719101123595,2.0224719101123596,53.778196359924614,,
AP-CEDU42,2025-01-26,7,8.96375098502758,3.8045705279747835,59.2566557772383,,
AP-CEDU42,2025-04-15,4,0.0,2.0,62.85492338398292,,
AP-CEDU42,2025-04-15,20,0.0,2.0,65.70008573042436,,
AP-CEDU42,2025-04-15,21,4.274325908558031,3.3141852286049236,62.67723000756372,,
AP-CEDU42,2025-04-28,10,0.0,4.0,57.43348373155636,,
AP-CEDU42,2025-04-28,23,0.02247191011235955,2.0112359550561796,51.07565936282943,,
AP-CEDU43,2025-03-18,7,7.251379038613081,3.557131599684791,58.47668987836917,,
AP-CEDU43,2025-04-15,4,0.0,2.0,60.932591195631495,,
AP-CEDU43,2025-04-15,20,5.39344262295082,3.488290398126464,60.12103701342855,,
AP-CEDU43,2025-04-28,10,0.0,6.0,58.03573423396586,,
AP-CEDU43,2025-04-28,23,0.0898876404494382,1.0,53.52635497113197,,
AP-CEDU44,2025-03-25,18,7.386130811662727,2.69424743892829,59.567625741707175,,
AP-CEDU44,2025-04-15,4,0.009345794392523364,5.0,57.51723774453078,,
AP-CEDU44,2025-04-15,20,4.0,16.0,61.05197790085632,,
AP-CEDU44,2025-04-15,21,4.504694835680751,2.6056338028169015,59.96722908507329,,
AP-CEDU44,2025-04-28,10,0.0,4.0,63.173487243267026,,
AP-CEDU44,2025-04-28,23,10.272727272727273,2.3636363636363638,61.088974746618334,,
AP-CEDU44,2025-04-29,5,7.513513513513513,2.2162162162162162,59.698831725268874,,
AP-CEDU44,2025-04-29,12,8.25,2.5,58.395911041150605,,
AP-CEDU45,2025-03-25,18,3.2671394799054374,2.2001576044129236,56.66066325077429,,
AP-CEDU45,2025-04-15,4,0.0,2.0,57.369168011008334,,
AP-CEDU45,2025-04-15,20,2.1463700234192036,2.642857142857143,60.36122269971675,,
AP-CEDU45,2025-04-28,10,0.0,9.0,56.67339601326315,,
AP-CEDU45,2025-04-28,23,0.0,1.8181818181818181,53.612977989495384,,
AP-CEDU45,2025-04-29,5,1.1153846153846154,2.0641025641025643,54.049067526757426,,
AP-CEDU46,2025-04-02,9,0.987391646966115,1.9976359338061467,59.19218009864566,,
AP-CEDU46,2025-04-15,4,0.0,1.9906542056074767,60.40350937420247,,
AP-CEDU46,2025-04-15,20,0.0,2.0,60.39741336443652,,
AP-CEDU46,2025-04-15,21,0.6060961313012896,2.1535756154747947,60.56707044856182,,
AP-CEDU46,2025-04-28,10,0.0,2.0,57.331741510597,,
AP-CEDU46,2025-04-28,23,1.0,3.909090909090909,52.68086794197193,,
AP-CEDU46,2025-04-29,5,1.0,2.0128205128205128,54.18155126245609,,
AP-CEDU47,2025-03-25,18,2.269503546099291,2.6335697399527187,56.493385575921316,,
AP-CEDU47,2025-04-15,4,0.0,2.0,56.52066810725096,,
AP-CEDU47,2025-04-15,20,0.0,2.0,56.52066810725096,,
AP-CEDU47,2025-04-15,21,1.9448356807511737,2.960093896713615,57.497717778218345,,
AP-CEDU47,2025-04-28,10,0.0,4.0,60.37250413614209,,
AP-CEDU47,2025-04-28,23,0.8181818181818182,2.0,51.75537164658453,,
AP-CEDU47,2025-04-29,5,1.972972972972973,2.054054054054054,54.03621332212443,,
AP-CEDU47,2025-04-29,12,1.25,2.0,57.573104485422675,,
AP-CEDU48,2025-03-25,17,1.7383766745468874,2.6808510638297873,59.7698605708297,,
AP-CEDU48,2025-04-15,4,0.009345794392523364,2.0,62.13249131524736,,
AP-CEDU48,2025-04-15,20,1.70926143024619,2.892145369284877,60.70857069281788,,
AP-CEDU48,2025-04-28,10,0.0,5.0,56.38627213294316,,
AP-CEDU48,2025-04-28,23,0.033707865168539325,21.0,46.988631465105236,,
AP-CEDU49,2025-03-25,17,3.475177304964539,2.6966115051221435,58.130442369533235,,
AP-CEDU49,2025-04-15,4,0.028037383177570093,4.0,59.08908631360894,,
AP-CEDU49,2025-04-15,20,3.7552693208430914,3.0269320843091334,60.861619169497864,,
AP-CEDU49,2025-04-28,10,0.0,6.0,60.3825186699267,,
AP-CEDU49,2025-04-28,23,1.0449438202247192,2.0224719101123596,55.31623770579427,,
AP-CEDU50,2025-04-02,9,3.359338061465721,8.443656422379826,70.39126508703784,15.0,2.3081166272655635
AP-CEDU50,2025-04-15,4,0.0,5.0,70.24735992549974,15.0,1.0
AP-CEDU50,2025-04-15,20,0.0,5.0,71.31852650964368,15.0,1.0
AP-CEDU50,2025-04-15,21,2.992966002344666,8.670574443141852,70.33235396089133,15.314185228604924,2.6283704572098476
AP-CEDU50,2025-04-28,10,0.0,15.0,70.44089988425925,15.0,5.0
AP-CEDU50,2025-04-28,23,0.21176470588235294,4.1647058823529415,65.65581080303035,15.0,1.0941176470588236
AP-CEDU50,2025-04-29,12,0.5,5.25,65.72686807566394,15.0,1.25
AP-CEDU51,2025-03-18,7,2.285263987391647,7.867612293144208,70.16077200346764,15.235618597320725,2.102442868400315
AP-CEDU51,2025-04-15,4,0.0,5.0,69.9980779515978,16.0,1.0
AP-CEDU51,2025-04-15,20,2.2728337236533958,8.203747072599532,70.16061846049622,16.0,2.421545667447307
AP-CEDU51,2025-04-28,10,0.0,12.0,70.33694344163659,16.0,5.0
AP-CEDU51,2025-04-28,23,0.056179775280898875,4.022471910112359,65.65307035289871,16.0,1.0337078651685394
AP-CEDU52,2025-04-01,13,2.813238770685579,5.681639085894405,65.94614114774356,15.616233254531126,2.50354609929078
AP-CEDU52,2025-04-15,4,0.0,4.0,65.92375708057325,15.0,1.0
AP-CEDU52,2025-04-15,20,1.395784543325527,6.110070257611241,66.85730607212196,15.0,2.1147540983606556
AP-CEDU52,2025-04-28,10,0.0,5.0,67.41091854066386,15.0,1.0
AP-CEDU52,2025-04-28,23,0.0,4.314606741573034,65.62473056287473,15.0,1.0
AP-CEDU53,2025-04-01,13,9.644602048857369,8.509062253743105,66.96154528176909,19.595744680851062,5.149724192277384
AP-CEDU53,2025-04-15,4,0.0,4.0,66.84132236930071,21.0,1.0
AP-CEDU53,2025-04-15,20,0.0,4.0,68.03583236186321,21.0,1.0
AP-CEDU53,2025-04-15,21,9.165492957746478,9.23943661971831,67.85916852551237,21.0,4.373239436619718
AP-CEDU53,2025-04-28,10,0.0,53.0,69.23201696521093,21.0,31.0
AP-CEDU53,2025-04-28,23,0.011764705882352941,4.047058823529412,65.78918417186996,21.0,1.0
AP-CEDU53,2025-04-29,12,0.0,4.0,65.81210756002223,21.0,1.0
AP-CEDU54,2025-03-18,7,5.752561071710008,7.6351457840819545,71.80372637027993,15.47438928289992,2.8778565799842397
AP-CEDU54,2025-04-15,4,0.0,5.0,71.55259024333556,15.0,1.0
AP-CEDU54,2025-04-15,20,3.1053864168618266,7.859484777517564,71.50542272030083,15.370023419203747,3.069086651053864
AP-CEDU54,2025-04-28,10,0.0,23.0,72.24186054285332,15.0,12.0
AP-CEDU54,2025-04-28,23,0.033707865168539325,4.134831460674158,65.77569079981767,15.0,1.0337078651685394
AP-CEDU55,2025-04-01,13,8.55713159968479,7.89204097714736,66.5555963340338,15.36012608353034,4.446808510638298
AP-CEDU55,2025-04-15,4,0.009345794392523364,4.0,66.65901521680877,16.0,1.0
AP-CEDU55,2025-04-15,20,7.48711943793911,8.33255269320843,67.64919968684687,16.0,4.0023419203747075
AP-CEDU55,2025-04-28,10,0.07142857142857142,30.0,69.11978539911753,16.0,23.0
AP-CEDU55,2025-04-28,23,0.15730337078651685,3.966292134831461,65.48634111197214,16.0,1.0
AP-CEDU56,2025-03-25,17,4.304176516942475,6.591016548463357,69.1500989445281,15.0,2.5429472025216704
AP-CEDU56,2025-04-15,4,0.0,5.0,68.98565984757322,15.0,1.0
AP-CEDU56,2025-04-15,20,0.0,5.0,68.98565984757322,15.0,1.0
AP-CEDU56,2025-04-15,21,3.6131301289566236,6.98358733880422,69.00572188293694,15.0,2.2813599062133645
AP-CEDU56,2025-04-28,10,0.0,6.0,68.83574137794157,15.0,1.0
AP-CEDU56,2025-04-29,5,0.0,4.181818181818182,64.03398985842719,15.0,1.0
AP-CEDU57,2025-04-02,9,1.561859732072498,4.317572892040977,59.037338572778005,,
AP-CEDU57,2025-04-15,4,0.0,3.0,62.60752154446353,,
AP-CEDU57,2025-04-15,20,1.5257611241217799,4.642857142857143,61.135854898700806,,
AP-CEDU57,2025-04-28,10,0.0,5.0,57.1639577895815,,
AP-CEDU57,2025-04-28,23,0.0,1.6629213483146068,52.08561676541922,,
AP-CEDU58,2025-03-18,7,8.513790386130811,8.649330181245075,69.14959841109003,15.0,3.6288416075650116
AP-CEDU58,2025-04-15,4,0.0,5.0,68.98357066452733,15.0,1.0
AP-CEDU58,2025-04-15,20,7.7763466042154565,11.501170960187354,69.0632968763981,15.0,5.778688524590164
AP-CEDU58,2025-04-28,10,0.0,11.0,69.57035363079122,15.0,4.0
AP-CEDU58,2025-04-28,23,0.0,3.9529411764705884,64.21929234270172,15.0,1.011764705882353
AP-CEDU58,2025-04-29,12,0.0,4.0,64.22767032195355,15.0,1.0
AP-CEDU59,2025-03-18,7,4.706067769897557,3.185973207249803,58.11732689050082,,
AP-CEDU59,2025-04-15,4,0.0,1.9906542056074767,63.29180586852677,,
AP-CEDU59,2025-04-15,20,3.7751756440281032,3.110070257611241,60.89076774504291,,
AP-CEDU59,2025-04-28,10,0.0,8.0,58.074700330203925,,
AP-CEDU59,2025-04-28,23,0.16853932584269662,20.0,47.68236891935039,,
AP-CEDU60,2025-04-02,9,2.85263987391647,3.4885736800630416,56.25798458485523,,
AP-CEDU60,2025-04-15,4,0.0,2.0,60.06846976491589,,
AP-CEDU60,2025-04-15,20,2.3454332552693207,3.4098360655737703,59.65687099167094,,
AP-CEDU60,2025-04-28,10,0.0,3.0,59.2955496944296,,
AP-CEDU60,2025-04-28,23,0.056179775280898875,2.0,51.023534449278515,,
AP-CEDU61,2025-03-14,16,1.1166272655634357,4.679275019700552,68.69861637886927,16.69345941686367,1.0756501182033098
AP-CEDU61,2025-04-15,4,0.0,4.0,69.24739204668906,17.0,1.0
AP-CEDU61,2025-04-15,20,0.5608899297423887,4.569086651053865,64.95301053879214,17.137002341920375,1.2096018735362997
AP-CEDU61,2025-04-28,10,0.0,5.0,65.17498997192138,17.0,1.0
AP-CEDU61,2025-04-28,23,0.07865168539325842,4.089887640449438,65.89380761949235,17.0,1.0337078651685394
AP-CEDU62,2025-03-25,18,7.07565011820331,9.588652482269504,74.32899098489364,15.016548463356974,1.7714736012608352
AP-CEDU62,2025-04-15,4,0.0,7.0,74.03208149485225,15.0,1.0
AP-CEDU62,2025-04-15,20,0.0,4.0,72.62627022329188,15.0,1.0
AP-CEDU62,2025-04-15,21,2.8546307151230947,7.153575615474795,71.68118172204467,15.0,1.8182883939038688
AP-CEDU62,2025-04-28,10,0.0,16.0,72.43114052680839,15.0,5.0
AP-CEDU62,2025-04-28,23,0.0,4.0,65.42326148158025,15.0,1.0
AP-CEDU62,2025-04-29,5,0.10256410256410256,4.089743589743589,65.67145506918571,15.0,1.0
AP-CEDU63,2025-03-25,18,5.591804570527975,8.60441292356186,72.04812921327019,15.0,1.6879432624113475
AP-CEDU63,2025-04-15,4,0.0,7.0,72.59576815082231,15.0,1.0
AP-CEDU63,2025-04-15,20,3.037470725995316,6.865339578454333,70.47108034195224,15.0,1.693208430913349
AP-CEDU63,2025-04-28,10,0.0,19.0,71.00548201631234,15.0,3.0
AP-CEDU63,2025-04-28,23,0.0,4.0,63.83787513418253,15.0,1.0
AP-CEDU63,2025-04-29,5,0.14102564102564102,4.064102564102564,64.21250869957248,15.0,1.0
AP-CEDU65,2025-03-14,10,2.2923561859732073,5.553191489361702,67.16712669676812,18.0,1.9038613081166273
AP-CEDU65,2025-04-15,4,0.009345794392523364,5.0,67.20400454606231,18.0,1.0
AP-CEDU65,2025-04-15,20,0.0,4.0,66.09255916566386,18.0,1.0
AP-CEDU65,2025-04-15,21,1.1887456037514654,5.219226260257913,66.37787991831652,18.0,1.8417350527549825
AP-CEDU65,2025-04-28,10,0.0,7.0,66.7037137578971,18.0,3.0
AP-CEDU65,2025-04-28,23,0.5056179775280899,4.47191011235955,65.62026662130557,18.0,1.0449438202247192
AP-CEDU66,2025-04-02,9,2.161544523246651,5.62568951930654,70.44902465219778,15.0,1.6351457840819543
AP-CEDU66,2025-04-15,4,0.0,5.0,70.42785219174436,15.0,1.0
AP-CEDU66,2025-04-15,20,2.190866510538642,6.343091334894614,70.61872391615826,15.0,1.9039812646370022
AP-CEDU66,2025-04-28,10,0.0,9.0,70.8778329322102,15.0,6.0
AP-CEDU66,2025-04-28,23,0.0,4.0,65.70690398788958,15.0,1.0
AP-CEDU66,2025-04-29,5,0.038461538461538464,4.076923076923077,65.34488236232123,15.0,1.0769230769230769
AP-CEDU67,2025-04-02,9,4.691883372734437,6.17966903073286,66.22573148628545,15.0,2.5768321513002364
AP-CEDU67,2025-04-15,4,0.0,4.0,66.38523220229844,15.0,1.0
AP-CEDU67,2025-04-15,20,4.608440797186401,7.332942555685815,67.44409215518795,15.0,3.141852286049238
AP-CEDU67,2025-04-28,10,0.0,10.0,67.81502203565817,15.0,1.0
AP-CEDU67,2025-04-28,23,0.25842696629213485,4.044943820224719,65.57378013452883,15.0,1.0112359550561798
AP-CEDU68,2025-03-14,16,1.8563685636856369,2.3712737127371275,54.508765509477136,,
AP-CEDU68,2025-04-05,22,1.8133333333333332,2.442222222222222,55.264391747938234,,
AP-CEDU68,2025-04-15,4,0.0,2.0,59.26704210844713,,
AP-CEDU68,2025-04-15,20,2.214689265536723,2.1129943502824857,54.00215216441273,,
AP-CEDU68,2025-04-22,17,1.256,2.114,55.4134588029936,,
AP-CEDU68,2025-04-28,10,0.0,2.0,55.703636826101,,
AP-CEDU68,2025-04-28,23,0.1411764705882353,1.6235294117647059,53.478344613761706,,
AP-CEDU68,2025-04-29,12,5.75,2.25,54.49841614974438,,
AP-CEDU70,2025-04-02,9,0.2364066193853428,2.2758077226162334,57.86133987495639,,
AP-CEDU70,2025-04-15,4,0.0,2.0,59.73001289536821,,
AP-CEDU70,2025-04-15,20,0.49063231850117095,2.358313817330211,59.499707580600976,,
AP-CEDU70,2025-04-28,10,0.0,2.0,61.454822100060255,,
AP-CEDU70,2025-04-28,23,0.0,1.8876404494382022,49.87298209716938,,
AP-CEDU71,2025-04-01,13,2.858156028368794,5.403467297084318,67.58146346388287,15.0,1.9968479117415288
AP-CEDU71,2025-04-15,4,0.0,4.0,67.62146368061687,15.0,1.0
AP-CEDU71,2025-04-15,20,2.771662763466042,6.433255269320843,68.73885984499401,15.0,2.4168618266978923
AP-CEDU71,2025-04-28,10,0.0,9.0,69.11602486963497,15.0,3.0
AP-CEDU71,2025-04-28,23,0.033707865168539325,4.022471910112359,65.5457770125382,15.0,1.0112359550561798
AP-CEDU72,2025-04-01,13,8.494877856579985,7.739164696611505,66.73073159493038,15.0,4.244286840031521
AP-CEDU72,2025-04-15,4,0.0,4.0,66.69635518416715,15.0,1.0
AP-CEDU72,2025-04-15,20,6.389929742388759,9.179156908665105,67.04808134174988,15.0,4.4496487119437935
AP-CEDU72,2025-04-28,10,0.0,32.0,67.48437291081694,15.0,12.0
AP-CEDU72,2025-04-28,23,3.3820224719101124,6.044943820224719,66.31114313282951,15.0,2.6179775280898876
AP-CEDU73,2025-04-02,9,6.371868978805395,6.903660886319845,66.58598312942826,15.040462427745664,4.092485549132948
AP-CEDU73,2025-04-07,7,9.992,8.877333333333333,66.90992146064536,15.0,4.637333333333333
AP-CEDU73,2025-04-15,4,0.009345794392523364,4.0,66.8060600834986,15.0,1.0
AP-CEDU73,2025-04-15,20,7.391100702576113,9.179156908665105,67.21960387758024,15.0,3.8688524590163933
AP-CEDU73,2025-04-28,10,0.0,25.0,68.31578289000869,15.0,5.0
AP-CEDU73,2025-04-28,23,2.460674157303371,5.280898876404494,66.38051743412689,15.0,1.9325842696629214
AP-CEDU74,2025-04-01,13,14.00315208825847,10.749408983451536,70.58327430815015,18.983451536643027,5.4649330181245075
AP-CEDU74,2025-04-15,4,0.0,5.0,71.593795962027,19.0,1.0
AP-CEDU74,2025-04-15,20,12.715456674473067,12.216627634660421,71.13091810147061,19.0,5.107728337236534
AP-CEDU74,2025-04-28,10,0.2857142857142857,78.0,83.29505884706343,19.0,57.0
AP-CEDU74,2025-04-28,23,0.8539325842696629,4.449438202247191,66.30546808128537,19.0,1.2808988764044944
AP-CEDU75,2025-04-02,9,1.6453900709219857,4.472813238770685,67.17078110534177,18.27659574468085,1.2734436564223799
AP-CEDU75,2025-04-15,4,0.0,4.0,67.12127289744618,18.0,1.0
AP-CEDU75,2025-04-15,20,1.9976553341148886,5.167643610785463,66.81147714268548,18.0,1.577960140679953
AP-CEDU75,2025-04-28,10,0.0,7.0,67.453201646903,18.0,3.0
AP-CEDU75,2025-04-28,23,0.07058823529411765,4.0,65.75880107530251,18.0,1.0
AP-CEDU75,2025-04-29,12,6.0,5.0,66.21206125197428,18.0,1.5
AP-CEDU76,2025-04-02,9,3.0015760441292354,6.024428684003152,67.81180459190135,15.983451536643026,2.801418439716312
AP-CEDU76,2025-04-15,4,0.0,4.0,67.98591720880967,16.0,1.0
AP-CEDU76,2025-04-15,20,2.3840749414519906,7.111241217798595,68.75671493306992,15.927400468384075,3.142857142857143
AP-CEDU76,2025-04-28,10,0.0,10.0,69.50774669073405,15.0,5.0
AP-CEDU76,2025-04-28,23,1.3146067415730338,7.123595505617978,65.91012320012186,15.0,3.730337078651685
AP-CEDU77,2025-04-02,9,1.2631993695823482,1.9235618597320725,56.60294481416549,,
AP-CEDU77,2025-04-15,4,0.0,2.0,55.65687711576137,,
AP-CEDU77,2025-04-15,20,1.2283372365339578,2.4859484777517564,56.345397297602524,,
AP-CEDU77,2025-04-28,10,0.0,3.0,59.24225103518127,,
AP-CEDU77,2025-04-28,23,0.8651685393258427,1.9662921348314606,54.13106496479999,,
AP-CIEN01,2025-04-02,9,2.9235618597320725,3.334121355397951,55.80573639287495,,
AP-CIEN01,2025-04-15,4,0.0,2.0,56.957082656388565,,
AP-CIEN01,2025-04-15,20,2.1557377049180326,3.3243559718969555,58.984372377547004,,
AP-CIEN01,2025-04-28,10,0.0,4.0,56.74573195393185,,
AP-CIEN01,2025-04-28,21,0.0,2.5,48.87175016384164,,
AP-CIEN01,2025-04-28,23,0.29213483146067415,2.0224719101123596,52.423903382300615,,
AP-CIEN02,2025-01-30,1,3.7525610717100077,2.991331757289204,58.814756396454186,,
AP-CIEN02,2025-04-15,4,0.0,2.0,60.874272737896916,,
AP-CIEN02,2025-04-15,20,0.09219858156028368,2.099290780141844,61.3382694903497,,
AP-CIEN02,2025-04-17,21,2.11781206171108,2.9565217391304346,59.72603477338777,,
AP-CIEN02,2025-04-28,10,0.0,3.0,58.67997989789114,,
AP-CIEN02,2025-04-28,22,0.0,2.0,49.3613076224172,,
AP-CIEN02,2025-04-28,23,3.011764705882353,2.623529411764706,53.617539619887395,,
AP-CIEN02,2025-04-29,12,3.75,3.0,55.58666782339246,,
AP-CIEN03,2025-04-02,9,1.4948778565799843,3.3853427895981087,57.58101989539972,,
AP-CIEN03,2025-04-15,4,0.0,2.0,60.57869182189612,,
AP-CIEN03,2025-04-15,20,1.3559718969555035,3.265807962529274,59.71329272201812,,
AP-CIEN03,2025-04-28,10,0.0,4.0,56.77691414010637,,
AP-CIEN03,2025-04-28,21,1.0,2.75,53.22613354353948,,
AP-CIEN03,2025-04-28,23,0.8941176470588236,2.4235294117647057,57.14345677586613,,
AP-CIEN03,2025-04-29,12,1.5,2.75,57.57587665302465,,
AP-CIEN04,2025-04-02,9,1.9479905437352245,3.5027580772261624,58.42470670213925,,
AP-CIEN04,2025-04-15,4,0.0,2.0093457943925235,60.02695736256101,,
AP-CIEN04,2025-04-15,20,1.8185011709601873,3.3360655737704916,60.41047008624524,,
AP-CIEN04,2025-04-28,10,0.0,5.0,58.015064264878085,,
AP-CIEN04,2025-04-28,21,0.0,2.0,50.40607466509852,,
AP-CIEN04,2025-04-28,23,0.9325842696629213,2.4719101123595504,53.0449184480717,,
AP-CIEN05,2025-03-04,11,0.5003940110323088,2.442868400315209,57.05227025133254,,
AP-CIEN05,2025-04-15,4,0.0,1.0,60.880431924296666,,
AP-CIEN05,2025-04-15,20,0.990632318501171,2.639344262295082,60.72582854491891,,
AP-CIEN05,2025-04-28,10,0.0,5.0,60.15686404810299,,
AP-CIEN05,2025-04-28,21,0.0,2.0,49.340053143983575,,
AP-CIEN05,2025-04-28,23,2.9454545454545453,2.4,51.448266416401076,,
AP-CIEN05,2025-04-29,9,6.264705882352941,3.0,53.48208187205822,,
AP-CIEN06,2025-03-04,11,1.814026792750197,2.7509850275807723,58.0771259011166,,
AP-CIEN06,2025-04-15,4,0.0,2.0,60.10059719131892,,
AP-CIEN06,2025-04-15,20,2.2166276346604215,2.9262295081967213,59.95112758358216,,
AP-CIEN06,2025-04-28,10,0.0,4.0,56.44351287359904,,
AP-CIEN06,2025-04-28,22,0.0,1.0,49.68187176279091,,
AP-CIEN06,2025-04-28,23,2.7865168539325844,1.9438202247191012,54.096307915161674,,
AP-CIEN07,2025-04-02,13,1.1442080378250592,5.5224586288416075,66.41961853352409,16.238770685579198,1.5807722616233255
AP-CIEN07,2025-04-15,4,0.0,6.0,67.82323840085573,17.0,1.0
AP-CIEN07,2025-04-15,20,1.0737704918032787,7.003512880562061,68.13328613051752,16.30913348946136,1.5936768149882905
AP-CIEN07,2025-04-28,10,0.0,11.0,68.09817488969114,16.0,3.0
AP-CIEN07,2025-04-28,21,0.0,4.0,65.11741257682971,16.0,1.5
AP-CIEN07,2025-04-28,23,1.0449438202247192,4.786516853932584,65.50592401203473,16.0,1.1348314606741574
AP-CIEN08,2025-04-02,13,28.881889763779526,15.700787401574804,67.18232766549076,20.503937007874015,15.15748031496063
AP-CIEN08,2025-04-03,19,18.819614711033275,46.6199649737303,74.35149820442561,17.471103327495623,18.451838879159368
AP-CIEN08,2025-04-15,4,0.009345794392523364,72.00934579439253,73.9900850106154,17.0,38.0
AP-CIEN08,2025-04-15,20,18.447552447552447,67.47086247086247,80.75915022134457,17.353146853146853,15.166666666666666
AP-CIEN08,2025-04-28,12,8.0,69.33333333333333,82.70390383002963,17.0,15.0
AP-CIEN08,2025-04-28,20,0.0,71.0,82.54111512234256,17.0,9.0
AP-CIEN08,2025-04-28,21,3.5,69.5,78.65130682969607,17.0,9.75
AP-CIEN08,2025-04-28,23,12.50561797752809,69.47191011235955,84.28450601488416,17.0,17.921348314606742
AP-CIEN09,2025-04-02,13,10.570527974783294,9.883372734436564,67.8032838654341,15.157604412923561,4.41371158392435
AP-CIEN09,2025-04-15,4,0.0,5.0,68.65264407006283,15.0,1.0
AP-CIEN09,2025-04-15,20,11.953161592505856,14.851288056206089,69.17920911393065,16.0,6.272833723653396
AP-CIEN09,2025-04-28,10,0.4,73.0,71.29696548774066,17.0,56.0
AP-CIEN09,2025-04-28,21,0.0,5.25,65.62608621196642,17.0,14.75
AP-CIEN09,2025-04-28,23,1.8764044943820224,6.359550561797753,66.43163214356237,17.0,2.168539325842697
AP-CIEN10,2025-04-02,13,13.35933806146572,11.19070133963751,68.5865004026106,15.049645390070921,6.108747044917258
AP-CIEN10,2025-04-15,4,0.0,4.0,69.23636181307661,15.0,1.0
AP-CIEN10,2025-04-15,20,15.430913348946136,14.462529274004684,69.51544863053734,15.585480093676814,6.023419203747072
AP-CIEN10,2025-04-28,10,0.4,22.0,70.980411819762,16.0,6.0
AP-CIEN10,2025-04-28,21,0.25,5.0,66.62325327975624,16.0,2.25
AP-CIEN10,2025-04-28,23,2.606741573033708,6.202247191011236,67.35533647859842,16.0,2.3707865168539324
AP-CIEN100,2025-04-02,14,7.092986603624902,6.608353033884949,67.03880603148183,15.049645390070921,2.868400315208826
AP-CIEN100,2025-04-15,4,0.0,5.0,68.25309571409565,15.0,1.0
AP-CIEN100,2025-04-15,20,7.791569086651054,9.850117096018735,68.66187651533657,15.0,5.086651053864169
AP-CIEN100,2025-04-28,10,0.0,16.0,69.25641797031689,15.0,10.0
AP-CIEN100,2025-04-28,21,0.0,4.0,64.93084853083425,15.0,3.25
AP-CIEN100,2025-04-28,23,0.3146067415730337,4.51685393258427,65.59440392162897,15.0,1.101123595505618
AP-CIEN101,2025-04-02,14,12.068493150684931,6.8931506849315065,66.80618015063325,15.086301369863014,3.345205479452055
AP-CIEN101,2025-04-09,2,6.788497217068645,7.391465677179963,67.30623763675544,15.0,3.7198515769944343
AP-CIEN101,2025-04-15,4,0.0,4.990654205607477,66.88431658488003,15.0,1.0
AP-CIEN101,2025-04-15,20,11.930832356389214,11.7010550996483,67.39916821013944,15.105509964830011,5.542790152403282
AP-CIEN101,2025-04-28,10,0.0,13.0,68.01694810573773,16.0,5.0
AP-CIEN101,2025-04-28,21,0.0,5.5,65.15819245058037,16.0,2.0
AP-CIEN101,2025-04-28,23,1.5617977528089888,4.573033707865169,65.78344278393125,16.0,1.303370786516854
AP-CIEN103,2025-04-03,8,4.0754560530679935,5.752072968490879,66.27342846876435,16.16252072968491,2.459369817578773
AP-CIEN103,2025-04-15,4,0.0,4.0,66.73212664732084,16.0,1.0
AP-CIEN103,2025-04-15,20,3.7857142857142856,6.853629976580796,67.12010313306537,16.0,2.717798594847775
AP-CIEN103,2025-04-28,10,0.0,6.0,67.3537989704506,16.0,1.0
AP-CIEN103,2025-04-29,4,0.2875,4.8375,65.44160122953646,16.0,1.5875
AP-CIEN104,2025-03-20,13,2.8116627265563436,2.954294720252167,54.669846075069586,,
AP-CIEN104,2025-04-15,4,0.0,3.0,53.27534332270845,,
AP-CIEN104,2025-04-15,20,0.0,2.0,61.84478740115078,,
AP-CIEN104,2025-04-15,21,2.4830011723329424,3.1371629542790154,58.74804488833521,,
AP-CIEN104,2025-04-28,10,0.0,5.0,58.282176979905906,,
AP-CIEN104,2025-04-28,22,0.0,2.0,48.345795585785424,,
AP-CIEN104,2025-04-28,23,1.3707865168539326,2.550561797752809,53.71059784452272,,
AP-CIEN105,2025-03-20,13,1.764381402679275,2.9613869188337274,56.23978945250514,,
AP-CIEN105,2025-04-15,4,0.0,2.0,59.24194666300913,,
AP-CIEN105,2025-04-15,20,0.9519906323185011,3.2423887587822016,59.46408736963366,,
AP-CIEN105,2025-04-28,10,0.0,3.0,57.87995936039889,,
AP-CIEN105,2025-04-28,22,0.5,2.0,52.022171397259825,,
AP-CIEN105,2025-04-28,23,0.22058823529411764,2.0441176470588234,55.521027702918644,,
AP-CIEN105,2025-04-29,10,1.1904761904761905,2.1904761904761907,56.25625079315612,,
AP-CIEN106,2025-02-23,1,2.552403467297084,3.020488573680063,61.23990607942129,,
AP-CIEN106,2025-04-15,4,0.0,3.0,62.74887387516412,,
AP-CIEN106,2025-04-15,20,2.886416861826698,3.091334894613583,62.37319337531804,,
AP-CIEN106,2025-04-28,10,0.0,4.0,61.16678162315507,,
AP-CIEN106,2025-04-28,22,2.0,2.0,50.611454659786084,,
AP-CIEN106,2025-04-28,23,2.247191011235955,2.359550561797753,54.316957703998156,,
AP-CIEN107,2025-04-02,9,1.1615445232466508,20.06776989755713,57.80281833853098,,
AP-CIEN107,2025-04-15,4,0.0,21.0,57.19264797878996,,
AP-CIEN107,2025-04-15,20,0.765807962529274,20.085480093676814,59.610245366365454,,
AP-CIEN107,2025-04-28,10,0.0,21.0,59.24223313290422,,
AP-CIEN107,2025-04-28,21,0.0,2.25,48.04576953439185,,
AP-CIEN107,2025-04-28,23,2.541176470588235,2.9058823529411764,54.38648424754632,,
AP-CIEN107,2025-04-29,12,2.5,3.0,58.29318240472551,,
AP-CIEN108,2025-04-02,9,5.073286052009457,6.0,67.69691208787629,17.124507486209612,1.8999211977935382
AP-CIEN108,2025-04-15,4,0.0,4.0,68.02547131969514,17.0,1.0
AP-CIEN108,2025-04-15,20,7.353629976580796,8.1615925058548,68.51856486538699,17.307962529274004,2.600702576112412
AP-CIEN108,2025-04-28,10,0.0,12.0,69.65169140259393,17.0,4.0
AP-CIEN108,2025-04-28,21,0.0,4.0,65.11055989322186,17.0,1.75
AP-CIEN108,2025-04-28,23,0.6588235294117647,4.6,65.86841978004098,17.0,1.0
AP-CIEN108,2025-04-29,12,0.75,5.0,66.0857481024995,17.0,1.0
AP-CIEN109,2025-04-02,9,5.513790386130812,6.789598108747045,67.04042810143306,17.591016548463358,2.285263987391647
AP-CIEN109,2025-04-15,4,0.0,5.0,68.51628896848676,17.0,1.0
AP-CIEN109,2025-04-15,20,5.9192037470726,8.117096018735364,68.88261278211262,17.370023419203747,2.462529274004684
AP-CIEN109,2025-04-28,10,0.0,13.0,69.85141730177831,17.0,4.0
AP-CIEN109,2025-04-28,21,0.25,6.25,66.59663659809968,17.0,1.75
AP-CIEN109,2025-04-28,23,0.8876404494382022,5.224719101123595,66.00742385620279,17.0,1.5617977528089888
AP-CIEN11,2025-01-21,9,8.684791174152876,5.840031520882585,58.93036122942764,,
AP-CIEN11,2025-04-15,4,0.0,3.0,59.917918775793595,,
AP-CIEN11,2025-04-15,20,8.028103044496486,5.789227166276347,60.69172727717488,,
AP-CIEN11,2025-04-28,10,0.17391304347826086,11.0,58.20640380204263,,
AP-CIEN11,2025-04-29,4,7.644736842105263,3.8421052631578947,53.984114022489536,,
AP-CIEN11,2025-04-29,12,15.0,5.75,53.71023349295481,,
AP-CIEN110,2025-02-10,8,3.6824271079590227,3.6122931442080377,58.51756350807646,,
AP-CIEN110,2025-04-15,4,0.0,3.0,59.69701899875572,,
AP-CIEN110,2025-04-15,20,2.9355971896955504,3.9121779859484778,59.68670427271364,,
AP-CIEN110,2025-04-28,10,0.0,6.0,60.62571394280896,,
AP-CIEN110,2025-04-28,21,0.0,3.0,54.32318508147398,,
AP-CIEN110,2025-04-28,23,0.3411764705882353,2.211764705882353,53.38010310936521,,
AP-CIEN110,2025-04-29,12,3.5,3.25,54.50518142024349,,
AP-CIEN111,2025-04-02,13,1.5918045705279749,4.385342789598108,66.41446605908449,15.049645390070921,1.408983451536643
AP-CIEN111,2025-04-15,4,0.0,4.0,67.76680834036821,15.0,1.0
AP-CIEN111,2025-04-15,20,1.2646370023419204,4.614754098360656,67.9564832892731,15.0,1.1826697892271663
AP-CIEN111,2025-04-28,10,0.0,5.0,68.05367529081427,15.0,1.0
AP-CIEN111,2025-04-28,21,0.0,4.0,65.19550558621432,15.0,1.0
AP-CIEN111,2025-04-28,23,0.15730337078651685,4.022471910112359,65.65829466760205,15.0,1.0112359550561798
AP-CIEN112,2025-04-02,13,4.835380835380835,4.820638820638821,65.6215146462742,15.0,1.9656019656019657
AP-CIEN112,2025-04-06,7,0.857308584686775,4.199535962877031,66.84800672499782,15.0,1.1334106728538282
AP-CIEN112,2025-04-15,4,0.009345794392523364,4.0,67.76808396844498,15.0,1.0
AP-CIEN112,2025-04-15,20,2.0550996483001174,5.415005861664713,68.1315032565306,15.0,1.839390386869871
AP-CIEN112,2025-04-28,10,0.0,75.0,72.24924123483252,15.0,69.0
AP-CIEN112,2025-04-28,22,0.0,3.3333333333333335,65.42524689791138,15.0,1.0
AP-CIEN112,2025-04-28,23,0.0449438202247191,3.9887640449438204,65.48614778184863,15.0,1.0112359550561798
AP-CIEN113,2025-03-03,10,3.6343577620173364,6.642237982663515,68.7296866100393,17.34830575256107,1.5642237982663514
AP-CIEN113,2025-04-15,4,0.0,5.0,69.38594731916032,17.0,1.0
AP-CIEN113,2025-04-15,20,4.510538641686183,7.555035128805621,69.60687814722338,17.6135831381733,1.9004683840749415
AP-CIEN113,2025-04-28,10,0.0,9.0,69.61450394437757,18.0,2.0
AP-CIEN113,2025-04-29,6,0.3698630136986301,5.164383561643835,65.67311524494612,18.0,1.082191780821918
AP-CIEN114,2025-03-03,10,2.557919621749409,3.3089046493301812,58.125687022524346,,
AP-CIEN114,2025-04-15,4,0.0,2.0,61.36194150624317,,
AP-CIEN114,2025-04-15,20,2.574443141852286,3.459554513481829,59.75956832072529,,
AP-CIEN114,2025-04-28,10,0.0,4.0,58.99123962813677,,
AP-CIEN114,2025-04-29,6,0.6081081081081081,2.108108108108108,51.781433961863634,,
AP-CIEN115,2025-03-21,5,2.9398496240601504,5.466165413533835,69.1527249581645,15.842105263157896,1.6842105263157894
AP-CIEN115,2025-04-03,20,0.0,5.5,63.53982883845601,16.0,1.0
AP-CIEN115,2025-04-03,21,0.0,15.0,62.85006329354136,16.0,1.0
AP-CIEN115,2025-04-03,22,0.0,4.8,63.936195827483616,16.0,1.0
AP-CIEN115,2025-04-03,23,0.0,7.333333333333333,63.36046485715559,16.0,1.0
AP-CIEN115,2025-04-04,0,0.0,4.4,63.96450034053684,16.0,1.0
AP-CIEN115,2025-04-04,1,0.0,4.0,63.9229004987112,16.0,1.0
AP-CIEN115,2025-04-04,3,0.3333333333333333,7.666666666666667,63.17477783279293,16.0,1.0
AP-CIEN115,2025-04-04,4,1.0,6.8,63.98802193015443,16.0,3.7
AP-CIEN115,2025-04-04,6,3.1363636363636362,9.318181818181818,63.89788513662118,16.0,7.681818181818182
AP-CIEN115,2025-04-04,8,2.4166666666666665,11.666666666666666,-inf,16.0,1.5833333333333333
AP-CIEN115,2025-04-04,9,2.1666666666666665,9.166666666666666,63.7282312567202,16.0,1.25
AP-CIEN115,2025-04-04,10,2.5,5.424761904761905,65.78613518459325,15.971428571428572,1.5895238095238096
AP-CIEN115,2025-04-15,4,0.0,4.0,67.55838725402505,16.0,1.0
AP-CIEN115,2025-04-15,20,3.0536130536130535,6.839160839160839,68.10060693585932,16.0,2.2365967365967365
AP-CIEN115,2025-04-28,15,0.0,4.0,67.79393434428901,16.0,1.0
AP-CIEN115,2025-04-28,20,0.0,4.0,67.77957447519722,16.0,1.0
AP-CIEN115,2025-04-28,21,0.0,9.25,68.09763137566435,16.0,1.0
AP-CIEN115,2025-04-28,23,3.0224719101123596,6.46067415730337,68.29599672006478,16.0,1.4606741573033708
AP-CIEN116,2025-01-29,7,2.2616233254531126,6.137115839243499,68.60275801575659,15.768321513002364,1.690307328605201
AP-CIEN116,2025-04-15,4,0.0,4.0,68.85048970450596,15.0,1.0
AP-CIEN116,2025-04-15,20,1.5454545454545454,5.818181818181818,69.07881168089537,15.743589743589743,1.6200466200466201
AP-CIEN116,2025-04-28,15,0.0,4.666666666666667,68.7557387246791,16.0,1.0
AP-CIEN116,2025-04-28,20,0.0,5.0,68.77339885011365,16.0,1.0
AP-CIEN116,2025-04-28,21,0.0,5.25,68.90819277701523,16.0,1.0
AP-CIEN116,2025-04-28,23,4.08235294117647,6.435294117647059,69.08516183702848,16.0,1.3529411764705883
AP-CIEN116,2025-04-29,12,3.5,7.25,69.20209921112449,16.0,2.5
AP-CIEN117,2025-04-02,13,3.9866036249014973,6.42789598108747,66.51661906877146,17.08904649330181,2.5224586288416075
AP-CIEN117,2025-04-15,4,0.0,4.0,68.01126487498328,17.0,1.0
AP-CIEN117,2025-04-15,20,4.083916083916084,8.165501165501166,68.29018563053059,17.055944055944057,3.303030303030303
AP-CIEN117,2025-04-28,15,0.0,4.0,67.97555399040925,17.0,1.0
AP-CIEN117,2025-04-28,20,0.0,4.0,67.93104024602219,17.0,1.0
AP-CIEN117,2025-04-28,21,0.0,4.25,68.17171413290546,17.0,1.0
AP-CIEN117,2025-04-28,23,3.168539325842697,7.640449438202247,68.39369397615054,17.0,2.966292134831461
AP-CIEN118,2025-04-02,13,0.8195429472025216,5.22301024428684,66.06691126688827,16.35224586288416,1.438140267927502
AP-CIEN118,2025-04-15,4,0.0,4.0,67.51761239882886,17.0,1.0
AP-CIEN118,2025-04-15,20,0.0,4.0,67.51717308463698,17.0,1.0
AP-CIEN118,2025-04-15,21,0.9731621936989499,6.029171528588098,67.7333687000088,15.38973162193699,1.6429404900816802
AP-CIEN118,2025-04-28,15,0.0,4.333333333333333,67.73632838614787,16.0,1.0
AP-CIEN118,2025-04-28,20,0.0,4.0,67.73866892402896,16.0,1.0
AP-CIEN118,2025-04-28,21,0.0,4.25,67.86974394189146,16.0,1.0
AP-CIEN118,2025-04-28,23,0.4943820224719101,5.382022471910112,67.8440833200588,16.0,1.4606741573033708
AP-CIEN119,2025-04-02,14,7.693459416863672,8.044917257683215,67.85606166434653,15.018912529550827,3.9275019700551614
AP-CIEN119,2025-04-15,4,0.0,5.0,69.59194076748228,15.0,1.0
AP-CIEN119,2025-04-15,20,8.354044548651817,10.531066822977726,70.4398514313909,15.744431418522861,3.8077373974208677
AP-CIEN119,2025-04-28,10,0.0,15.0,73.48525905086325,15.0,5.0
AP-CIEN119,2025-04-28,22,0.5,4.0,65.19897314041816,15.0,1.0
AP-CIEN119,2025-04-28,23,4.134831460674158,6.629213483146067,66.19473661170518,15.0,3.359550561797753
AP-CIEN12,2025-01-29,7,8.052797478329394,5.639873916469661,56.42784013681754,,
AP-CIEN12,2025-04-15,4,0.0,2.0,59.05975522288192,,
AP-CIEN12,2025-04-15,20,0.0,2.0,59.05975522288192,,
AP-CIEN12,2025-04-15,21,6.79601406799531,5.552168815943728,58.69519106184494,,
AP-CIEN12,2025-04-28,10,0.4,10.0,57.40957703077703,,
AP-CIEN12,2025-04-28,21,1.0,4.0,51.575942819840655,,
AP-CIEN12,2025-04-28,23,3.235955056179775,3.460674157303371,54.5127481897668,,
AP-CIEN121,2025-03-20,13,2.647754137115839,2.1536643026004727,57.87592885669656,,
AP-CIEN121,2025-04-15,4,0.0,1.0,62.99195457347325,,
AP-CIEN121,2025-04-15,20,2.9836065573770494,2.7517564402810306,61.135245091383126,,
AP-CIEN121,2025-04-28,10,0.0,4.0,56.61347351150443,,
AP-CIEN121,2025-04-28,22,0.0,2.0,52.14621090429128,,
AP-CIEN121,2025-04-28,23,2.640449438202247,2.157303370786517,55.45303994728746,,
AP-CIEN122,2025-03-20,13,5.7982663514578405,2.825847123719464,57.72222505227738,,
AP-CIEN122,2025-04-15,4,0.0,1.0,62.99218372261954,,
AP-CIEN122,2025-04-15,20,0.0,1.0,63.99539868514219,,
AP-CIEN122,2025-04-15,21,5.953106682297773,3.1547479484173504,61.30452308601222,,
AP-CIEN122,2025-04-28,10,0.0,12.0,57.036962616608264,,
AP-CIEN122,2025-04-28,22,0.0,1.0,48.36080485486839,,
AP-CIEN122,2025-04-28,23,2.651685393258427,1.9550561797752808,56.69542772207236,,
AP-CIEN123,2025-01-21,9,2.674546887312845,4.181245074862096,58.41716735213411,,
AP-CIEN123,2025-04-15,4,0.0,2.9906542056074765,61.400086138930895,,
AP-CIEN123,2025-04-15,20,2.742086752637749,4.167643610785463,61.08783482279965,,
AP-CIEN123,2025-04-28,10,0.0,7.0,57.2794955052395,,
AP-CIEN123,2025-04-29,4,2.25,3.4210526315789473,54.96269102332642,,
AP-CIEN123,2025-04-29,12,2.5,4.5,54.116813002266284,,
AP-CIEN124,2025-01-29,7,3.0843183609141054,5.073286052009457,59.62177146504022,,
AP-CIEN124,2025-04-15,4,0.0,3.0,62.63241956292091,,
AP-CIEN124,2025-04-15,20,0.0,3.0,62.19355240182678,,
AP-CIEN124,2025-04-15,21,2.998826291079812,5.050469483568075,60.81812551539059,,
AP-CIEN124,2025-04-28,10,0.041666666666666664,12.0,58.203424863140675,,
AP-CIEN124,2025-04-29,4,1.6875,2.95,53.84610528622734,,
AP-CIEN126,2025-01-21,9,4.3270291568163906,5.098502758077226,59.501323810779624,,
AP-CIEN126,2025-04-15,4,0.0,2.0093457943925235,62.928087279868784,,
AP-CIEN126,2025-04-15,20,4.330210772833723,5.033957845433255,59.70680914615438,,
AP-CIEN126,2025-04-28,10,3.75,15.75,54.26120023739851,,
AP-CIEN126,2025-04-28,14,0.0,6.0,52.55224170881101,,
AP-CIEN126,2025-04-28,21,0.5,3.0,58.722997279426764,,
AP-CIEN126,2025-04-28,22,0.0,2.0,60.97722873324061,,
AP-CIEN126,2025-04-28,23,3.932584269662921,4.134831460674158,57.044668641709166,,
AP-CIEN127,2025-04-02,9,1.8400315208825848,2.863672182821119,58.335712330110894,,
AP-CIEN127,2025-04-15,4,0.0,2.0,61.04281173423094,,
AP-CIEN127,2025-04-15,20,0.0,2.0,62.719267089370454,,
AP-CIEN127,2025-04-15,21,0.0,2.2,63.336736675550014,,
AP-CIEN127,2025-04-15,23,1.4155844155844155,2.9822904368358913,61.96779380729789,,
AP-CIEN127,2025-04-28,10,0.0,4.0,55.43730823080819,,
AP-CIEN127,2025-04-28,21,0.0,2.0,48.28855484512955,,
AP-CIEN127,2025-04-28,23,2.8,2.4545454545454546,54.604369897655744,,
AP-CIEN127,2025-04-29,9,4.294117647058823,3.3823529411764706,53.90588258209033,,
AP-CIEN128,2025-01-31,16,2.071710007880221,3.1591804570527975,58.82646784602834,,
AP-CIEN128,2025-04-15,4,0.0,2.0,59.3512329369817,,
AP-CIEN128,2025-04-15,20,2.118405627198124,3.3446658851113718,59.02581551938034,,
AP-CIEN128,2025-04-28,10,0.0,4.0,56.982976509921016,,
AP-CIEN128,2025-04-28,21,1.75,2.5,53.470291958927305,,
AP-CIEN128,2025-04-28,23,3.561797752808989,2.7191011235955056,54.60507847965618,,
AP-CIEN129,2025-04-02,9,1.7943262411347518,2.8408195429472025,57.345550198526134,,
AP-CIEN129,2025-04-15,4,0.0,2.0,58.47414309676739,,
AP-CIEN129,2025-04-15,20,1.7330210772833723,3.03864168618267,59.28552085559365,,
AP-CIEN129,2025-04-28,10,0.0,4.0,58.13544275625177,,
AP-CIEN129,2025-04-28,21,0.0,2.0,47.578179959990564,,
AP-CIEN129,2025-04-28,23,1.5393258426966292,2.1123595505617976,53.799319719265,,
AP-CIEN13,2025-03-04,11,10.494877856579985,6.462568951930654,56.751944650687705,,
AP-CIEN13,2025-04-15,4,0.0,2.0,59.3562742182004,,
AP-CIEN13,2025-04-15,20,7.8676814988290396,6.830210772833723,58.7301574439712,,
AP-CIEN13,2025-04-28,10,0.4,12.0,60.1298817361256,,
AP-CIEN13,2025-04-28,21,0.25,4.5,53.93846693778829,,
AP-CIEN13,2025-04-28,23,7.966292134831461,3.730337078651685,54.41085341726904,,
AP-CIEN130,2025-04-02,9,0.780929866036249,2.9322301024428685,58.50903027274295,,
AP-CIEN130,2025-04-15,4,0.0,2.9906542056074765,58.015027858004366,,
AP-CIEN130,2025-04-15,20,1.0573770491803278,2.8688524590163933,58.008777366700286,,
AP-CIEN130,2025-04-28,10,0.3,5.0,55.66307742720504,,
AP-CIEN130,2025-04-28,21,0.0,2.0,55.2506546146628,,
AP-CIEN130,2025-04-28,23,0.8314606741573034,1.9775280898876404,53.82783124777143,,
AP-CIEN131,2025-04-02,9,0.8314606741573034,2.4719101123595504,62.57240316472479,,
AP-CIEN131,2025-04-03,10,0.9457627118644067,2.473728813559322,59.769236969487196,,
AP-CIEN131,2025-04-15,4,0.0,2.0,59.5472700316455,,
AP-CIEN131,2025-04-15,20,0.7060889929742389,2.319672131147541,60.21869555728882,,
AP-CIEN131,2025-04-28,10,0.0,4.0,57.964078579825255,,
AP-CIEN131,2025-04-28,21,0.0,1.75,54.3958199901695,,
AP-CIEN131,2025-04-28,23,1.0898876404494382,1.4382022471910112,55.04217287279367,,
AP-CIEN132,2025-04-02,9,1.5074862096138693,2.810874704491726,56.88431119521806,,
AP-CIEN132,2025-04-15,4,0.0,2.0,61.03479171488346,,
AP-CIEN132,2025-04-15,20,1.4824355971896956,2.7540983606557377,59.128793186785714,,
AP-CIEN132,2025-04-28,10,0.0,4.0,56.28338416625229,,
AP-CIEN132,2025-04-28,21,0.0,1.25,53.694755184212994,,
AP-CIEN132,2025-04-28,23,2.932584269662921,2.056179775280899,53.522573849298595,,
AP-CIEN133,2025-01-29,12,1.2080378250591017,2.5421591804570527,56.655754079613665,,
AP-CIEN133,2025-04-15,4,0.0,2.0,60.364072163649155,,
AP-CIEN133,2025-04-15,20,0.0,2.0,60.364072163649155,,
AP-CIEN133,2025-04-15,21,0.29871645274212366,2.2987164527421236,59.01527389674051,,
AP-CIEN133,2025-04-28,15,1.0,1.6666666666666667,57.68504414176388,,
AP-CIEN133,2025-04-28,20,0.0,2.0,57.707546110536974,,
AP-CIEN133,2025-04-28,21,0.75,2.0,60.233765964534584,,
AP-CIEN133,2025-04-28,23,0.6741573033707865,2.235955056179775,59.953440634845606,,
AP-CIEN134,2025-01-21,9,2.879432624113475,4.02521670606777,63.660021238609175,,
AP-CIEN134,2025-04-15,4,0.0,2.0,65.34467540450552,,
AP-CIEN134,2025-04-15,20,2.208675263774912,4.00820633059789,63.65706957866814,,
AP-CIEN134,2025-04-28,10,2.4,6.8,59.269884990043465,,
AP-CIEN134,2025-04-28,14,0.0,3.0,51.16634767195925,,
AP-CIEN134,2025-04-28,21,0.0,5.5,55.93803402492455,,
AP-CIEN134,2025-04-28,23,1.3595505617977528,2.3146067415730336,57.38821349931524,,
AP-CIEN135,2025-01-21,9,4.210401891252955,4.044129235618597,62.68746405956352,,
AP-CIEN135,2025-04-15,4,0.0,3.0,65.5331613187075,,
AP-CIEN135,2025-04-15,20,2.7131147540983607,3.9039812646370025,65.33661160261204,,
AP-CIEN135,2025-04-28,10,3.25,5.25,57.62745848390341,,
AP-CIEN135,2025-04-28,14,0.0,4.0,54.366275862345525,,
AP-CIEN135,2025-04-28,22,0.0,2.0,58.66881126397905,,
AP-CIEN135,2025-04-28,23,1.588235294117647,3.447058823529412,57.97315149595976,,
AP-CIEN135,2025-04-29,12,3.75,3.5,55.82207292041421,,
AP-CIEN136,2025-04-02,9,6.301812450748621,4.607565011820331,64.11073061913358,,
AP-CIEN136,2025-04-15,4,0.0,2.0,64.2580501527279,,
AP-CIEN136,2025-04-15,20,5.190866510538641,4.7669789227166275,66.05020209098234,,
AP-CIEN136,2025-04-28,10,3.25,9.75,58.03893874155872,,
AP-CIEN136,2025-04-28,14,0.0,5.0,54.23776973718885,,
AP-CIEN136,2025-04-28,22,0.0,2.0,57.95519546995053,,
AP-CIEN136,2025-04-28,23,2.393258426966292,2.943820224719101,57.75288931970073,,
AP-CIEN137,2025-04-02,9,3.384554767533491,2.9653270291568163,57.77597598314161,,
AP-CIEN137,2025-04-15,4,0.0,3.0,59.63418558674785,,
AP-CIEN137,2025-04-15,20,4.147713950762016,3.182883939038687,59.336515590445586,,
AP-CIEN137,2025-04-28,10,0.0,3.0,54.07576129075131,,
AP-CIEN137,2025-04-29,6,0.6428571428571429,2.8,50.11897602698919,,
AP-CIEN137,2025-04-29,12,1.75,3.0,49.94459245251457,,
AP-CIEN138,2025-02-07,23,10.033884948778566,5.27344365642238,58.479950900163665,,
AP-CIEN138,2025-04-15,4,0.0,2.0,58.343893289825544,,
AP-CIEN138,2025-04-15,20,8.553864168618267,4.994145199063232,59.211065603957,,
AP-CIEN138,2025-04-28,10,3.25,7.25,54.884557524455936,,
AP-CIEN138,2025-04-28,14,0.0,10.0,53.73513108476916,,
AP-CIEN138,2025-04-28,21,0.0,4.0,57.26147865361128,,
AP-CIEN138,2025-04-28,23,5.786516853932584,3.49438202247191,56.758067869947716,,
AP-CIEN139,2025-03-17,10,9.480693459416864,3.9818754925137902,55.72586245651049,,
AP-CIEN139,2025-04-15,4,0.0,2.0,56.81668941926732,,
AP-CIEN139,2025-04-15,20,9.13012895662368,4.620164126611958,59.24984494604882,,
AP-CIEN139,2025-04-28,10,4.2,8.6,55.76213001005965,,
AP-CIEN139,2025-04-28,14,0.0,7.0,52.84517308780766,,
AP-CIEN139,2025-04-28,21,0.0,3.25,58.308579258106725,,
AP-CIEN139,2025-04-28,23,5.870588235294117,3.2,56.971749928795276,,
AP-CIEN139,2025-04-29,12,10.75,4.0,56.31384936623075,,
AP-CIEN14,2025-04-02,9,4.774625689519307,10.331757289204099,72.50991557409637,17.23798266351458,2.771473601260835
AP-CIEN14,2025-04-15,4,0.0,6.0,72.24938160181841,17.0,1.0
AP-CIEN14,2025-04-15,20,4.227432590855803,9.385697538100821,70.90570580348329,18.61430246189918,2.6553341148886282
AP-CIEN14,2025-04-28,10,3.2,27.4,69.94334135579624,19.0,57.0
AP-CIEN14,2025-04-28,14,0.0,10.0,66.93692207973993,19.0,10.0
AP-CIEN14,2025-04-28,21,0.0,11.75,67.32233554734506,19.0,3.25
AP-CIEN14,2025-04-28,23,1.696629213483146,5.449438202247191,67.20955199459,19.0,1.6741573033707866
AP-CIEN140,2025-02-17,11,5.1591804570527975,6.044129235618597,58.0457264188243,,
AP-CIEN140,2025-04-15,4,0.0,3.0,60.53444455392681,,
AP-CIEN140,2025-04-15,20,4.418032786885246,5.716627634660422,58.89683248996564,,
AP-CIEN140,2025-04-28,10,5.75,10.5,52.1402521313735,,
AP-CIEN140,2025-04-28,14,0.0,40.0,67.2286931395037,,
AP-CIEN140,2025-04-28,21,0.0,30.5,62.44437941541761,,
AP-CIEN140,2025-04-28,23,2.4719101123595504,30.56179775280899,64.11367050091978,,
AP-CIEN141,2025-01-21,9,5.385342789598108,4.992119779353822,59.11531689359574,,
AP-CIEN141,2025-04-15,4,0.009345794392523364,3.0,63.629791222212795,,
AP-CIEN141,2025-04-15,20,4.288393903868699,4.954279015240329,60.14195129600915,,
AP-CIEN141,2025-04-28,10,3.2,6.0,53.089732514201515,,
AP-CIEN141,2025-04-28,14,0.0,7.0,56.58070518358285,,
AP-CIEN141,2025-04-28,22,0.0,2.0,59.19275481957942,,
AP-CIEN141,2025-04-28,23,2.0112359550561796,3.0112359550561796,58.154488365248184,,
AP-CIEN142,2025-04-02,9,1.338849487785658,2.632781717888101,59.25391140189867,,
AP-CIEN142,2025-04-15,4,0.0,2.0,62.421029475454695,,
AP-CIEN142,2025-04-15,20,2.120608899297424,2.7704918032786887,61.41200986520347,,
AP-CIEN142,2025-04-28,10,0.0,4.0,59.24101219760905,,
AP-CIEN142,2025-04-28,21,0.0,1.0,48.88020003861163,,
AP-CIEN142,2025-04-28,23,0.3146067415730337,1.853932584269663,52.00170034459654,,
AP-CIEN143,2025-01-29,12,1.2198581560283688,3.1347517730496453,58.455057838937414,,
AP-CIEN143,2025-04-15,4,0.0,2.0,60.983462306111186,,
AP-CIEN143,2025-04-15,20,0.0,2.0,60.98346230611118,,
AP-CIEN143,2025-04-15,21,1.5908558030480657,3.0832356389214537,60.89391807550924,,
AP-CIEN143,2025-04-28,10,0.0,3.0,58.73624317421981,,
AP-CIEN143,2025-04-28,21,0.0,2.75,46.43898825209614,,
AP-CIEN143,2025-04-28,23,0.20224719101123595,2.8876404494382024,50.803658722718026,,
AP-CIEN144,2025-03-13,1,3.033884948778566,4.5177304964539005,59.10552264951694,,
AP-CIEN144,2025-04-15,4,0.5974358974358974,5.317948717948718,60.266225404731735,,
AP-CIEN144,2025-04-22,7,3.0,7.666666666666667,48.14699855674229,,
AP-CIEN144,2025-04-22,8,0.5,4.416666666666667,52.55057888564389,,
AP-CIEN144,2025-04-22,9,0.5833333333333334,4.416666666666667,54.44155284876309,,
AP-CIEN144,2025-04-22,10,2.8333333333333335,4.416666666666667,55.91135664839967,,
AP-CIEN144,2025-04-22,11,1.1666666666666667,3.6666666666666665,54.4883690934898,,
AP-CIEN144,2025-04-22,12,0.0,5.0,56.85535923282011,,
AP-CIEN144,2025-04-22,13,1.25,5.0,55.875389481939614,,
AP-CIEN144,2025-04-22,14,5.0,4.25,56.50163709162758,,
AP-CIEN144,2025-04-22,15,5.25,4.0,55.932128958837936,,
AP-CIEN144,2025-04-22,16,0.75,3.25,56.98378211238848,,
AP-CIEN144,2025-04-22,17,0.0,3.0,57.427755002898735,,
AP-CIEN144,2025-04-22,18,0.0,3.75,57.80610351640823,,
AP-CIEN144,2025-04-22,19,0.0,4.5,57.369092821444696,,
AP-CIEN144,2025-04-22,20,0.0,4.5,57.89533383593379,,
AP-CIEN144,2025-04-22,21,0.0,2.5,57.422828296253186,,
AP-CIEN144,2025-04-22,22,0.0,4.5,57.749022106018145,,
AP-CIEN144,2025-04-22,23,0.0,3.0,57.948428409223716,,
AP-CIEN144,2025-04-23,0,0.0,4.5,57.96144336464274,,
AP-CIEN144,2025-04-23,1,0.0,4.5,57.803482623047366,,
AP-CIEN144,2025-04-23,2,0.0,3.0,57.752880046723504,,
AP-CIEN144,2025-04-23,3,0.0,4.5,57.72381569992461,,
AP-CIEN144,2025-04-23,4,0.0,3.0,57.828823296218815,,
AP-CIEN144,2025-04-23,5,0.0,5.333333333333333,58.41250436338166,,
AP-CIEN144,2025-04-23,6,0.36363636363636365,3.909090909090909,57.29239035265428,,
AP-CIEN144,2025-04-23,7,4.153846153846154,4.6923076923076925,57.42846723810588,,
AP-CIEN144,2025-04-23,8,0.24324324324324326,3.3513513513513513,51.046951676904165,,
AP-CIEN144,2025-04-23,11,0.0,4.1,52.41906559566174,,
AP-CIEN144,2025-04-23,12,0.0,4.25,53.89050584244392,,
AP-CIEN144,2025-04-23,13,0.25,3.75,53.645842582843144,,
AP-CIEN144,2025-04-23,14,0.0,4.5,54.349972258631475,,
AP-CIEN144,2025-04-23,15,0.0,3.25,54.229898105967735,,
AP-CIEN144,2025-04-23,16,0.25,3.75,55.72604779163239,,
AP-CIEN144,2025-04-23,17,0.0,3.75,56.53957291182112,,
AP-CIEN144,2025-04-23,18,0.0,3.0,57.40346161293502,,
AP-CIEN144,2025-04-23,19,0.0,3.0,57.668572853388085,,
AP-CIEN144,2025-04-23,20,0.0,3.5,57.93923917041134,,
AP-CIEN144,2025-04-23,21,0.0,3.0,58.092001090749946,,
AP-CIEN144,2025-04-23,22,0.0,5.0,58.51525030534124,,
AP-CIEN144,2025-04-23,23,0.0,3.5,58.35552260900052,,
AP-CIEN144,2025-04-24,0,0.0,3.5,57.88740849788152,,
AP-CIEN144,2025-04-24,1,0.0,6.5,59.054026494224296,,
AP-CIEN144,2025-04-24,2,0.0,3.0,58.589226094588184,,
AP-CIEN144,2025-04-24,3,0.0,3.0,57.99524286372271,,
AP-CIEN144,2025-04-24,4,0.0,4.5,58.138461080163246,,
AP-CIEN144,2025-04-24,5,0.0,4.5,58.7284055573251,,
AP-CIEN144,2025-04-24,6,1.7692307692307692,3.923076923076923,58.23920462948258,,
AP-CIEN144,2025-04-24,7,2.727272727272727,4.454545454545454,57.833907217406505,,
AP-CIEN144,2025-04-24,8,0.0,3.5833333333333335,59.51576590285527,,
AP-CIEN144,2025-04-24,9,0.35714285714285715,4.0,58.411968744301966,,
AP-CIEN144,2025-04-24,10,0.5,5.083333333333333,57.11247382448398,,
AP-CIEN144,2025-04-24,11,0.5,4.2,57.508817587540705,,
AP-CIEN144,2025-04-24,12,4.0,4.75,57.39098104048607,,
AP-CIEN144,2025-04-24,13,3.25,5.25,57.23273207223011,,
AP-CIEN144,2025-04-24,14,1.25,4.5,57.28006837810526,,
AP-CIEN144,2025-04-24,15,1.6,3.4,58.59719045960444,,
AP-CIEN144,2025-04-24,16,0.0,4.666666666666667,59.322602422030094,,
AP-CIEN144,2025-04-24,17,0.0,3.0,58.993683288954784,,
AP-CIEN144,2025-04-24,18,0.0,4.75,59.30603326787306,,
AP-CIEN144,2025-04-24,19,0.0,3.0,59.77364611523453,,
AP-CIEN144,2025-04-24,20,0.0,2.5,59.7129448644239,,
AP-CIEN144,2025-04-24,21,0.0,3.0,59.51988670866207,,
AP-CIEN144,2025-04-24,22,0.0,3.0,59.855627802780496,,
AP-CIEN144,2025-04-24,23,0.0,3.0,60.07096713256508,,
AP-CIEN144,2025-04-25,0,0.0,3.0,60.22963859455953,,
AP-CIEN144,2025-04-25,1,0.0,3.0,60.49210924914699,,
AP-CIEN144,2025-04-25,2,0.0,3.0,60.52647087972649,,
AP-CIEN144,2025-04-25,3,0.0,6.0,60.83256759326944,,
AP-CIEN144,2025-04-25,4,0.0,3.0,59.384038859685106,,
AP-CIEN144,2025-04-25,5,0.0,3.0,60.16074048782797,,
AP-CIEN144,2025-04-25,6,0.08333333333333333,4.666666666666667,59.90359695414955,,
AP-CIEN144,2025-04-25,7,9.083333333333334,5.416666666666667,57.541018532628165,,
AP-CIEN144,2025-04-25,8,1.2727272727272727,4.363636363636363,56.8819695843047,,
AP-CIEN144,2025-04-25,9,1.6153846153846154,4.0,55.938125808521924,,
AP-CIEN144,2025-04-25,10,0.5454545454545454,5.0,58.154219315419006,,
AP-CIEN144,2025-04-25,11,1.1666666666666667,4.166666666666667,58.83965776622739,,
AP-CIEN144,2025-04-25,12,0.5,5.25,58.40629078138713,,
AP-CIEN144,2025-04-25,13,2.25,4.75,56.49196717667628,,
AP-CIEN144,2025-04-25,14,0.25,4.5,57.67059581069531,,
AP-CIEN144,2025-04-25,15,0.25,3.0,59.32454153700644,,
AP-CIEN144,2025-04-25,16,0.0,4.25,59.0357876543606,,
AP-CIEN144,2025-04-25,17,0.0,3.25,59.64520264804754,,
AP-CIEN144,2025-04-25,18,0.0,2.75,59.45634347136896,,
AP-CIEN144,2025-04-25,19,0.0,5.0,59.32643828326043,,
AP-CIEN144,2025-04-25,20,0.0,3.0,59.78638716581462,,
AP-CIEN144,2025-04-25,21,0.0,3.5,60.14943639335284,,
AP-CIEN144,2025-04-25,22,0.0,3.0,60.48735440436117,,
AP-CIEN144,2025-04-25,23,0.0,3.0,60.414484975836224,,
AP-CIEN144,2025-04-26,0,0.0,6.0,60.66998627396614,,
AP-CIEN144,2025-04-26,1,0.0,3.0,60.473834604729184,,
AP-CIEN144,2025-04-26,2,0.0,2.0,59.62361608237454,,
AP-CIEN144,2025-04-26,3,0.0,6.0,61.535253450413265,,
AP-CIEN144,2025-04-26,4,0.0,2.0,61.871644397188795,,
AP-CIEN144,2025-04-26,5,0.0,6.0,62.101251841786265,,
AP-CIEN144,2025-04-26,6,0.0,2.0,61.2861683283799,,
AP-CIEN144,2025-04-26,7,0.0,2.0,60.6831408671462,,
AP-CIEN144,2025-04-26,8,0.0,2.0,60.542350199474335,,
AP-CIEN144,2025-04-26,9,0.0,2.0,60.262423034530485,,
AP-CIEN144,2025-04-26,10,0.0,2.0,59.6734739239729,,
AP-CIEN144,2025-04-26,11,0.0,2.0,60.11246640100643,,
AP-CIEN144,2025-04-26,12,0.0,2.0,60.177086460264384,,
AP-CIEN144,2025-04-26,13,0.0,3.0,60.551745314472825,,
AP-CIEN144,2025-04-26,14,0.0,2.0,59.853069567389326,,
AP-CIEN144,2025-04-26,15,0.0,2.0,60.42007764718822,,
AP-CIEN144,2025-04-26,16,0.0,6.0,61.06320620902527,,
AP-CIEN144,2025-04-26,17,0.0,2.0,60.97429634025898,,
AP-CIEN144,2025-04-26,18,0.0,2.0,59.48299369610699,,
AP-CIEN144,2025-04-26,19,0.0,3.0,59.446100683551904,,
AP-CIEN144,2025-04-26,20,0.0,2.0,60.04087877551862,,
AP-CIEN144,2025-04-26,21,0.0,2.0,60.542121050328035,,
AP-CIEN144,2025-04-26,22,0.0,6.0,60.53685061996301,,
AP-CIEN144,2025-04-26,23,0.0,2.0,60.064803378575014,,
AP-CIEN144,2025-04-27,0,0.0,2.0,60.142255790026056,,
AP-CIEN144,2025-04-27,1,0.0,2.0,60.23643608915735,,
AP-CIEN144,2025-04-27,2,0.0,2.0,60.56453112074555,,
AP-CIEN144,2025-04-27,3,0.0,2.0,60.39529373483319,,
AP-CIEN144,2025-04-27,4,0.0,15.0,61.24240084143566,,
AP-CIEN144,2025-04-27,5,0.0,3.0,60.16647040997074,,
AP-CIEN144,2025-04-27,6,0.0,8.0,61.31572856825323,,
AP-CIEN144,2025-04-27,7,0.0,2.0,59.3735069500936,,
AP-CIEN144,2025-04-27,8,0.0,2.0,60.30884721938968,,
AP-CIEN144,2025-04-27,9,0.0,4.0,59.56525823963044,,
AP-CIEN144,2025-04-27,10,0.0,6.0,60.75706294956198,,
AP-CIEN144,2025-04-27,11,0.0,2.0,60.670673721405045,,
AP-CIEN144,2025-04-27,12,0.0,7.0,61.401201199824925,,
AP-CIEN144,2025-04-27,13,0.0,3.0,60.38377899023138,,
AP-CIEN144,2025-04-27,14,0.0,2.0,60.31233100250459,,
AP-CIEN144,2025-04-27,15,0.0,6.0,60.431442012662785,,
AP-CIEN144,2025-04-27,16,0.0,2.0,60.51783124081971,,
AP-CIEN144,2025-04-27,17,0.0,2.0,59.8846921495794,,
AP-CIEN144,2025-04-27,18,0.0,2.0,60.536163172524105,,
AP-CIEN144,2025-04-27,19,0.0,2.0,60.44816990034303,,
AP-CIEN144,2025-04-27,20,0.0,2.0,60.06182443967305,,
AP-CIEN144,2025-04-27,21,0.0,5.0,60.42800477546821,,
AP-CIEN144,2025-04-27,22,0.0,2.0,60.54196888097306,,
AP-CIEN144,2025-04-27,23,0.0,4.0,60.74503261938098,,
AP-CIEN144,2025-04-28,0,0.0,2.5,60.54484756712352,,
AP-CIEN144,2025-04-28,1,0.0,4.0,60.88318628164264,,
AP-CIEN144,2025-04-28,2,0.0,4.5,60.69868720454082,,
AP-CIEN144,2025-04-28,3,0.0,2.0,60.70917077798427,,
AP-CIEN144,2025-04-28,4,0.0,2.0,60.760729335902866,,
AP-CIEN144,2025-04-28,5,0.0,2.0,60.579175183376606,,
AP-CIEN144,2025-04-28,6,1.25,3.1666666666666665,60.606311753307956,,
AP-CIEN144,2025-04-28,7,9.307692307692308,5.3076923076923075,57.63560429538312,,
AP-CIEN144,2025-04-28,8,3.769230769230769,4.0,60.217403214451345,,
AP-CIEN144,2025-04-28,9,2.3636363636363638,5.363636363636363,58.63207080052421,,
AP-CIEN144,2025-04-28,10,0.7058823529411765,3.8823529411764706,59.41169398135724,,
AP-CIEN144,2025-04-28,21,0.0,2.25,50.348318338863464,,
AP-CIEN144,2025-04-28,23,0.6428571428571429,2.5476190476190474,51.24276793188913,,
AP-CIEN144,2025-04-29,11,0.0,6.0,50.77853422457075,,
AP-CIEN144,2025-04-29,12,0.75,3.0,49.832629821584476,,
AP-CIEN15,2025-04-02,13,11.173364854215919,62.233254531126875,73.80569766527654,16.843183609141057,9.76280535855004
AP-CIEN15,2025-04-15,4,0.0,57.0,71.53340511800448,17.0,1.0
AP-CIEN15,2025-04-15,20,12.73388042203986,59.56740914419695,74.63297091841218,16.971864009378663,8.865181711606096
AP-CIEN15,2025-04-28,10,0.5454545454545454,71.0,78.67382838614787,17.0,11.0
AP-CIEN15,2025-04-28,21,0.25,5.75,65.35290431045469,17.0,3.5
AP-CIEN15,2025-04-28,23,13.460674157303371,15.404494382022472,66.99882278349885,17.0,8.865168539325843
AP-CIEN16,2025-04-02,13,10.072498029944839,9.333333333333334,68.34458095454984,15.06855791962175,4.686367218282112
AP-CIEN16,2025-04-15,4,0.0,6.0,70.60277892682845,15.0,1.0
AP-CIEN16,2025-04-15,20,11.593200468933176,12.157092614302462,70.83652405413659,15.465416178194607,4.398593200468933
AP-CIEN16,2025-04-28,10,0.07692307692307693,19.0,72.27420044353356,15.0,5.0
AP-CIEN16,2025-04-28,22,0.0,4.0,65.25270758122743,15.0,1.0
AP-CIEN16,2025-04-28,23,13.213483146067416,8.685393258426966,66.54724245707503,15.0,5.910112359550562
AP-CIEN17,2025-02-07,23,4.145161290322581,2.9204301075268817,56.58143789875801,,
AP-CIEN17,2025-04-10,11,2.4365781710914454,2.1799410029498527,54.56459708688706,,
AP-CIEN17,2025-04-15,4,0.0,2.0,56.64755944701728,,
AP-CIEN17,2025-04-15,20,3.988290398126464,3.010538641686183,56.63022149836881,,
AP-CIEN17,2025-04-28,10,0.0,5.0,51.390820743497315,,
AP-CIEN17,2025-04-28,21,0.0,2.75,49.25790048969173,,
AP-CIEN17,2025-04-28,23,2.4269662921348316,1.9550561797752808,54.407173755082255,,
AP-CIEN18,2025-01-21,9,1.9732072498029944,21.029944838455478,55.93066709049417,,
AP-CIEN18,2025-04-15,4,0.0,21.0,57.31890915840393,,
AP-CIEN18,2025-04-15,20,0.0,21.0,58.6588373086891,,
AP-CIEN18,2025-04-15,21,1.4243845252051583,21.029308323563892,58.89558989415434,,
AP-CIEN18,2025-04-28,10,0.0,21.0,57.37523330247459,,
AP-CIEN18,2025-04-29,4,1.525,2.7875,53.34997666259163,,
AP-CIEN19,2025-03-24,18,3.673758865248227,3.3624901497241924,57.16955039603952,,
AP-CIEN19,2025-04-15,4,0.0,2.0,56.024216481781494,,
AP-CIEN19,2025-04-15,20,0.0,2.0,59.45883994390429,,
AP-CIEN19,2025-04-15,21,3.4232121922626026,3.8792497069167644,59.526941083096304,,
AP-CIEN19,2025-04-28,10,0.0,6.0,58.07842400383138,,
AP-CIEN19,2025-04-28,21,0.5,3.0,51.89537762490347,,
AP-CIEN19,2025-04-28,23,1.4943820224719102,2.5280898876404496,54.66572089433153,,
AP-CIEN20,2025-01-21,9,3.1836091410559497,3.066193853427896,59.376437909764476,,
AP-CIEN20,2025-04-15,4,0.0,2.9906542056074765,59.619130574837335,,
AP-CIEN20,2025-04-15,20,3.9156908665105385,3.4051522248243558,59.994992401056095,,
AP-CIEN20,2025-04-28,10,0.0,4.0,58.07120580572278,,
AP-CIEN20,2025-04-29,4,4.55,2.1125,56.99386610700807,,
AP-CIEN21,2025-04-02,9,4.61150512214342,3.4806934594168637,57.95558693025399,,
AP-CIEN21,2025-04-15,4,0.009345794392523364,3.0,60.36082659793677,,
AP-CIEN21,2025-04-15,20,1.0,3.0,60.36269726877133,,
AP-CIEN21,2025-04-15,21,4.5838218053927315,3.868698710433763,60.19181927873326,,
AP-CIEN21,2025-04-28,10,0.0,6.0,56.94360940267693,,
AP-CIEN21,2025-04-29,4,4.5125,2.825,56.42792809106444,,
AP-CIEN22,2025-03-20,13,0.5713159968479118,2.598896769109535,58.04472256521461,,
AP-CIEN22,2025-04-15,4,0.0,2.0,62.90744508440709,,
AP-CIEN22,2025-04-15,20,0.5913348946135831,2.5,60.745806484087964,,
AP-CIEN22,2025-04-28,10,0.0,5.0,56.422112491607415,,
AP-CIEN22,2025-04-28,22,0.0,2.0,47.84063629275637,,
AP-CIEN22,2025-04-28,23,2.2134831460674156,2.303370786516854,54.41204047904221,,
AP-CIEN23,2025-03-20,13,1.0055161544523246,2.9897557131599686,58.73116275346015,,
AP-CIEN23,2025-04-15,4,0.0,2.0,60.51034450855528,,
AP-CIEN23,2025-04-15,20,0.9261430246189918,2.8335287221570926,60.41595242527656,,
AP-CIEN23,2025-04-28,10,0.0,6.0,58.18005165021758,,
AP-CIEN23,2025-04-28,22,0.0,2.0,47.40690171449391,,
AP-CIEN23,2025-04-28,23,0.6741573033707865,2.191011235955056,54.33948681450065,,
AP-CIEN24,2025-04-02,9,0.3490937746256895,2.35618597320725,57.894288390918895,,
AP-CIEN24,2025-04-15,4,0.0,2.0,63.46950139437255,,
AP-CIEN24,2025-04-15,20,0.0,2.0,63.33269935402856,,
AP-CIEN24,2025-04-15,21,0.3550488599348534,2.3713355048859937,59.88428724905584,,
AP-CIEN24,2025-04-24,23,0.3865546218487395,2.4747899159663866,58.47005347953543,,
AP-CIEN24,2025-04-28,10,0.0,4.0,57.69242226688085,,
AP-CIEN24,2025-04-28,22,0.0,2.0,46.20705351148152,,
AP-CIEN24,2025-04-28,23,0.4943820224719101,1.9775280898876404,50.31787134288583,,
AP-CIEN25,2025-03-20,13,2.4633569739952716,2.649330181245075,58.038819347901374,,
AP-CIEN25,2025-04-15,4,0.0,2.0,63.34578725704382,,
AP-CIEN25,2025-04-15,20,0.0,2.0,61.50541751547329,,
AP-CIEN25,2025-04-15,21,2.1864009378663543,2.6365767878077375,60.51263629803983,,
AP-CIEN25,2025-04-28,10,0.3333333333333333,7.0,57.17786785885329,,
AP-CIEN25,2025-04-28,22,0.0,1.0,49.68528513028275,,
AP-CIEN25,2025-04-28,23,4.235955056179775,2.2134831460674156,55.31382210528693,,
AP-CIEN26,2025-03-20,13,9.536643026004729,3.482269503546099,58.66746936628486,,
AP-CIEN26,2025-04-15,4,0.028037383177570093,2.0093457943925235,59.853990447136155,,
AP-CIEN26,2025-04-15,20,9.929742388758783,4.5,62.17895517859602,,
AP-CIEN26,2025-04-28,10,0.0,8.0,59.83130039849036,,
AP-CIEN26,2025-04-28,22,1.0,2.0,53.382744453444914,,
AP-CIEN26,2025-04-28,23,6.629213483146067,3.1235955056179776,54.88626487869913,,
AP-CIEN27,2025-03-20,13,6.734475374732334,3.177730192719486,58.023264247627864,,
AP-CIEN27,2025-04-10,12,3.047761194029851,1.7850746268656716,57.20074709718479,,
AP-CIEN27,2025-04-15,4,0.0,2.0,57.31936745669655,,
AP-CIEN27,2025-04-15,20,4.336065573770492,2.838407494145199,58.8852868419249,,
AP-CIEN27,2025-04-28,10,0.0,5.0,58.79646285377763,,
AP-CIEN27,2025-04-28,22,0.0,1.5,47.910709385605315,,
AP-CIEN27,2025-04-28,23,6.584269662921348,2.6853932584269664,54.31190596302207,,
AP-CIEN28,2025-03-20,13,2.4633569739952716,2.2655634357762016,57.80690305975198,,
AP-CIEN28,2025-04-15,4,0.0,2.0,59.11933400092118,,
AP-CIEN28,2025-04-15,20,0.0,2.0,59.11933400092118,,
AP-CIEN28,2025-04-15,21,1.7793427230046948,3.0833333333333335,59.4780938386746,,
AP-CIEN28,2025-04-28,10,0.0,7.0,56.646907804132475,,
AP-CIEN28,2025-04-28,22,0.0,2.0,48.059198032410855,,
AP-CIEN28,2025-04-28,23,3.595505617977528,2.2808988764044944,54.5423501077503,,
AP-CIEN29,2024-11-25,9,0.0,2.0,43.05231245860993,,
AP-CIEN30,2025-03-26,6,0.5752561071710008,2.552403467297084,45.732495373059514,16.754137115839242,1.8132387706855793
AP-CIEN30,2025-04-15,4,0.0,2.0,46.37211599442318,17.0,2.0
AP-CIEN30,2025-04-15,20,0.4531615925058548,2.711943793911007,44.90850310960228,16.530444964871194,1.8325526932084308
AP-CIEN30,2025-04-28,10,0.0,3.0,43.82836572545583,17.0,3.0
AP-CIEN30,2025-04-28,22,0.0,2.0,38.02414696792755,17.0,1.0
AP-CIEN30,2025-04-28,23,0.29411764705882354,2.1882352941176473,43.50325972907466,17.0,1.8823529411764706
AP-CIEN30,2025-04-29,12,0.5,2.25,45.43858421454743,17.0,2.0
AP-CIEN31,2025-04-02,13,2.5894405043341213,6.761229314420804,66.98748591466287,16.5531914893617,1.9850275807722617
AP-CIEN31,2025-04-15,4,0.0,4.009345794392523,68.6688216321315,17.0,1.0
AP-CIEN31,2025-04-15,20,0.0,19.0,69.75531488166867,17.0,1.0
AP-CIEN31,2025-04-15,21,2.0234466588511135,7.855803048065651,68.64446631449262,16.594372801875732,2.1207502930832356
AP-CIEN31,2025-04-28,10,0.0,14.0,68.57785131702099,17.0,3.0
AP-CIEN31,2025-04-28,21,1.25,4.25,65.20816636190709,17.0,1.5
AP-CIEN31,2025-04-28,23,2.932584269662921,6.280898876404494,66.00744069143838,17.0,1.3932584269662922
AP-CIEN32,2025-01-21,9,2.594956658786446,3.566587864460205,60.962741903106554,,
AP-CIEN32,2025-04-15,4,0.0,2.0,64.0471863922071,,
AP-CIEN32,2025-04-15,20,0.0,3.0,66.84729586821175,,
AP-CIEN32,2025-04-15,21,3.321219226260258,3.5146541617819462,61.81217436761236,,
AP-CIEN32,2025-04-28,10,0.0,5.0,58.78630510177659,,
AP-CIEN32,2025-04-29,4,0.825,2.2375,51.99640746950312,,
AP-CIEN33,2025-04-02,13,7.957446808510638,6.74468085106383,66.76577845596874,15.157604412923561,3.8408195429472025
AP-CIEN33,2025-04-15,4,0.0,4.0,68.18993246193507,15.0,1.0
AP-CIEN33,2025-04-15,20,2.791569086651054,5.607728337236534,68.42613157682406,15.137002341920375,2.0058548009367683
AP-CIEN33,2025-04-28,10,0.0,5.0,68.44581494852252,15.0,1.0
AP-CIEN33,2025-04-28,21,0.0,4.75,65.40467442954858,15.0,1.0
AP-CIEN33,2025-04-28,23,0.03529411764705882,4.023529411764706,65.5067089965875,15.0,1.011764705882353
AP-CIEN33,2025-04-29,12,6.75,6.5,65.7600036612933,15.0,2.0
AP-CIEN34,2025-03-04,11,4.087470449172577,7.988179669030733,68.65224163428466,16.86761229314421,1.933806146572104
AP-CIEN34,2025-04-15,4,0.0,5.018691588785047,68.96848559143172,17.0,1.0
AP-CIEN34,2025-04-15,20,4.886416861826698,8.619437939110071,69.52788684187847,16.259953161592506,2.139344262295082
AP-CIEN34,2025-04-28,10,0.0,11.0,70.41131835806927,17.0,3.0
AP-CIEN34,2025-04-28,21,0.0,4.0,65.39318392279633,17.0,2.25
AP-CIEN34,2025-04-28,23,2.337078651685393,4.831460674157303,66.21540320211668,17.0,2.202247191011236
AP-CIEN35,2025-04-02,13,8.286052009456265,7.8849487785658,66.50975763457454,15.0,4.44602048857368
AP-CIEN35,2025-04-15,4,0.0,4.0,66.64828185586309,15.0,1.0
AP-CIEN35,2025-04-15,20,0.0,4.0,66.64828185586309,15.0,1.0
AP-CIEN35,2025-04-15,21,7.717467760844079,10.41617819460727,67.09621250924899,15.0,5.47010550996483
AP-CIEN35,2025-04-28,10,0.0,15.0,67.4037304452467,15.0,8.0
AP-CIEN35,2025-04-29,4,0.0375,4.1375,65.37848900913443,15.0,1.0375
AP-CIEN36,2025-01-21,9,3.491725768321513,2.6414499605988966,60.180192622424784,,
AP-CIEN36,2025-04-15,4,0.0,2.0,61.02745894220172,,
AP-CIEN36,2025-04-15,20,4.801875732708089,3.0422039859320047,60.56166346558786,,
AP-CIEN36,2025-04-28,10,0.0,4.0,58.02086818309933,,
AP-CIEN36,2025-04-28,21,0.0,1.75,55.121537126744684,,
AP-CIEN36,2025-04-28,23,0.5168539325842697,1.8202247191011236,56.57648334389523,,
AP-CIEN37,2025-04-02,9,7.097714736012608,6.264775413711584,67.25649005587806,16.03309692671395,3.107171000788022
AP-CIEN37,2025-04-15,4,0.0,4.0,66.7627690867763,16.0,1.0
AP-CIEN37,2025-04-15,20,10.441969519343493,10.838218053927315,67.2748009749752,15.842907385697538,6.125439624853458
AP-CIEN37,2025-04-28,10,0.0,23.0,67.96655635780185,16.0,17.0
AP-CIEN37,2025-04-28,21,0.0,4.0,65.06179787127917,16.0,5.0
AP-CIEN37,2025-04-28,23,0.16470588235294117,4.188235294117647,65.56718427866409,16.0,1.223529411764706
AP-CIEN37,2025-04-29,12,0.25,9.5,65.89747108962386,16.0,1.0
AP-CIEN38,2025-04-02,9,6.066193853427896,5.473601260835303,66.89991858518289,16.96690307328605,1.9889676910953507
AP-CIEN38,2025-04-15,4,0.0,4.0,68.33543579343032,17.0,1.0
AP-CIEN38,2025-04-15,20,6.801040312093628,13.772431729518855,69.32074053139455,16.96879063719116,4.013003901170351
AP-CIEN38,2025-04-27,9,10.941176470588236,68.45882352941176,75.21145860139396,17.0,11.435294117647059
AP-CIEN38,2025-04-28,10,0.0,69.0,77.6301427199283,17.0,11.0
AP-CIEN38,2025-04-28,21,0.0,4.25,65.28914260711241,17.0,3.5
AP-CIEN38,2025-04-28,23,0.38823529411764707,4.2,65.59162914125237,17.0,1.223529411764706
AP-CIEN38,2025-04-29,12,10.75,11.5,67.09866810010739,17.0,7.0
AP-CIEN39,2025-04-02,13,4.691095350669819,5.902285263987392,66.89183697146863,15.157604412923561,2.619385342789598
AP-CIEN39,2025-04-15,4,0.018691588785046728,4.0,68.15353824040646,15.0,1.0
AP-CIEN39,2025-04-15,20,0.0,4.0,68.15353824040646,15.0,1.0
AP-CIEN39,2025-04-15,21,5.907385697538101,7.608440797186401,68.57680256182728,15.137162954279015,3.294255568581477
AP-CIEN39,2025-04-28,10,0.0,9.0,68.53356063644873,15.0,3.0
AP-CIEN39,2025-04-28,21,0.0,4.0,65.25496406213439,15.0,1.5
AP-CIEN39,2025-04-28,23,2.4831460674157304,5.112359550561798,65.83643753803956,15.0,2.044943820224719
AP-CIEN40,2025-01-21,9,5.102442868400315,8.19070133963751,72.44806203101257,17.0,2.699763593380615
AP-CIEN40,2025-04-15,4,0.0,5.0,72.06487354624099,17.0,1.0
AP-CIEN40,2025-04-15,20,6.0936768149882905,9.839578454332553,72.3695413435032,17.0,4.0503512880562065
AP-CIEN40,2025-04-28,10,0.0,29.0,73.36057562738168,17.0,16.0
AP-CIEN40,2025-04-28,21,0.0,4.0,65.07913809055981,17.0,4.75
AP-CIEN40,2025-04-28,23,0.34831460674157305,4.617977528089888,65.64300783356788,17.0,1.0224719101123596
AP-CIEN41,2025-04-02,9,5.5177304964539005,5.642237982663515,61.453054461106554,,
AP-CIEN41,2025-04-15,4,0.0,3.0,60.68064170926931,,
AP-CIEN41,2025-04-15,20,7.450819672131147,4.605386416861827,60.90296598348944,,
AP-CIEN41,2025-04-28,10,0.0,7.0,58.210116734303845,,
AP-CIEN41,2025-04-28,21,0.0,3.25,51.62624911347923,,
AP-CIEN41,2025-04-28,23,0.07865168539325842,3.50561797752809,49.90322531896982,,
AP-CIEN42,2025-04-02,9,1.5397951142631994,4.711583924349882,58.05223816401909,,
AP-CIEN42,2025-04-15,4,0.0,2.9906542056074765,57.66507193762671,,
AP-CIEN42,2025-04-15,20,1.3934426229508197,3.5749414519906324,59.06193749787722,,
AP-CIEN42,2025-04-28,10,0.0,5.0,55.155282918993485,,
AP-CIEN42,2025-04-28,21,0.0,2.0,49.46053636367803,,
AP-CIEN42,2025-04-28,23,0.25882352941176473,2.8705882352941177,46.446238105642884,,
AP-CIEN42,2025-04-29,12,13.25,5.5,53.42611182449696,,
AP-CIEN43,2025-04-02,13,0.48699763593380613,4.296296296296297,65.33459370441498,18.0,1.1615445232466508
AP-CIEN43,2025-04-15,4,0.0,4.0,65.94621189330124,18.0,1.0
AP-CIEN43,2025-04-15,20,0.22833723653395785,4.340749414519906,66.14367756369376,18.0,1.0807962529274004
AP-CIEN43,2025-04-28,10,0.0,7.0,66.08436891525437,18.0,1.0
AP-CIEN43,2025-04-28,22,0.0,4.0,65.16836116821544,18.0,1.0
AP-CIEN43,2025-04-28,23,0.33707865168539325,4.044943820224719,65.47120326427104,18.0,1.0449438202247192
AP-CIEN44,2025-01-21,9,4.45311268715524,3.0307328605200947,58.86937955334274,,
AP-CIEN44,2025-04-15,4,0.009345794392523364,2.0,59.45457920196519,,
AP-CIEN44,2025-04-15,20,1.0,2.0,59.45457920196519,,
AP-CIEN44,2025-04-15,21,4.051341890315053,3.239206534422404,60.04589516484312,,
AP-CIEN44,2025-04-28,15,2.0,2.0,66.25717594873475,,
AP-CIEN44,2025-04-28,20,0.0,2.0,61.042811935004146,,
AP-CIEN44,2025-04-28,21,1.0,2.0,61.62541200300415,,
AP-CIEN44,2025-04-28,23,6.258426966292135,4.337078651685394,58.4812251571107,,
AP-CIEN45,2025-03-21,5,4.285714285714286,3.037593984962406,57.47859405080402,,
AP-CIEN45,2025-04-03,20,0.5,10.5,46.48551627016226,,
AP-CIEN45,2025-04-03,21,0.75,4.5,44.850517418772355,,
AP-CIEN45,2025-04-03,22,1.75,2.25,51.29411980375667,,
AP-CIEN45,2025-04-03,23,1.6666666666666667,2.0,49.25030873073524,,
AP-CIEN45,2025-04-04,0,2.2,3.2,50.24235243367851,,
AP-CIEN45,2025-04-04,1,2.4444444444444446,3.2222222222222223,52.20395410218983,,
AP-CIEN45,2025-04-04,3,1.0,3.6666666666666665,48.09956587694233,,
AP-CIEN45,2025-04-04,4,2.0,3.75,49.68879621437017,,
AP-CIEN45,2025-04-04,6,3.7666666666666666,4.5,50.16491517948871,,
AP-CIEN45,2025-04-04,8,3.6,4.8,48.29257748678383,,
AP-CIEN45,2025-04-04,9,4.461538461538462,5.153846153846154,49.94621192003893,,
AP-CIEN45,2025-04-04,10,3.6742857142857144,3.1866666666666665,57.062689153754384,,
AP-CIEN45,2025-04-15,4,0.0,3.0,56.318032869046476,,
AP-CIEN45,2025-04-15,20,3.473193473193473,3.6794871794871793,59.588216670565146,,
AP-CIEN45,2025-04-28,15,1.0,2.3333333333333335,62.311320741205826,,
AP-CIEN45,2025-04-28,20,0.0,3.0,61.50678166898488,,
AP-CIEN45,2025-04-28,21,1.25,2.25,60.87377773993634,,
AP-CIEN45,2025-04-28,23,4.595505617977528,3.2134831460674156,57.37485498109609,,
AP-CIEN46,2025-01-29,7,1.2072498029944838,2.534278959810875,59.633340957598534,,
AP-CIEN46,2025-04-15,4,0.0,2.0,60.78692230804203,,
AP-CIEN46,2025-04-15,20,0.08974358974358974,2.358974358974359,59.59500754674537,,
AP-CIEN46,2025-04-28,15,0.0,2.0,61.35399528220099,,
AP-CIEN46,2025-04-28,20,0.0,2.0,61.545737023856724,,
AP-CIEN46,2025-04-28,21,0.0,2.0,62.47991006468881,,
AP-CIEN46,2025-04-28,23,0.011235955056179775,2.0112359550561796,60.2202078560412,,
AP-CIEN47,2025-01-30,1,1.557919621749409,2.7383766745468874,59.4338270545131,,
AP-CIEN47,2025-04-15,4,0.0,2.0,58.316710204647535,,
AP-CIEN47,2025-04-15,20,1.1814988290398127,2.8442622950819674,59.47092092453239,,
AP-CIEN47,2025-04-28,10,0.0,4.0,57.571889815924486,,
AP-CIEN47,2025-04-28,21,0.0,2.0,49.625443188770774,,
AP-CIEN47,2025-04-28,23,1.0823529411764705,2.552941176470588,53.586955369766514,,
AP-CIEN47,2025-04-29,12,2.5,3.25,55.367313907978286,,
AP-CIEN48,2025-03-20,13,1.9428571428571428,2.643956043956044,59.103247608879016,,
AP-CIEN48,2025-04-10,10,0.0,4.0,58.01613482104598,,
AP-CIEN48,2025-04-10,11,1.4942857142857142,1.5057142857142858,57.769210647071354,,
AP-CIEN48,2025-04-15,4,0.0,2.0,57.05859572820163,,
AP-CIEN48,2025-04-15,20,2.339578454332553,2.1334894613583137,59.24544228586545,,
AP-CIEN48,2025-04-28,10,0.0,2.0,58.43578209749379,,
AP-CIEN48,2025-04-28,22,0.0,1.0,57.55502408071091,,
AP-CIEN48,2025-04-28,23,4.876404494382022,1.9438202247191012,58.33192024693112,,
AP-CIEN49,2025-04-02,9,1.0945054945054946,2.901098901098901,57.2908885655067,,
AP-CIEN49,2025-04-10,10,0.0,4.0,56.90048281725127,,
AP-CIEN49,2025-04-10,11,0.36,1.9,55.60788957646363,,
AP-CIEN49,2025-04-15,4,0.0,1.0,57.88960510727617,,
AP-CIEN49,2025-04-15,20,0.8698710433763188,2.3493552168815945,58.94008083037343,,
AP-CIEN49,2025-04-28,10,0.0,3.0,59.5922978388944,,
AP-CIEN49,2025-04-28,22,0.0,1.0,57.109330781375675,,
AP-CIEN49,2025-04-28,23,1.2808988764044944,2.067415730337079,57.572951079000255,,
AP-CIEN50,2025-01-21,9,4.1189913317572895,3.0843183609141054,57.625781383352916,,
AP-CIEN50,2025-04-15,4,0.0,2.0,58.40175344926752,,
AP-CIEN50,2025-04-15,20,3.861788617886179,3.3252032520325203,59.630726925039596,,
AP-CIEN50,2025-04-28,20,0.0,1.0,58.801045836703736,,
AP-CIEN50,2025-04-28,21,0.25,2.25,58.87509502528661,,
AP-CIEN50,2025-04-28,23,5.707865168539326,3.7752808988764044,56.63378052701111,,
AP-CIEN51,2025-02-07,23,0.5689519306540584,2.2702915681639086,57.45364363105418,,
AP-CIEN51,2025-04-15,4,0.0,2.0,58.55053927387219,,
AP-CIEN51,2025-04-15,20,0.7166276346604216,2.4250585480093676,59.71137190411923,,
AP-CIEN51,2025-04-28,10,0.0,3.0,58.8889460170441,,
AP-CIEN51,2025-04-28,21,0.0,2.25,51.67057694169529,,
AP-CIEN51,2025-04-28,23,0.033707865168539325,1.9550561797752808,51.9474766404974,,
AP-CIEN52,2025-04-02,9,5.721828211189913,4.72655634357762,58.86110455377083,,
AP-CIEN52,2025-04-15,4,0.0,2.0,58.92117727665406,,
AP-CIEN52,2025-04-15,20,4.309495896834701,4.695193434935522,58.582572034377336,,
AP-CIEN52,2025-04-28,10,0.0,6.0,55.046780798218144,,
AP-CIEN52,2025-04-28,21,0.25,2.0,47.55903526490787,,
AP-CIEN52,2025-04-28,23,1.2359550561797752,2.730337078651685,52.841744660947185,,
AP-CIEN53,2025-01-21,9,3.066193853427896,3.3979511426319937,57.59271196988537,,
AP-CIEN53,2025-04-15,4,0.0,2.0,61.667977352044126,,
AP-CIEN53,2025-04-15,20,0.0,2.0,60.20980824226565,,
AP-CIEN53,2025-04-15,21,2.69284876905041,3.4314185228604925,59.30523318090196,,
AP-CIEN53,2025-04-28,10,0.0,5.0,57.37871708558951,,
AP-CIEN53,2025-04-28,21,0.0,2.0,50.61683548752627,,
AP-CIEN53,2025-04-28,23,3.157303370786517,2.752808988764045,54.683596016247236,,
AP-CIEN54,2025-01-21,9,7.438140267927502,4.070133963750985,61.54289559814295,,
AP-CIEN54,2025-04-15,4,0.009345794392523364,2.0,64.41118981111235,,
AP-CIEN54,2025-04-15,20,6.8723653395784545,4.007025761124122,63.277702091515636,,
AP-CIEN54,2025-04-28,10,0.0,6.0,62.62338965437435,,
AP-CIEN54,2025-04-29,4,7.8,3.3125,55.98140631910279,,
AP-CIEN55,2025-03-20,13,0.3538219070133964,2.342789598108747,58.40270443402496,,
AP-CIEN55,2025-04-15,4,0.0,2.0,59.671354294369586,,
AP-CIEN55,2025-04-15,20,0.2731535756154748,2.335287221570926,59.87041442252396,,
AP-CIEN55,2025-04-28,10,0.0,5.0,55.53085836978716,,
AP-CIEN55,2025-04-28,22,0.0,1.5,47.63990164059331,,
AP-CIEN55,2025-04-28,23,0.1411764705882353,1.9058823529411764,51.86236128726016,,
AP-CIEN55,2025-04-29,12,0.25,2.0,55.10037932060715,,
AP-CIEN56,2025-01-29,7,1.61150512214342,2.7171000788022064,59.09628166338978,,
AP-CIEN56,2025-04-15,4,0.0,2.0,60.40887082175175,,
AP-CIEN56,2025-04-15,20,0.0,2.0,60.40887082175175,,
AP-CIEN56,2025-04-15,21,1.7911318553092181,2.7526254375729287,60.542340398134314,,
AP-CIEN56,2025-04-28,14,0.0,2.0,57.604199845553474,,
AP-CIEN56,2025-04-28,21,0.0,1.75,59.71466258790734,,
AP-CIEN56,2025-04-28,23,0.12359550561797752,2.0112359550561796,62.588428639467104,,
AP-CIEN57,2025-04-02,9,0.0638002773925104,1.7226074895977808,61.45066673077493,,
AP-CIEN57,2025-04-08,22,0.020072992700729927,2.0273722627737225,57.5581772923997,,
AP-CIEN57,2025-04-15,4,0.0,2.0,59.26883953052566,,
AP-CIEN57,2025-04-15,20,0.3531468531468531,2.191142191142191,60.5608191858373,,
AP-CIEN57,2025-04-28,14,0.0,2.0,58.32768098772447,,
AP-CIEN57,2025-04-28,21,0.0,5.75,60.78894959033862,,
AP-CIEN57,2025-04-28,23,0.5730337078651685,2.168539325842697,59.2369406163592,,
AP-CIEN58,2025-03-20,13,6.512087912087912,2.801098901098901,57.80435626597135,,
AP-CIEN58,2025-04-10,10,0.0,3.0,55.12990465104022,,
AP-CIEN58,2025-04-10,11,4.76,1.6085714285714285,57.07576579189526,,
AP-CIEN58,2025-04-15,4,0.009345794392523364,1.0,59.40457814215038,,
AP-CIEN58,2025-04-15,20,3.0,1.0,63.00222690004744,,
AP-CIEN58,2025-04-15,21,6.166666666666667,2.1396713615023475,58.90550034088759,,
AP-CIEN58,2025-04-28,10,0.0,3.0,55.65528635623069,,
AP-CIEN58,2025-04-28,22,0.0,1.0,56.138796425617045,,
AP-CIEN58,2025-04-28,23,4.561797752808989,1.7865168539325842,56.56889128991994,,
AP-CIEN59,2025-03-20,13,2.196703296703297,2.8109890109890108,59.78976923645389,,
AP-CIEN59,2025-04-10,10,0.2222222222222222,4.0,57.18371116208407,,
AP-CIEN59,2025-04-10,11,2.117142857142857,1.88,56.56378301016211,,
AP-CIEN59,2025-04-15,4,0.018691588785046728,1.9906542056074767,57.81473581036209,,
AP-CIEN59,2025-04-15,20,1.0,1.0,60.56118697539168,,
AP-CIEN59,2025-04-15,21,2.316529894490035,2.3270808909730363,59.27874434214841,,
AP-CIEN59,2025-04-28,10,0.0,3.0,56.494888828291685,,
AP-CIEN59,2025-04-28,22,0.0,1.0,54.82106888910786,,
AP-CIEN59,2025-04-28,23,1.7058823529411764,1.9764705882352942,56.100523737223085,,
AP-CIEN59,2025-04-29,12,2.0,2.0,60.235885594137905,,
AP-CIEN61,2025-03-20,10,2.8534278959810875,5.904649330181245,57.374935664774576,,
AP-CIEN61,2025-04-15,4,0.0,4.990654205607477,56.112327808604526,,
AP-CIEN61,2025-04-15,20,2.9262295081967213,6.304449648711944,58.958669621388836,,
AP-CIEN61,2025-04-28,10,0.0,9.0,57.2286816820464,,
AP-CIEN61,2025-04-29,4,2.7625,2.9375,56.29453088479355,,
AP-CIEN62,2025-04-02,9,4.314420803782506,10.156028368794326,70.50163227925907,20.29787234042553,6.331757289204098
AP-CIEN62,2025-04-15,4,0.0,6.0,69.55558898248428,21.0,2.0
AP-CIEN62,2025-04-15,20,4.968384074941452,9.537470725995316,69.69201686488915,21.0,5.492974238875878
AP-CIEN62,2025-04-28,10,0.0,15.0,70.95985295285132,21.0,12.0
AP-CIEN62,2025-04-28,22,0.0,4.0,65.45533004565561,21.0,1.0
AP-CIEN62,2025-04-28,23,1.2117647058823529,6.129411764705883,65.7870962561594,21.0,2.764705882352941
AP-CIEN62,2025-04-29,12,3.5,8.5,66.56404615867137,21.0,5.25
AP-CIEN63,2025-04-02,9,2.577620173364854,2.7793538219070135,58.06737303683217,,
AP-CIEN63,2025-04-15,4,0.0,2.0,62.54992543524257,,
AP-CIEN63,2025-04-15,20,2.6553341148886282,3.0832356389214537,60.4367524240803,,
AP-CIEN63,2025-04-28,10,0.0,3.0,60.75866699358612,,
AP-CIEN63,2025-04-28,22,0.0,2.0,48.09137021450652,,
AP-CIEN63,2025-04-28,23,0.7411764705882353,2.023529411764706,50.68802300765264,,
AP-CIEN63,2025-04-29,12,1.5,2.5,55.43368839038766,,
AP-CIEN64,2025-03-20,13,2.0401891252955084,2.5721040189125297,57.176412738073836,,
AP-CIEN64,2025-04-15,4,0.0,2.0,57.3307021411996,,
AP-CIEN64,2025-04-15,20,2.097303634232122,3.6541617819460726,59.58081352186735,,
AP-CIEN64,2025-04-28,10,0.0,8.0,56.66140506809167,,
AP-CIEN64,2025-04-28,22,0.0,2.0,48.436789279600916,,
AP-CIEN64,2025-04-28,23,2.707865168539326,2.3820224719101124,54.84230195521123,,
AP-CIEN65,2025-01-21,9,2.4066193853427897,3.0598896769109536,58.4873977593029,,
AP-CIEN65,2025-04-15,4,0.0,2.0,58.11382754693548,,
AP-CIEN65,2025-04-15,20,1.0,2.0,59.699174432913146,,
AP-CIEN65,2025-04-15,21,2.6143024618991793,3.694021101992966,57.63124528352024,,
AP-CIEN65,2025-04-28,10,0.0,6.0,54.29123667784151,,
AP-CIEN65,2025-04-28,22,0.0,2.3333333333333335,50.44775027096887,,
AP-CIEN65,2025-04-28,23,3.1123595505617976,3.0898876404494384,52.33932888181936,,
AP-CIEN66,2025-04-02,9,1.91725768321513,2.672970843183609,58.3184364352493,,
AP-CIEN66,2025-04-15,4,0.028037383177570093,3.0,60.334741072922135,,
AP-CIEN66,2025-04-15,20,2.8079625292740045,2.8747072599531616,58.88044604943893,,
AP-CIEN66,2025-04-28,10,0.0,4.0,59.62804510571796,,
AP-CIEN66,2025-04-28,21,0.0,2.0,49.02675792483679,,
AP-CIEN66,2025-04-28,23,3.269662921348315,2.4269662921348316,52.676277454352785,,
AP-CIEN67,2025-04-02,9,2.875492513790386,4.463356973995272,58.52896171012432,,
AP-CIEN67,2025-04-15,4,0.0,2.0,58.250264380827545,,
AP-CIEN67,2025-04-15,20,2.141686182669789,3.252927400468384,60.6645624793635,,
AP-CIEN67,2025-04-28,10,0.4,9.0,58.53683687101422,,
AP-CIEN67,2025-04-28,21,0.0,2.0,51.07208591746735,,
AP-CIEN67,2025-04-28,23,1.550561797752809,2.348314606741573,51.871233216080206,,
AP-CIEN68,2025-02-12,11,1.9826635145784082,3.0133963750985027,58.558087398673486,,
AP-CIEN68,2025-04-15,4,0.0,2.0,59.1058142012892,,
AP-CIEN68,2025-04-15,20,1.6943793911007026,3.2259953161592505,59.6750809531074,,
AP-CIEN68,2025-04-28,10,0.0,4.0,60.404173264252506,,
AP-CIEN68,2025-04-28,21,0.0,2.0,49.43293642314223,,
AP-CIEN68,2025-04-28,23,0.033707865168539325,2.337078651685393,49.66638599811948,,
AP-CIEN69,2025-02-12,18,1.5839243498817968,3.6958234830575254,56.4037459036904,,
AP-CIEN69,2025-04-15,4,0.0,3.0,57.77926979333039,,
AP-CIEN69,2025-04-15,20,3.627198124267292,4.002344665885111,59.62896038009514,,
AP-CIEN69,2025-04-28,10,0.0,5.0,56.30706171788532,,
AP-CIEN69,2025-04-28,21,0.0,2.0,50.728877783589255,,
AP-CIEN69,2025-04-28,23,0.07058823529411765,2.8941176470588235,49.493413200460076,,
AP-CIEN69,2025-04-29,12,12.5,4.75,54.75467292396601,,
AP-CIEN70,2025-02-19,7,1.6784869976359338,3.3735224586288415,57.19737663179676,,
AP-CIEN70,2025-04-15,4,0.0,3.0,57.661440586209345,,
AP-CIEN70,2025-04-15,20,2.537470725995316,3.559718969555035,58.99625797599353,,
AP-CIEN70,2025-04-28,10,0.0,4.0,56.705018595453225,,
AP-CIEN70,2025-04-28,21,0.0,2.0,47.5370825976691,,
AP-CIEN70,2025-04-28,23,0.07865168539325842,2.3707865168539324,49.89412597372617,,
AP-CIEN71,2025-02-17,10,1.0149724192277383,2.5721040189125297,59.171229855232646,,
AP-CIEN71,2025-04-15,4,0.0,2.0,60.30059785012271,,
AP-CIEN71,2025-04-15,20,2.120608899297424,2.9484777517564402,59.09804347266805,,
AP-CIEN71,2025-04-28,10,0.0,4.0,56.95593691065703,,
AP-CIEN71,2025-04-28,21,0.0,1.0,51.95183514093818,,
AP-CIEN71,2025-04-28,23,0.5955056179775281,1.9213483146067416,55.58675060633765,,
AP-CIEN72,2025-02-14,10,0.9684791174152876,2.6792750197005515,56.96021164430488,,
AP-CIEN72,2025-04-15,4,0.009345794392523364,2.0,57.91080140330937,,
AP-CIEN72,2025-04-15,20,1.0679156908665106,2.812646370023419,60.059901823161326,,
AP-CIEN72,2025-04-28,10,0.0,4.0,57.755839293120715,,
AP-CIEN72,2025-04-28,22,0.0,2.0,51.482756097085904,,
AP-CIEN72,2025-04-28,23,0.5955056179775281,2.168539325842697,50.09719387592212,,
AP-CIEN73,2025-02-13,12,2.4452324665090623,6.4775413711583925,70.52645826318354,15.0,1.8786446020488574
AP-CIEN73,2025-04-15,4,0.0,6.0,70.3653563310603,15.0,1.0
AP-CIEN73,2025-04-15,20,3.205158264947245,7.547479484173505,70.69115199345364,15.133645955451348,2.351699882766706
AP-CIEN73,2025-04-28,10,0.0,5.0,70.66926391291449,16.0,1.0
AP-CIEN73,2025-04-28,21,0.0,4.0,63.716823446796866,16.0,1.0
AP-CIEN73,2025-04-28,23,0.056179775280898875,4.719101123595506,64.36979021714922,16.0,1.0
AP-CIEN74,2025-03-20,15,3.9936958234830575,3.5476753349093775,55.62631665167456,,
AP-CIEN74,2025-04-15,4,0.0,2.0,58.14063799705313,,
AP-CIEN74,2025-04-15,20,4.146370023419204,3.882903981264637,57.80730779042727,,
AP-CIEN74,2025-04-28,10,0.17391304347826086,6.0,57.723815699924614,,
AP-CIEN74,2025-04-29,4,1.4875,2.8125,52.48825198872815,,
AP-CIEN75,2025-01-21,9,4.736012608353034,6.901497241922774,70.4507507722931,15.0,1.9574468085106382
AP-CIEN75,2025-04-15,4,0.0,5.0,70.34009347693205,15.0,1.0
AP-CIEN75,2025-04-15,20,5.3106682297772565,8.241500586166472,70.5016859952102,15.0,2.6248534583821805
AP-CIEN75,2025-04-28,10,0.16666666666666666,12.0,71.02737600176327,15.0,6.0
AP-CIEN75,2025-04-29,4,2.0875,5.1875,65.48624286837781,15.0,1.875
AP-CIEN76,2025-01-21,9,4.930654058313633,6.167848699763593,69.90016792872667,15.0,1.892828999211978
AP-CIEN76,2025-04-15,4,0.0,4.990654205607477,71.0854499820584,15.0,1.0
AP-CIEN76,2025-04-15,20,4.298594847775176,7.284543325526932,71.2446903655231,15.0,2.710772833723653
AP-CIEN76,2025-04-28,10,0.0,9.0,71.71246155903195,15.0,4.0
AP-CIEN76,2025-04-29,4,1.3375,4.4,65.46688156852207,15.0,1.225
AP-CIEN77,2025-02-14,13,0.0,12.0,40.5112775752354,,
AP-CIEN78,2025-04-02,9,1.4901497241922774,3.267927501970055,58.72017550671706,,
AP-CIEN78,2025-04-15,4,0.0,2.0,60.01668205785099,,
AP-CIEN78,2025-04-15,20,1.6885245901639345,3.2388758782201403,59.74924063689209,,
AP-CIEN78,2025-04-28,10,0.0,4.0,57.64498839359574,,
AP-CIEN78,2025-04-28,21,0.0,2.0,46.82603190157128,,
AP-CIEN78,2025-04-28,23,0.16470588235294117,2.011764705882353,51.05745721920232,,
AP-CIEN78,2025-04-29,12,0.25,2.5,55.219319364019455,,
AP-CIEN79,2025-04-02,9,1.9424743892829,3.5271867612293146,57.949695345893986,,
AP-CIEN79,2025-04-15,4,0.0,3.0,60.83776999498163,,
AP-CIEN79,2025-04-15,20,1.230679156908665,3.5679156908665104,59.501298506071265,,
AP-CIEN79,2025-04-28,10,0.0,4.0,57.76317206580247,,
AP-CIEN79,2025-04-28,21,0.0,3.5,46.787718343331875,,
AP-CIEN79,2025-04-28,23,0.5176470588235295,2.988235294117647,53.217666693198545,,
AP-CIEN79,2025-04-29,12,2.5,3.0,54.66332207972328,,
AP-CIEN80,2025-01-21,9,3.2293144208037825,3.5634357762017337,59.574282866370446,,
AP-CIEN80,2025-04-15,4,0.0,3.0,59.01453765149623,,
AP-CIEN80,2025-04-15,20,2.388758782201405,3.598360655737705,59.948722477644665,,
AP-CIEN80,2025-04-28,10,0.0,4.0,60.120944919419706,,
AP-CIEN80,2025-04-28,21,0.0,2.75,46.31071038097191,,
AP-CIEN80,2025-04-28,23,3.606741573033708,3.1235955056179776,52.167563251858624,,
AP-CIEN81,2025-04-02,13,1.4523246650906225,5.648542159180457,67.07584896574836,18.76595744680851,1.8794326241134751
AP-CIEN81,2025-04-15,4,0.0,4.981308411214953,68.37333396438376,19.0,1.0
AP-CIEN81,2025-04-15,20,4.23094958968347,7.0175849941383355,69.18027729008946,19.0,2.1137162954279014
AP-CIEN81,2025-04-28,10,0.0,11.0,70.38750167134644,19.0,4.0
AP-CIEN81,2025-04-28,21,0.0,4.0,65.01475044839091,19.0,1.75
AP-CIEN81,2025-04-28,23,1.5168539325842696,5.078651685393258,65.98185043648903,19.0,1.2247191011235956
AP-CIEN82,2025-04-02,13,1.5894405043341213,6.567375886524823,66.58780846209402,16.5531914893617,1.7076438140267927
AP-CIEN82,2025-04-15,4,0.0,5.0,67.45571010043074,17.0,1.0
AP-CIEN82,2025-04-15,20,3.0749414519906324,8.62295081967213,67.87889980876,16.66744730679157,5.194379391100703
AP-CIEN82,2025-04-28,10,0.0,13.0,70.11448788378293,17.0,16.0
AP-CIEN82,2025-04-28,21,0.0,4.0,64.99264591246114,17.0,4.75
AP-CIEN82,2025-04-28,23,0.14606741573033707,5.820224719101123,65.77523734879948,17.0,4.651685393258427
AP-CIEN83,2025-03-26,6,2.8029944838455476,3.1142631993695824,45.37671644452133,16.405043341213553,2.57919621749409
AP-CIEN83,2025-04-15,4,0.0,2.0,46.286856623364365,17.0,2.0
AP-CIEN83,2025-04-15,20,2.297423887587822,3.5843091334894615,46.39361346527299,16.443793911007027,2.710772833723653
AP-CIEN83,2025-04-28,10,0.0,6.0,46.5075701434186,16.0,3.0
AP-CIEN83,2025-04-28,22,0.0,2.0,37.79951050459211,16.0,1.5
AP-CIEN83,2025-04-28,23,3.0898876404494384,2.168539325842697,43.80466065137899,16.0,2.202247191011236
AP-CIEN84,2025-01-21,9,10.472813238770685,11.332545311268715,70.7720167845826,15.695035460992909,4.304176516942475
AP-CIEN84,2025-04-15,4,0.0,5.0,71.0870450281622,15.0,1.0
AP-CIEN84,2025-04-15,20,7.851113716295428,10.155920281359906,70.95370875246068,15.604923798358733,3.745603751465416
AP-CIEN84,2025-04-28,10,0.20833333333333334,34.0,71.99960018259459,15.0,18.0
AP-CIEN84,2025-04-29,4,1.825,5.15,66.00288294202934,15.0,1.25
AP-CIEN85,2025-03-19,19,10.660362490149724,9.126871552403466,68.6806554986399,15.787234042553191,3.442868400315209
AP-CIEN85,2025-04-15,4,0.0,6.0,68.71991576413959,15.0,1.0
AP-CIEN85,2025-04-15,20,10.697892271662763,11.899297423887587,68.15915943324956,15.769320843091334,4.309133489461359
AP-CIEN85,2025-04-28,10,0.0,18.0,69.47327517047735,15.0,8.0
AP-CIEN85,2025-04-29,4,2.1710526315789473,6.25,65.953665947218,15.0,3.1052631578947367
AP-CIEN85,2025-04-29,12,5.5,8.75,66.54307108732576,15.0,3.75
AP-CIEN86,2025-04-02,14,2.375886524822695,5.7706855791962175,66.69657993195237,15.049645390070921,2.2710795902285263
AP-CIEN86,2025-04-15,4,0.0,5.0,67.87839283326649,15.0,1.0
AP-CIEN86,2025-04-15,20,0.0,5.0,69.28550005118498,15.0,1.0
AP-CIEN86,2025-04-15,21,9.237089201877934,25.687793427230048,69.82469023763285,15.0,5.688967136150235
AP-CIEN86,2025-04-28,10,0.09090909090909091,66.0,77.31606832464233,15.0,10.0
AP-CIEN86,2025-04-28,21,0.0,4.0,64.95550089077543,15.0,3.25
AP-CIEN86,2025-04-28,23,0.19101123595505617,4.146067415730337,65.42484489400378,15.0,1.0224719101123596
AP-CIEN87,2025-04-02,14,9.389282899921199,7.290780141843972,66.83524916851503,15.049645390070921,3.8029944838455476
AP-CIEN87,2025-04-15,4,0.0,5.0,66.87057093194278,15.0,1.0
AP-CIEN87,2025-04-15,20,11.215456674473067,9.963700234192038,67.54677349741479,15.0,4.703747072599532
AP-CIEN87,2025-04-28,10,0.0,23.0,68.3216326025371,15.0,10.0
AP-CIEN87,2025-04-28,21,0.0,4.5,65.50177982073765,15.0,3.25
AP-CIEN87,2025-04-28,23,1.449438202247191,4.651685393258427,65.97810377131812,15.0,2.0786516853932584
AP-CIEN89,2025-04-02,14,5.553191489361702,6.130023640661938,66.90135040200903,15.049645390070921,2.301812450748621
AP-CIEN89,2025-04-15,4,0.0,4.0,68.19519367649396,15.0,1.0
AP-CIEN89,2025-04-15,20,5.81242672919109,7.861664712778429,68.82640219549087,15.0,2.88862837045721
AP-CIEN89,2025-04-28,10,0.0,16.0,69.44423552613985,15.0,4.0
AP-CIEN89,2025-04-29,4,0.02631578947368421,4.184210526315789,65.35280341631459,15.0,1.0
AP-CIEN89,2025-04-29,12,0.75,5.0,65.58162823353305,15.0,1.5
AP-CIEN90,2025-04-02,13,7.364066193853428,5.995271867612293,66.33539471493388,15.049645390070921,2.717888100866824
AP-CIEN90,2025-04-15,4,0.0,4.0,66.59730578954407,15.0,3.0
AP-CIEN90,2025-04-15,20,8.929660023446658,9.17116060961313,67.0532353749631,15.0,6.184056271981243
AP-CIEN90,2025-04-28,10,0.0,16.0,67.75742913491108,15.0,15.0
AP-CIEN90,2025-04-28,21,0.0,4.0,64.94655820803457,15.0,5.0
AP-CIEN90,2025-04-28,23,0.5058823529411764,4.305882352941176,65.61923170416381,15.0,1.2705882352941176
AP-CIEN90,2025-04-29,12,36.0,18.25,66.86246555459454,15.0,8.5
AP-CIEN91,2025-04-02,9,3.3490937746256897,5.277383766745469,66.6937236321516,15.049645390070921,1.9913317572892042
AP-CIEN91,2025-04-15,4,0.0,4.0,68.03048535900523,15.0,1.0
AP-CIEN91,2025-04-15,20,4.6850117096018735,6.978922716627634,68.43262588351038,15.0,2.871194379391101
AP-CIEN91,2025-04-28,10,0.0,8.0,68.8511164594197,15.0,5.0
AP-CIEN91,2025-04-28,21,0.0,4.0,65.06589299648391,15.0,2.0
AP-CIEN91,2025-04-28,23,0.5617977528089888,4.292134831460674,65.59007722940949,15.0,1.3820224719101124
AP-CIEN92,2025-04-02,14,7.4822695035460995,5.653270291568164,66.5181207282504,16.66903073286052,2.4468085106382977
AP-CIEN92,2025-04-15,4,0.0,4.0,66.72277782776197,16.0,1.0
AP-CIEN92,2025-04-15,20,0.0,4.0,67.86619069853924,16.0,1.0
AP-CIEN92,2025-04-15,21,11.014067995310668,10.621336459554513,67.64076745946008,16.0,4.296600234466588
AP-CIEN92,2025-04-28,10,0.0,68.0,71.52464400320899,16.0,9.0
AP-CIEN92,2025-04-29,4,0.3815789473684211,4.447368421052632,66.1093538521759,16.0,2.1973684210526314
AP-CIEN92,2025-04-29,12,26.25,12.25,67.40452449802154,16.0,3.5
AP-CIEN93,2025-04-02,14,10.89913317572892,6.007880220646178,66.68951465475392,16.57289204097715,2.2962962962962963
AP-CIEN93,2025-04-15,4,0.009345794392523364,4.0,67.2740346146293,16.0,1.0
AP-CIEN93,2025-04-15,20,12.399297423887587,8.951990632318502,67.5900761200876,16.0,3.88056206088993
AP-CIEN93,2025-04-28,10,0.0,63.0,69.35252039042652,16.0,10.0
AP-CIEN93,2025-04-29,4,2.0657894736842106,4.276315789473684,65.78960567556537,16.0,1.118421052631579
AP-CIEN93,2025-04-29,12,18.5,12.0,66.99943190542895,16.0,4.5
AP-CIEN94,2025-04-02,14,7.780929866036249,7.041765169424744,67.31324612840879,15.049645390070921,3.226950354609929
AP-CIEN94,2025-04-15,4,0.0,4.0,68.55528814012568,15.0,1.0
AP-CIEN94,2025-04-15,20,9.517564402810304,8.804449648711945,69.18831799558622,15.0,4.154566744730679
AP-CIEN94,2025-04-28,10,0.0,12.0,69.66990973162355,15.0,5.0
AP-CIEN94,2025-04-28,21,0.0,3.5,64.98938727656187,15.0,2.0
AP-CIEN94,2025-04-28,23,1.0898876404494382,4.561797752808989,65.63416896811306,15.0,1.2247191011235956
AP-CIEN95,2025-04-02,14,4.173364854215918,6.254531126871552,67.14459890294117,15.049645390070921,2.582348305752561
AP-CIEN95,2025-04-15,4,0.0,4.0,68.5890480324074,15.0,1.0
AP-CIEN95,2025-04-15,20,13.259953161592506,12.677985948477751,69.33412033580345,15.0,8.416861826697891
AP-CIEN95,2025-04-28,10,0.0,60.0,69.90255984987131,15.0,42.0
AP-CIEN95,2025-04-28,21,0.0,4.0,64.8618630537902,15.0,11.25
AP-CIEN95,2025-04-28,23,0.15294117647058825,4.223529411764706,65.55665091729882,15.0,1.0705882352941176
AP-CIEN95,2025-04-29,12,6.25,9.0,65.99720917788557,15.0,4.75
AP-CIEN96,2025-04-02,14,12.379038613081166,7.82033096926714,68.35780913909468,15.049645390070921,3.7084318360914104
AP-CIEN96,2025-04-15,4,0.0,4.0,67.75354456018519,15.0,1.0
AP-CIEN96,2025-04-15,20,0.0,3.0081967213114753,65.70615867603567,15.0,1.0
AP-CIEN96,2025-04-28,10,0.0,3.0,65.53244919106834,15.0,1.0
AP-CIEN96,2025-04-28,21,0.0,3.75,65.29460631042963,15.0,1.0
AP-CIEN96,2025-04-28,23,2.797752808988764,5.47191011235955,65.84270783803264,15.0,1.9550561797752808
AP-CIEN97,2025-01-21,9,5.757289204097715,4.260835303388495,58.7824849392491,,
AP-CIEN97,2025-04-15,4,0.0,2.0,61.73245777354105,,
AP-CIEN97,2025-04-15,20,0.0,3.0,63.92367500234878,,
AP-CIEN97,2025-04-15,21,6.34232121922626,4.429073856975381,60.33060880762924,,
AP-CIEN97,2025-04-28,10,0.0,16.0,55.0569779352287,,
AP-CIEN97,2025-04-28,21,0.0,1.0,48.84622241187497,,
AP-CIEN97,2025-04-28,23,2.4352941176470586,2.164705882352941,53.56582777635421,,
AP-CIEN97,2025-04-29,12,3.25,3.0,53.79527109919408,,
AP-CIEN98,2025-04-02,14,7.698975571315997,7.355397951142632,67.28270786257157,15.049645390070921,3.565011820330969
AP-CIEN98,2025-04-15,4,0.0,5.0,68.44966035106633,15.0,1.0
AP-CIEN98,2025-04-15,20,8.197892271662763,7.069086651053865,68.80076030205639,15.0,2.3747072599531616
AP-CIEN98,2025-04-28,10,0.0,5.6,68.68603966105096,15.0,1.0
AP-CIEN98,2025-04-28,21,0.0,6.0,68.68867594890695,15.0,1.0
AP-CIEN98,2025-04-28,23,0.6741573033707865,6.0,68.68867594890695,15.0,1.0
AP-CIEN99,2025-04-02,14,12.177304964539006,8.020488573680064,68.4293989463058,15.295508274231679,3.5925925925925926
AP-CIEN99,2025-04-15,4,0.0,4.0,67.88981420904935,15.0,1.0
AP-CIEN99,2025-04-15,20,8.632758620689655,35.56896551724138,70.72562172770449,15.0,8.998275862068965
AP-CIEN99,2025-04-24,12,21.817518248175183,15.788321167883211,68.45645718929593,15.0,11.102189781021897
AP-CIEN99,2025-04-28,10,0.0,14.0,68.68565316218746,15.0,9.0
AP-CIEN99,2025-04-28,21,0.0,5.25,65.31141444090328,15.0,3.0
AP-CIEN99,2025-04-28,23,0.6741573033707865,4.157303370786517,65.85238993238887,15.0,1.1235955056179776
AP-CIVIC01,2025-03-31,14,2.260835303388495,6.91725768321513,68.20254606406195,15.0,2.2923561859732073
AP-CIVIC01,2025-04-15,4,0.0,6.0,69.25307527744351,15.0,3.0
AP-CIVIC01,2025-04-15,20,2.922626025791325,7.577960140679953,69.44061614815838,15.0,2.389214536928488
AP-CIVIC01,2025-04-28,10,0.3333333333333333,13.0,70.11381869233855,15.0,4.0
AP-CIVIC01,2025-04-28,23,0.6823529411764706,5.247058823529412,65.68604635104518,15.0,1.611764705882353
AP-CIVIC01,2025-04-29,12,1.5,9.25,65.93900421179302,15.0,2.0
AP-CIVIC02,2025-03-31,14,6.641449960598897,7.270291568163908,67.96683824419927,15.0,2.42080378250591
AP-CIVIC02,2025-04-15,4,0.028037383177570093,7.0,72.28372907683179,15.0,1.0
AP-CIVIC02,2025-04-15,20,10.65807962529274,9.112412177985949,71.83152954814942,15.0,2.3969555035128804
AP-CIVIC02,2025-04-28,10,0.0,12.0,74.24260096238217,15.0,3.0
AP-CIVIC02,2025-04-28,23,1.7294117647058824,5.541176470588235,65.94989887893209,15.0,1.611764705882353
AP-CIVIC02,2025-04-29,12,2.5,5.5,66.19618346082574,15.0,1.75
AP-CIVIC03,2025-03-31,14,3.5689519306540585,6.688731284475965,69.2341869158017,15.0,3.3443656422379826
AP-CIVIC03,2025-04-15,4,0.0,5.0,70.17637703326322,15.0,2.0
AP-CIVIC03,2025-04-15,20,3.971896955503513,7.325526932084309,70.28574930231194,15.0,2.946135831381733
AP-CIVIC03,2025-04-28,10,0.0,14.0,70.59850915897847,15.0,5.0
AP-CIVIC03,2025-04-28,23,4.5058823529411764,6.188235294117647,66.8212134448269,15.0,2.6470588235294117
AP-CIVIC03,2025-04-29,12,1.5,5.75,66.97787169961308,15.0,2.25
AP-CIVIC04,2025-03-31,14,3.1379038613081165,6.698187549251379,68.51428512153029,15.0,2.702915681639086
AP-CIVIC04,2025-04-15,4,0.009345794392523364,5.0,68.68966504650523,15.0,1.0
AP-CIVIC04,2025-04-15,20,2.0421545667447307,7.250585480093677,69.06168517885892,15.0,2.250585480093677
AP-CIVIC04,2025-04-28,10,0.0,13.0,69.85275568466707,15.0,5.0
AP-CIVIC04,2025-04-28,23,0.5955056179775281,5.01123595505618,65.87500060738888,15.0,1.2921348314606742
AP-CIVIC05,2025-03-31,14,5.37037037037037,7.627265563435776,68.17313913421438,15.0,2.7037037037037037
AP-CIVIC05,2025-04-15,4,0.009345794392523364,7.0,71.17541005757515,15.0,1.0
AP-CIVIC05,2025-04-15,20,5.655737704918033,8.94847775175644,70.72933122996696,15.0,2.5866510538641685
AP-CIVIC05,2025-04-28,10,0.0,13.0,72.77309735488535,15.0,3.0
AP-CIVIC05,2025-04-28,23,0.8314606741573034,5.640449438202247,65.92177575060121,15.0,1.5617977528089888
AP-CIVIC06,2025-03-12,14,9.727344365642239,5.2017336485421595,55.97069922571407,,
AP-CIVIC06,2025-04-15,4,0.0,3.0,52.63206438174415,,
AP-CIVIC06,2025-04-15,20,6.947306791569087,5.423887587822014,56.048344768309526,,
AP-CIVIC06,2025-04-28,10,0.0,7.0,54.23465474098126,,
AP-CIVIC06,2025-04-28,23,4.808988764044944,3.1123595505617976,55.2496778845301,,
AP-CIVIC07,2025-03-31,14,5.819542947202522,8.092986603624901,74.12177050037904,15.0,3.219070133963751
AP-CIVIC07,2025-04-15,4,0.009345794392523364,7.0,78.48492380227135,15.0,1.0
AP-CIVIC07,2025-04-15,20,4.4063231850117095,7.7330210772833725,76.24821843134515,15.0,2.659250585480094
AP-CIVIC07,2025-04-28,10,0.0,11.0,77.83326680591071,15.0,3.0
AP-CIVIC07,2025-04-28,23,1.9887640449438202,5.741573033707865,71.73003141972852,15.0,1.7415730337078652
AP-CIVIC08,2025-03-31,14,18.181245074862098,10.52561071710008,72.38933279228554,21.0,4.5650118203309695
AP-CIVIC08,2025-04-15,4,0.009345794392523364,8.0,75.04562738552487,21.0,1.0
AP-CIVIC08,2025-04-15,20,20.355216881594373,11.661195779601407,73.601145416755,21.0,4.35052754982415
AP-CIVIC08,2025-04-28,10,0.4,25.0,75.72202166064982,21.0,4.0
AP-CIVIC08,2025-04-28,23,4.023529411764706,6.741176470588235,67.38230379928997,21.0,4.223529411764706
AP-CIVIC08,2025-04-29,12,11.25,16.75,67.86999448063955,21.0,12.75
AP-CIVIC09,2025-03-31,14,4.7131599684791174,8.002364066193854,70.91941433985592,15.217494089834515,2.7336485421591803
AP-CIVIC09,2025-04-15,4,0.0,6.0,72.77120799878092,15.0,1.0
AP-CIVIC09,2025-04-15,20,11.21311475409836,10.129976580796253,73.76249033847637,15.0,2.5421545667447307
AP-CIVIC09,2025-04-28,10,0.0,13.0,76.17203168872844,15.0,4.0
AP-CIVIC09,2025-04-28,23,0.3595505617977528,6.808988764044944,67.27702915923246,15.0,8.101123595505618
AP-CIVIC10,2025-04-02,9,8.332545311268715,9.390070921985815,71.67737831426994,15.0,3.513002364066194
AP-CIVIC10,2025-04-15,4,0.0,7.0,73.95624415028747,15.0,1.0
AP-CIVIC10,2025-04-15,20,0.0,5.0,72.55348178023466,15.0,1.0
AP-CIVIC10,2025-04-15,21,10.058616647127785,11.724501758499414,73.0590776743206,15.0,3.733880422039859
AP-CIVIC10,2025-04-28,10,0.0,27.0,75.19157808530552,15.0,10.0
AP-CIVIC10,2025-04-28,23,3.955056179775281,8.730337078651685,67.35153758385135,15.0,4.179775280898877
AP-CIVIC11,2025-03-31,14,11.088258471237195,9.4026792750197,69.60455505257568,15.0,3.9330181245074862
AP-CIVIC11,2025-04-15,4,0.009345794392523364,6.009345794392523,73.12580288939677,15.0,1.0
AP-CIVIC11,2025-04-15,20,10.530444964871194,12.101873536299765,72.93649400607268,15.0,4.06440281030445
AP-CIVIC11,2025-04-28,10,0.0,28.0,75.40279449124215,15.0,19.0
AP-CIVIC11,2025-04-28,23,2.49438202247191,7.067415730337078,67.32894051641647,15.0,3.044943820224719
AP-CIVIC12,2025-03-31,14,15.177304964539006,11.47438928289992,73.31498537725594,15.0,5.120567375886525
AP-CIVIC12,2025-04-15,4,0.009345794392523364,7.0,74.24009394272714,15.0,4.0
AP-CIVIC12,2025-04-15,20,0.0,7.0,74.24009394272714,15.0,4.0
AP-CIVIC12,2025-04-15,21,12.331770222743259,11.992966002344666,73.639352507431,15.0,3.720984759671747
AP-CIVIC12,2025-04-28,10,0.0,17.0,75.89612079186305,15.0,6.0
AP-CIVIC12,2025-04-28,23,4.640449438202247,9.49438202247191,68.69000061419634,15.0,5.47191011235955
AP-CREAF01,2025-02-07,23,2.5319148936170213,4.366430260047282,58.67335569846382,,
AP-CREAF01,2025-04-15,4,0.0,2.0,61.48042791097422,,
AP-CREAF01,2025-04-15,20,2.34192037470726,3.4004683840749412,59.759275127313416,,
AP-CREAF01,2025-04-28,10,0.0,5.0,59.24788667199821,,
AP-CREAF01,2025-04-28,21,0.0,15.75,51.295930619080785,,
AP-CREAF01,2025-04-28,23,3.146067415730337,14.168539325842696,55.68599592229094,,
AP-CREAF02,2025-01-21,9,2.962174940898345,4.495665878644602,59.19118814602961,,
AP-CREAF02,2025-04-15,4,0.0,3.0,57.15300517647921,,
AP-CREAF02,2025-04-15,20,2.4982415005861665,3.3505275498241502,60.36176399137742,,
AP-CREAF02,2025-04-28,10,0.0,4.0,61.57340678327303,,
AP-CREAF02,2025-04-28,21,0.0,2.5,57.177816837363686,,
AP-CREAF02,2025-04-28,23,1.348314606741573,2.235955056179775,55.98531950040183,,
AP-CREAF03,2025-04-02,9,1.6808510638297873,3.1347517730496453,56.99236616253837,,
AP-CREAF03,2025-04-15,4,0.0,2.0,57.39874802704192,,
AP-CREAF03,2025-04-15,20,0.9437939110070258,2.4168618266978923,56.861694892691894,,
AP-CREAF03,2025-04-28,10,0.0,3.0,58.8878002713126,,
AP-CREAF03,2025-04-28,23,2.752808988764045,2.651685393258427,55.50409249432785,,
AP-CREAF04,2025-01-26,7,2.7825059101654848,3.020488573680063,56.80179256068398,,
AP-CREAF04,2025-04-15,4,0.0,2.9906542056074765,60.897070936373446,,
AP-CREAF04,2025-04-15,20,2.525205158264947,2.447831184056272,57.10409400645203,,
AP-CREAF04,2025-04-28,10,0.0,4.0,54.824695890439216,,
AP-CREAF04,2025-04-28,23,2.764044943820225,2.044943820224719,54.72807826668908,,
AP-CREAF05,2025-04-02,9,3.2537431048069347,3.0031520882584712,57.49458023614742,,
AP-CREAF05,2025-04-15,4,0.0,2.0,61.102849011336005,,
AP-CREAF05,2025-04-15,20,3.978922716627635,2.8138173302107727,58.57447437512571,,
AP-CREAF05,2025-04-28,10,0.0,3.0,55.327202066008695,,
AP-CREAF05,2025-04-28,23,4.640449438202247,2.9213483146067416,56.26297544972,,
AP-CREAF06,2025-01-29,7,6.142657342657342,3.300699300699301,56.83789231535678,,
AP-CREAF06,2025-04-08,19,5.637184115523466,3.4241877256317688,57.065320004425146,,
AP-CREAF06,2025-04-15,4,0.0,2.0,57.36322803548146,,
AP-CREAF06,2025-04-15,20,5.448477751756441,3.322014051522248,56.18172471083189,,
AP-CREAF06,2025-04-28,10,0.0,6.0,51.27945425839315,,
AP-CREAF06,2025-04-28,23,2.606741573033708,2.4831460674157304,53.48410036740332,,
AP-CREAF07,2025-04-02,9,4.727344365642238,3.2135539795114263,57.756768016417794,,
AP-CREAF07,2025-04-15,4,0.0,2.0,59.932262080170126,,
AP-CREAF07,2025-04-15,20,1.0,1.0,56.19025652101184,,
AP-CREAF07,2025-04-15,21,3.241500586166471,2.883939038686987,54.587815688812356,,
AP-CREAF07,2025-04-28,10,0.0,4.0,54.422693098256865,,
AP-CREAF07,2025-04-28,23,2.2247191011235956,2.4269662921348316,53.39193204283401,,
AP-CREAF08,2025-01-29,12,5.321513002364066,8.92828999211978,68.86968466795928,16.150512214342,4.086682427107959
AP-CREAF08,2025-04-15,4,0.0,4.0,68.81211728778078,17.0,1.0
AP-CREAF08,2025-04-15,20,4.263466042154567,7.433255269320843,69.49909194723074,16.20023419203747,3.160421545667447
AP-CREAF08,2025-04-28,10,0.0,11.0,69.72857333868164,16.0,4.0
AP-CREAF08,2025-04-28,21,0.0,4.5,65.14210655721436,16.0,1.75
AP-CREAF08,2025-04-28,23,3.4831460674157304,6.98876404494382,65.85119983894981,16.0,2.651685393258427
AP-DEMOGRAF01,2025-01-21,9,3.2884160756501184,3.533490937746257,57.40567336661211,,
AP-DEMOGRAF01,2025-04-15,4,0.0,4.94392523364486,59.70529262811777,,
AP-DEMOGRAF01,2025-04-15,20,3.9413833528722155,3.6588511137162953,60.51034569644377,,
AP-DEMOGRAF01,2025-04-28,10,0.45454545454545453,9.0,56.50148760761417,,
AP-DEMOGRAF01,2025-04-28,21,1.0,2.25,54.49417599542389,,
AP-DEMOGRAF01,2025-04-28,23,1.7303370786516854,2.5280898876404496,57.481951753007706,,
AP-DEMOGRAF03,2025-01-21,9,1.780929866036249,3.0835303388494877,58.80699252170498,,
AP-DEMOGRAF03,2025-04-15,4,0.0,3.0,58.68016966202793,,
AP-DEMOGRAF03,2025-04-15,20,2.4508196721311477,3.271662763466042,60.56107222053798,,
AP-DEMOGRAF03,2025-04-28,10,0.0,5.0,56.13365668187454,,
AP-DEMOGRAF03,2025-04-28,21,0.25,2.0,47.9496539991109,,
AP-DEMOGRAF03,2025-04-28,23,4.853932584269663,2.5730337078651684,53.249266463651686,,
AP-DEMOGRAF04,2025-01-29,7,1.0047281323877069,2.595744680851064,56.84885219032356,,
AP-DEMOGRAF04,2025-04-15,4,0.0,2.0,57.74718891284771,,
AP-DEMOGRAF04,2025-04-15,20,0.0,2.0,57.74718891284771,,
AP-DEMOGRAF04,2025-04-15,21,0.7655334114888629,3.037514654161782,60.12655769672882,,
AP-DEMOGRAF04,2025-04-28,10,0.0,5.0,56.66890612217775,,
AP-DEMOGRAF04,2025-04-28,22,1.0,2.0,53.72374165610671,,
AP-DEMOGRAF04,2025-04-28,23,1.8202247191011236,2.49438202247191,54.356830781890615,,
AP-DISP01,2025-01-29,11,1.4159702878365832,5.194986072423398,69.89576803787645,16.464252553389045,1.4391829155060354
AP-DISP01,2025-04-11,18,0.0,4.0,68.78593394838882,16.0,1.0
AP-DISP01,2025-04-22,5,1.472972972972973,4.934121621621622,65.91422558442532,16.20608108108108,1.6114864864864864
AP-DISP01,2025-04-28,10,2.8,13.8,64.57016299283828,16.0,2.0
AP-DISP01,2025-04-28,12,0.0,4.0,65.53271469141373,16.0,1.0
AP-DISP01,2025-04-28,20,0.0,4.0,65.54101484155636,16.0,1.0
AP-DISP01,2025-04-28,21,0.0,4.0,65.24184382938896,16.0,1.0
AP-DISP01,2025-04-28,23,1.3820224719101124,4.280898876404494,65.6549273637416,16.0,1.0674157303370786
AP-DISP02,2025-01-31,23,5.506035283194057,5.886722376973073,70.07621868654567,16.464252553389045,2.050139275766017
AP-DISP02,2025-04-11,18,0.0,16.0,63.70169808797968,16.0,1.0
AP-DISP02,2025-04-22,5,5.051926298157454,5.750418760469012,66.37111240501356,16.20435510887772,2.6147403685092128
AP-DISP02,2025-04-28,12,3.0,4.0,65.81110486097184,16.0,1.0
AP-DISP02,2025-04-28,20,0.0,4.0,65.79067221553684,16.0,1.0
AP-DISP02,2025-04-28,21,2.5,4.75,65.36138672005575,16.0,1.0
AP-DISP02,2025-04-28,23,4.797752808988764,4.741573033707865,66.17217145419394,16.0,1.6853932584269662
AP-DRET01,2025-01-21,9,3.1252955082742315,4.594956658786446,60.946033238155,,
AP-DRET01,2025-04-15,4,0.0,2.0,65.09896471111713,,
AP-DRET01,2025-04-15,20,2.8758782201405153,4.600702576112412,60.76596592802944,,
AP-DRET01,2025-04-28,10,0.0,5.0,59.99170480090377,,
AP-DRET01,2025-04-28,21,0.75,2.75,57.10289043720512,,
AP-DRET01,2025-04-28,23,0.8876404494382022,2.247191011235955,55.01572577855546,,
AP-DRET02,2025-04-02,9,13.303388494877856,12.479905437352246,76.66042954593891,16.016548463356973,2.178092986603625
AP-DRET02,2025-04-15,4,0.009345794392523364,9.0,77.01815082230245,16.0,1.0
AP-DRET02,2025-04-15,20,8.069086651053864,11.333723653395785,74.04407334284777,15.899297423887587,2.997658079625293
AP-DRET02,2025-04-28,10,0.1,15.0,75.76296964834872,16.0,3.0
AP-DRET02,2025-04-28,21,0.0,4.5,63.714149945367865,16.0,1.5
AP-DRET02,2025-04-28,23,2.3294117647058825,5.729411764705882,64.49460092886306,16.0,1.6
AP-DRET02,2025-04-29,12,2.25,6.5,65.20653663591389,16.0,1.75
AP-DRET03,2025-04-01,15,10.150442477876107,10.185840707964601,69.26339254460177,17.52802359882006,5.283185840707965
AP-DRET03,2025-04-05,14,11.066666666666666,10.666666666666666,71.40721998185421,17.321505376344085,3.8860215053763443
AP-DRET03,2025-04-15,4,0.0,6.0,72.40210088247092,18.0,1.0
AP-DRET03,2025-04-15,20,14.42086752637749,20.830011723329427,73.06691415813584,18.21453692848769,4.123094958968347
AP-DRET03,2025-04-28,10,0.0,70.0,82.57320530036185,19.0,22.0
AP-DRET03,2025-04-28,21,0.0,4.0,65.14661870294115,19.0,6.25
AP-DRET03,2025-04-28,23,0.6853932584269663,4.348314606741573,66.04174437283241,19.0,1.2247191011235956
AP-DRET04,2025-04-01,15,6.908554572271386,6.84070796460177,66.5946164382105,15.938053097345133,2.713864306784661
AP-DRET04,2025-04-05,14,7.523655913978494,10.022580645161291,67.18104436120736,16.0,4.80752688172043
AP-DRET04,2025-04-15,4,0.0,4.0,67.05191202032357,16.0,1.0
AP-DRET04,2025-04-15,20,10.90632318501171,11.601873536299765,67.95506864524019,15.8711943793911,6.046838407494145
AP-DRET04,2025-04-28,10,0.0,8.0,69.21964834870973,15.0,7.0
AP-DRET04,2025-04-28,21,0.0,4.0,65.06610191478849,15.0,2.5
AP-DRET04,2025-04-28,23,0.02247191011235955,4.078651685393258,65.62430425363067,15.0,1.0
AP-DRET05,2025-02-28,8,12.230088495575222,4.660766961651918,57.722931897776114,,
AP-DRET05,2025-04-05,14,5.514767932489452,3.5443037974683542,57.52600735245824,,
AP-DRET05,2025-04-07,14,0.0,14.0,54.95195243665746,,
AP-DRET05,2025-04-09,6,14.240816326530613,4.387755102040816,55.557725741838794,,
AP-DRET05,2025-04-11,6,0.0,9.0,55.43977158413096,,
AP-DRET05,2025-04-11,10,1.4100418410041842,1.9414225941422594,57.110612599393804,,
AP-DRET05,2025-04-15,4,0.0,2.0,58.06350782658909,,
AP-DRET05,2025-04-15,20,6.611957796014068,3.343493552168816,57.981494464815064,,
AP-DRET05,2025-04-28,10,0.0,3.0,55.698480970309134,,
AP-DRET05,2025-04-28,22,0.0,2.0,53.94567887009993,,
AP-DRET05,2025-04-28,23,0.2,1.964705882352941,53.42380269402564,,
AP-DRET05,2025-04-29,12,0.25,2.0,53.47510409099971,,
AP-DRET06,2025-04-01,15,8.00589970501475,7.849557522123894,67.07068388271514,15.938053097345133,3.734513274336283
AP-DRET06,2025-04-05,14,8.675268817204302,9.856989247311828,67.76600811306717,15.98279569892473,5.279569892473118
AP-DRET06,2025-04-15,4,0.0,5.0,68.46419975932612,16.0,1.0
AP-DRET06,2025-04-15,20,12.37704918032787,12.87704918032787,68.67948475139055,15.943793911007026,6.428571428571429
AP-DRET06,2025-04-28,10,0.0,22.0,70.34947853991176,16.0,8.0
AP-DRET06,2025-04-28,21,0.0,4.0,65.22370955733345,16.0,2.75
AP-DRET06,2025-04-28,23,0.047058823529411764,4.011764705882353,65.91319807747232,16.0,1.0235294117647058
AP-DRET06,2025-04-29,12,4.75,10.5,66.51001955867054,16.0,2.0
AP-DRET07,2025-04-02,9,1.7935382190701339,3.91016548463357,58.721809952165195,,
AP-DRET07,2025-04-15,4,0.0,2.0,59.7900535521555,,
AP-DRET07,2025-04-15,20,1.6107854630715124,3.873388042203986,59.07846533966441,,
AP-DRET07,2025-04-28,10,0.0,4.0,58.77732890006118,,
AP-DRET07,2025-04-28,21,0.0,2.5,53.62297958481612,,
AP-DRET07,2025-04-28,23,2.7191011235955056,2.460674157303371,54.26428329111625,,
AP-DRET08,2025-04-02,9,13.029944838455476,10.516942474389284,69.6654876995364,16.131599684791173,5.125295508274232
AP-DRET08,2025-04-15,4,0.0,6.990654205607477,70.87398063487421,16.0,1.0
AP-DRET08,2025-04-15,20,0.0,4.0,69.65570328691169,16.0,1.0
AP-DRET08,2025-04-15,21,10.693661971830986,13.183098591549296,69.83287015860151,15.811032863849766,4.926056338028169
AP-DRET08,2025-04-28,10,0.0,24.0,71.5464955521293,17.0,16.0
AP-DRET08,2025-04-28,21,0.0,5.0,65.28145425028622,17.0,4.75
AP-DRET08,2025-04-28,23,11.808988764044944,10.887640449438202,66.49841932029298,17.0,5.617977528089888
AP-DRET09,2025-04-01,15,18.141592920353983,15.59882005899705,68.91444485901478,15.0,10.769911504424778
AP-DRET09,2025-04-05,14,11.353763440860215,11.863440860215054,69.22032106424646,15.0,5.841935483870968
AP-DRET09,2025-04-15,4,0.0,4.0,69.1929068057227,15.0,1.0
AP-DRET09,2025-04-15,20,15.524590163934427,16.28103044496487,70.19854624161059,15.0,9.556206088992974
AP-DRET09,2025-04-28,10,0.0,17.0,70.81787337879395,15.0,6.0
AP-DRET09,2025-04-28,22,0.0,4.0,65.79238491038797,15.0,1.0
AP-DRET09,2025-04-28,23,0.0,4.0,66.06627667168593,15.0,1.0
AP-DRET09,2025-04-29,3,0.1728395061728395,4.925925925925926,66.350565413211,15.0,1.0864197530864197
AP-DRET10,2025-04-02,9,10.03834808259587,4.415929203539823,59.35058292061645,,
AP-DRET10,2025-04-05,14,9.419354838709678,4.7064516129032254,59.17848517633557,,
AP-DRET10,2025-04-15,4,0.0,2.0,60.879886891981386,,
AP-DRET10,2025-04-15,20,14.121779859484777,5.319672131147541,58.50498558828293,,
AP-DRET10,2025-04-28,10,0.6,7.0,54.73846062186497,,
AP-DRET10,2025-04-28,21,0.0,2.0,49.78582610845171,,
AP-DRET10,2025-04-28,23,0.16470588235294117,2.0,52.93870174405416,,
AP-DRET10,2025-04-29,12,20.75,6.0,53.65909921900242,,
AP-DRET11,2025-04-01,15,8.333333333333334,9.466076696165192,67.48462314864794,15.0,4.433628318584071
AP-DRET11,2025-04-05,14,9.688172043010752,11.581720430107527,67.94615525018551,15.0,5.558064516129032
AP-DRET11,2025-04-15,4,0.0,4.0,67.75387752373312,15.0,1.0
AP-DRET11,2025-04-15,20,13.300936768149883,14.960187353629976,68.25888020402776,15.0,7.79976580796253
AP-DRET11,2025-04-28,10,0.0,9.0,68.511206377858,15.0,3.0
AP-DRET11,2025-04-28,21,0.0,4.0,65.23127305282918,15.0,1.5
AP-DRET11,2025-04-28,23,0.14606741573033707,4.146067415730337,65.89425487191619,15.0,1.0674157303370786
AP-DRET12,2025-04-01,15,14.533923303834808,11.628318584070797,67.20645936502923,15.0,7.053097345132743
AP-DRET12,2025-04-05,14,12.326881720430107,12.353763440860215,67.49676683128419,15.131182795698924,6.538709677419355
AP-DRET12,2025-04-15,4,0.0,4.0,67.2680467927018,15.0,1.0
AP-DRET12,2025-04-15,20,14.473622508792497,14.04923798358734,70.34408717941767,15.137162954279015,7.269636576787808
AP-DRET12,2025-04-28,10,0.0,51.0,71.83029148281857,15.0,55.0
AP-DRET12,2025-04-28,21,0.0,4.0,65.30414310459912,15.0,14.5
AP-DRET12,2025-04-28,23,0.09411764705882353,4.211764705882353,65.96879903435502,15.0,1.011764705882353
AP-DRET12,2025-04-29,12,17.25,10.5,66.76978825215812,15.0,5.0
AP-DRET13,2024-11-13,16,0.0,15.0,42.597147064484865,,
AP-DRET14,2025-04-01,15,5.941002949852507,7.870206489675517,66.88684218782416,16.0,3.5870206489675516
AP-DRET14,2025-04-05,14,8.493548387096775,10.356989247311828,67.51760529841981,16.125806451612902,5.786021505376344
AP-DRET14,2025-04-15,4,0.0,4.0,67.53830818532936,16.0,1.0
AP-DRET14,2025-04-15,20,9.201405152224824,11.176814988290397,68.58805790275515,16.072599531615925,4.936768149882904
AP-DRET14,2025-04-28,10,0.0,12.0,70.03192271694077,17.0,6.0
AP-DRET14,2025-04-28,21,0.0,4.0,65.31789009225832,17.0,2.25
AP-DRET14,2025-04-28,23,0.03529411764705882,4.035294117647059,65.94343182049444,17.0,1.0
AP-DRET14,2025-04-29,12,0.5,5.0,66.41830442295719,17.0,1.25
AP-DRET15,2025-04-01,15,11.208037825059101,9.592592592592593,69.24917792571286,15.0,4.12214342001576
AP-DRET15,2025-04-15,4,0.009345794392523364,4.0,69.56645273432277,15.0,1.0
AP-DRET15,2025-04-15,20,11.026806526806526,12.78088578088578,70.16224537666166,15.0,4.054778554778554
AP-DRET15,2025-04-28,11,0.0,41.0,72.63365254744535,15.0,6.0
AP-DRET15,2025-04-28,21,0.0,4.5,65.4223908649949,15.0,2.25
AP-DRET15,2025-04-28,23,1.4943820224719102,5.393258426966292,66.24524327204422,15.0,1.4157303370786516
AP-DRET16,2025-04-02,9,6.515366430260047,8.245862884160756,68.5279528818563,15.0,3.4200157604412924
AP-DRET16,2025-04-15,4,0.0,4.0,68.50816763549113,15.0,1.0
AP-DRET16,2025-04-15,20,7.578088578088578,9.645687645687646,68.72900960371757,15.0,3.365967365967366
AP-DRET16,2025-04-28,11,0.0,44.0,70.31020189864957,15.0,27.0
AP-DRET16,2025-04-28,21,0.0,4.0,65.02820364468428,15.0,7.5
AP-DRET16,2025-04-28,23,0.7528089887640449,4.561797752808989,65.5864079549729,15.0,1.1910112359550562
AP-DRET17,2025-04-01,15,9.578171091445428,9.76401179941003,67.16216463050203,15.0,6.297935103244837
AP-DRET17,2025-04-05,14,6.360215053763441,9.027956989247311,67.71487351875237,15.0,4.768817204301075
AP-DRET17,2025-04-15,4,0.0,4.0,67.90459157916308,15.0,1.0
AP-DRET17,2025-04-15,20,0.0,4.0,69.27045793325478,15.0,1.0
AP-DRET17,2025-04-15,21,7.580985915492958,21.272300469483568,69.73526940252616,15.0,5.314553990610329
AP-DRET17,2025-04-28,10,0.0,14.0,69.84911920042786,15.0,3.0
AP-DRET17,2025-04-28,21,0.0,4.0,65.92061940098944,15.0,1.5
AP-DRET17,2025-04-28,23,0.10112359550561797,4.089887640449438,66.55258502188619,15.0,1.0112359550561798
AP-DRET18,2025-04-01,15,7.566371681415929,8.265486725663717,67.91251117797668,15.938053097345133,3.9793510324483776
AP-DRET18,2025-04-05,14,8.672043010752688,9.65268817204301,68.46311035847731,15.946236559139784,4.668817204301075
AP-DRET18,2025-04-15,4,0.0,4.0,68.38452811710404,15.0,1.0
AP-DRET18,2025-04-15,20,7.42672919109027,9.490035169988277,68.5041043533228,15.137162954279015,4.090269636576788
AP-DRET18,2025-04-28,10,0.0,42.0,69.40282726530118,15.0,38.0
AP-DRET18,2025-04-28,21,0.0,3.75,65.05645005233403,15.0,10.25
AP-DRET18,2025-04-28,23,0.2696629213483146,4.101123595505618,65.77432817272258,15.0,1.0
AP-DRET19,2025-04-01,15,6.368731563421829,7.817109144542773,68.15458119494046,15.938053097345133,3.84070796460177
AP-DRET19,2025-04-05,14,5.494623655913978,8.393548387096773,68.58021609181222,16.0,4.474193548387097
AP-DRET19,2025-04-15,4,0.0,4.0,68.43912956277578,16.0,1.0
AP-DRET19,2025-04-15,20,6.453692848769051,10.354044548651817,67.9860098581384,15.638921453692848,5.002344665885111
AP-DRET19,2025-04-28,10,0.0,6.0,67.40261730240506,15.0,1.0
AP-DRET19,2025-04-28,21,0.0,4.0,65.27192806524937,15.0,1.0
AP-DRET19,2025-04-28,23,0.08235294117647059,4.047058823529412,65.86473314004704,15.0,1.0470588235294118
AP-DRET19,2025-04-29,12,0.5,5.0,65.94777878058565,15.0,1.0
AP-DRET20,2025-04-01,15,6.000788022064618,7.659574468085107,68.09272271513196,15.964539007092199,4.290780141843972
AP-DRET20,2025-04-15,4,0.0,4.0,68.9630966706779,16.0,1.0
AP-DRET20,2025-04-15,20,1.7365339578454333,6.437939110070258,69.74148250683247,15.462529274004684,2.072599531615925
AP-DRET20,2025-04-28,10,0.0,11.0,70.5881481168104,15.0,23.0
AP-DRET20,2025-04-28,21,0.0,3.75,65.03179687630573,15.0,6.5
AP-DRET20,2025-04-28,23,0.6352941176470588,4.317647058823529,65.5556754915602,15.0,1.0588235294117647
AP-DRET20,2025-04-29,12,0.25,4.5,65.74771828567907,15.0,1.0
AP-DRET21,2025-01-21,9,3.9410029498525074,3.5545722713864305,60.75095337240387,,
AP-DRET21,2025-04-05,14,6.311827956989247,4.036559139784946,61.074348020321395,,
AP-DRET21,2025-04-15,4,0.0,2.0,65.7897904602919,,
AP-DRET21,2025-04-15,20,0.0,2.0,65.96356070275459,,
AP-DRET21,2025-04-15,21,7.772567409144197,4.584994138335287,62.23321372344498,,
AP-DRET21,2025-04-28,10,0.0,6.0,55.67705552512964,,
AP-DRET21,2025-04-28,21,0.0,3.0,54.128786940274566,,
AP-DRET21,2025-04-28,23,0.5393258426966292,2.067415730337079,55.428478184087254,,
AP-DRET22,2025-04-01,15,8.940110323089046,8.667454688731285,67.14020403260022,15.0,4.171000788022065
AP-DRET22,2025-04-15,4,0.0,5.0,67.92296208174751,15.0,1.0
AP-DRET22,2025-04-15,20,4.345433255269321,6.4976580796252925,68.63134290788432,15.0,1.8805620608899298
AP-DRET22,2025-04-28,10,0.0,7.0,70.03359406337746,15.0,2.0
AP-DRET22,2025-04-28,21,0.0,4.0,65.07053000354117,15.0,1.25
AP-DRET22,2025-04-28,23,0.3707865168539326,4.224719101123595,65.54492087295505,15.0,1.0224719101123596
AP-DRET23,2025-01-29,22,1.24822695035461,3.3821907013396375,59.848928236036436,,
AP-DRET23,2025-04-15,4,0.0,2.0,65.45072491332434,,
AP-DRET23,2025-04-15,20,1.3442622950819672,3.440281030444965,62.427311342547604,,
AP-DRET23,2025-04-28,10,0.0,4.0,56.15655011377255,,
AP-DRET23,2025-04-28,21,0.0,2.0,48.809077872327265,,
AP-DRET23,2025-04-28,23,0.7191011235955056,2.0224719101123596,52.559474510350114,,
AP-DRET24,2025-01-21,9,0.7470449172576832,3.144996059889677,58.08557580692285,,
AP-DRET24,2025-04-15,4,0.0,3.0,62.25065708517703,,
AP-DRET24,2025-04-15,20,0.8124267291910903,3.220398593200469,60.85413446853641,,
AP-DRET24,2025-04-28,10,0.0,4.0,56.79404303879266,,
AP-DRET24,2025-04-28,21,0.0,1.25,51.39579310094936,,
AP-DRET24,2025-04-28,23,0.30337078651685395,2.460674157303371,52.17734666523496,,
AP-DRET25,2025-04-02,9,0.4996059889676911,2.971631205673759,60.99103254001302,,
AP-DRET25,2025-04-15,4,0.0,2.0,61.99386287455954,,
AP-DRET25,2025-04-15,20,0.6166471277842908,2.9941383352872215,61.98665433357127,,
AP-DRET25,2025-04-28,10,0.0,4.0,56.595714452665796,,
AP-DRET25,2025-04-28,21,0.0,2.0,48.64803167328144,,
AP-DRET25,2025-04-28,23,0.058823529411764705,2.011764705882353,50.62755720337755,,
AP-DRET25,2025-04-29,12,0.0,2.0,50.94699286143122,,
AP-DRET26,2025-04-02,9,3.219858156028369,3.6958234830575254,60.04315954536579,,
AP-DRET26,2025-04-15,4,0.0,2.0,64.54134261113609,,
AP-DRET26,2025-04-15,20,2.3840749414519906,3.613583138173302,62.11888919868148,,
AP-DRET26,2025-04-28,10,0.0,6.0,61.22762072149901,,
AP-DRET26,2025-04-28,21,1.0,2.0,56.37380677742973,,
AP-DRET26,2025-04-28,23,1.7640449438202248,2.303370786516854,56.839735644082765,,
AP-DRET27,2025-04-02,10,10.522458628841608,37.22379826635146,66.28781243992904,,
AP-DRET27,2025-04-15,4,0.0,28.0,60.35479162322381,,
AP-DRET27,2025-04-15,20,11.459940652818991,36.439169139465875,67.27442398829666,,
AP-DRET27,2025-04-25,9,3.3333333333333335,52.0,70.8854552162366,,
AP-DRET27,2025-04-25,10,13.136363636363637,39.16477272727273,68.1698154069034,,
AP-DRET27,2025-04-28,10,1.9090909090909092,44.0,70.7088277703559,,
AP-DRET27,2025-04-28,21,1.25,2.25,57.13437517186186,,
AP-DRET27,2025-04-28,23,6.359550561797753,3.707865168539326,55.10602047896909,,
AP-DRET28,2025-01-21,9,2.4736012608353035,6.79117415287628,71.80327934746256,15.0,1.7344365642237982
AP-DRET28,2025-04-15,4,0.018691588785046728,5.0,70.42803182243615,15.0,1.0
AP-DRET28,2025-04-15,20,2.5017584994138335,6.929660023446659,70.57277057080654,15.0,1.9026963657678782
AP-DRET28,2025-04-28,10,0.0,16.0,70.68096333797132,15.0,8.0
AP-DRET28,2025-04-28,21,0.0,5.0,65.20386231839777,15.0,2.75
AP-DRET28,2025-04-28,23,0.10112359550561797,4.50561797752809,65.7561000873255,15.0,1.3932584269662922
AP-DRET29,2025-04-02,9,0.44129235618597323,5.847911741528763,71.86201720751664,15.0,1.1891252955082743
AP-DRET29,2025-04-15,4,0.0,5.0,71.83192377910486,15.0,1.0
AP-DRET29,2025-04-15,20,0.0,5.0,73.02112581895976,15.0,1.0
AP-DRET29,2025-04-15,21,0.21688159437280188,6.003516998827667,71.78016139365499,15.0,1.3048065650644782
AP-DRET29,2025-04-28,10,0.0,8.0,71.9479549248312,15.0,2.0
AP-DRET29,2025-04-28,21,0.0,4.0,65.03977820841064,15.0,1.25
AP-DRET29,2025-04-28,23,0.07865168539325842,4.550561797752809,65.47023822748875,15.0,1.0
AP-DRET30,2025-02-07,15,9.221434200157605,6.557919621749409,63.553871115889685,,
AP-DRET30,2025-04-15,4,0.0,3.0,64.75422608313073,,
AP-DRET30,2025-04-15,20,0.0,3.0,64.5626359140874,,
AP-DRET30,2025-04-15,21,8.812206572769954,6.049295774647887,64.45103417583285,,
AP-DRET30,2025-04-28,10,0.5454545454545454,11.0,64.42780312421947,,
AP-DRET30,2025-04-28,21,0.75,2.0,49.57324372933361,,
AP-DRET30,2025-04-28,23,2.303370786516854,2.808988764044944,54.7273717905377,,
AP-DRET31,2025-02-09,21,8.029944838455476,5.8959810874704495,62.598137399265504,,
AP-DRET31,2025-04-15,4,0.009345794392523364,3.0,66.504657026744,,
AP-DRET31,2025-04-15,20,6.429742388758783,5.558548009367682,64.10369116061032,,
AP-DRET31,2025-04-28,10,0.0,7.0,65.71745451962319,,
AP-DRET31,2025-04-28,21,0.0,2.0,50.91610427260041,,
AP-DRET31,2025-04-28,23,0.6179775280898876,2.1797752808988764,52.765708943173664,,
AP-DRET32,2025-01-21,9,12.042553191489361,7.37746256895193,62.89272762949381,,
AP-DRET32,2025-04-15,4,0.0,3.0,64.14199685149073,,
AP-DRET32,2025-04-15,20,8.05158264947245,6.743259085580305,63.714394185090846,,
AP-DRET32,2025-04-28,10,0.45454545454545453,10.0,64.37059102720688,,
AP-DRET32,2025-04-28,21,0.0,2.0,47.16556290774226,,
AP-DRET32,2025-04-28,23,2.0224719101123596,2.5842696629213484,52.58959816907772,,
AP-DRET35,2025-04-02,9,0.5484633569739953,3.3041765169424746,60.015633557175576,,
AP-DRET35,2025-04-15,4,0.0,3.9906542056074765,59.21588312265997,,
AP-DRET35,2025-04-15,20,0.8594847775175644,3.1943793911007026,60.1573712485407,,
AP-DRET35,2025-04-28,10,0.0,4.0,58.36740256005426,,
AP-DRET35,2025-04-28,21,0.0,2.0,49.10777378453564,,
AP-DRET35,2025-04-28,23,0.18823529411764706,2.458823529411765,52.51482675010302,,
AP-DRET35,2025-04-29,12,0.25,2.0,54.33362300411093,,
AP-DRET36,2025-03-06,21,0.7265563435776202,3.1103230890464935,61.190519977636086,,
AP-DRET36,2025-04-15,4,0.0,2.0,60.29936975391672,,
AP-DRET36,2025-04-15,20,0.0,2.0,61.243091272587414,,
AP-DRET36,2025-04-15,23,0.6002358490566038,3.0400943396226414,62.11257742180869,,
AP-DRET36,2025-04-28,10,0.0,4.0,59.11314697397095,,
AP-DRET36,2025-04-28,21,0.0,2.5,54.71858103830915,,
AP-DRET36,2025-04-28,23,0.550561797752809,2.067415730337079,56.09064998136039,,
AP-DRET37,2025-01-29,9,2.174152876280536,3.714736012608353,62.078032224475194,,
AP-DRET37,2025-04-15,4,0.0,3.0,65.21735799054531,,
AP-DRET37,2025-04-15,20,1.2060889929742389,3.581967213114754,62.48196422310747,,
AP-DRET37,2025-04-28,10,0.0,5.0,60.55867707614855,,
AP-DRET37,2025-04-28,21,0.0,2.0,50.78592338942522,,
AP-DRET37,2025-04-28,23,0.033707865168539325,1.9887640449438202,51.96580446875851,,
AP-ECON01,2025-04-02,8,5.346729708431836,3.2655634357762016,56.17180813845152,,
AP-ECON01,2025-04-15,4,0.0,2.0,58.42938740412973,,
AP-ECON01,2025-04-15,20,6.339976553341149,3.536928487690504,58.706821715820396,,
AP-ECON01,2025-04-28,10,0.0,8.0,58.31089581275766,,
AP-ECON01,2025-04-28,22,0.0,2.0,47.74672273755319,,
AP-ECON01,2025-04-28,23,0.1348314606741573,2.0224719101123596,50.587184428798,,
AP-ECON02,2025-04-02,9,2.3041765169424746,3.3199369582348304,58.943541173586325,,
AP-ECON02,2025-04-15,4,0.0,2.0,61.53479515212066,,
AP-ECON02,2025-04-15,20,2.3524590163934427,3.5749414519906324,59.32778761603446,,
AP-ECON02,2025-04-28,10,0.2,5.0,58.29416792507741,,
AP-ECON02,2025-04-28,21,0.0,2.0,47.09865046190739,,
AP-ECON02,2025-04-28,23,0.42696629213483145,2.1797752808988764,50.15357450268263,,
AP-ECON03,2025-04-02,9,8.349881796690307,3.6808510638297873,59.54560048419124,,
AP-ECON03,2025-04-15,4,0.0,2.0,61.62709571216117,,
AP-ECON03,2025-04-15,20,0.0,3.0,62.646490752686205,,
AP-ECON03,2025-04-15,21,0.0,2.6,63.33644809084389,,
AP-ECON03,2025-04-15,23,9.67570754716981,4.076650943396227,60.674527038762925,,
AP-ECON03,2025-04-28,10,0.0,9.0,60.542751210480354,,
AP-ECON03,2025-04-28,21,0.0,2.0,47.72883388720591,,
AP-ECON03,2025-04-28,23,0.011235955056179775,2.0112359550561796,49.98037379400928,,
AP-ECON04,2025-04-02,12,14.465721040189125,10.048857368006304,70.5162659356141,15.0,6.596532702915682
AP-ECON04,2025-04-15,4,0.0,5.0,70.23415563578018,15.0,1.0
AP-ECON04,2025-04-15,20,13.754098360655737,13.309133489461358,70.53211974873567,15.0,7.494145199063232
AP-ECON04,2025-04-28,10,0.0,24.0,70.82288741810403,15.0,18.0
AP-ECON04,2025-04-28,21,0.25,4.0,65.51698923652896,15.0,5.25
AP-ECON04,2025-04-28,23,0.1348314606741573,4.370786516853933,65.73116545293347,15.0,1.0112359550561798
AP-ECON05,2025-04-01,12,4.909377462568952,3.276595744680851,56.5983395613146,,
AP-ECON05,2025-04-15,4,0.0,2.0,58.46318690320969,,
AP-ECON05,2025-04-15,20,5.137162954279015,3.634232121922626,57.621903799798154,,
AP-ECON05,2025-04-28,10,0.0,6.0,55.52564522670871,,
AP-ECON05,2025-04-28,21,0.0,3.0,49.803621866958295,,
AP-ECON05,2025-04-28,23,0.011235955056179775,2.033707865168539,49.54341485472987,,
AP-ECON06,2025-02-15,2,9.29156816390859,12.85579196217494,72.05008653618636,15.0,5.460992907801418
AP-ECON06,2025-04-15,4,0.0,5.990654205607477,72.04384894527107,15.0,1.0
AP-ECON06,2025-04-15,20,12.099648300117233,15.337631887456038,71.33630087005497,15.0,7.866354044548652
AP-ECON06,2025-04-28,10,0.0,31.0,72.38216877047398,15.0,20.0
AP-ECON06,2025-04-28,21,0.0,4.0,63.99861343532725,15.0,5.75
AP-ECON06,2025-04-28,23,0.23595505617977527,4.348314606741573,64.6240728795426,15.0,1.5617977528089888
AP-ECON07,2025-01-29,9,16.43498817966903,15.948778565799842,72.60530674565688,15.0,8.562647754137116
AP-ECON07,2025-04-15,4,0.0,5.0,71.76287942175593,15.0,1.0
AP-ECON07,2025-04-15,20,0.0,5.0,72.66629929688544,15.0,1.0
AP-ECON07,2025-04-15,21,0.025157232704402517,5.0062893081761,71.65197018370515,15.0,1.0
AP-ECON07,2025-04-18,16,17.755834829443447,19.16517055655296,72.01397366583645,15.0,11.111310592459605
AP-ECON07,2025-04-25,16,14.861313868613138,15.24087591240876,72.33593971022603,15.0,9.635036496350365
AP-ECON07,2025-04-28,10,0.0,50.0,73.08171212728975,15.0,44.0
AP-ECON07,2025-04-28,21,0.0,4.25,65.69377574265235,15.0,11.75
AP-ECON07,2025-04-28,23,0.10588235294117647,4.023529411764706,66.01935230993595,15.0,1.0
AP-ECON07,2025-04-29,12,0.25,4.0,66.17173920310202,15.0,1.0
AP-ECON08,2025-01-31,11,4.166272655634358,3.078014184397163,58.84344135464268,,
AP-ECON08,2025-04-15,4,0.0,2.0,64.2911432982259,,
AP-ECON08,2025-04-15,20,4.125292740046838,3.2763466042154565,61.66268675541386,,
AP-ECON08,2025-04-28,10,0.0,10.0,60.82340162741724,,
AP-ECON08,2025-04-28,21,0.0,1.75,48.50583299151919,,
AP-ECON08,2025-04-28,23,0.056179775280898875,1.7752808988764044,49.39941577717104,,
AP-ECON09,2025-01-29,7,1.8659192825112108,3.937219730941704,60.18375821825945,,
AP-ECON09,2025-04-28,10,0.0,6.0,56.687739317639675,,
AP-ECON09,2025-04-28,22,0.0,2.0,47.19730066124805,,
AP-ECON09,2025-04-28,23,0.10588235294117647,2.364705882352941,49.74388838165303,,
AP-ECON09,2025-04-29,12,0.25,3.0,53.11055107218886,,
AP-ECON10,2025-01-21,9,4.36327817178881,3.416863672182821,59.35205159442725,,
AP-ECON10,2025-04-15,4,0.0,2.0,61.78052511973632,,
AP-ECON10,2025-04-15,20,4.629976580796253,3.550351288056206,61.23370334086012,,
AP-ECON10,2025-04-28,10,0.0,6.0,57.77367712197838,,
AP-ECON10,2025-04-28,21,0.0,2.0,48.56676070613455,,
AP-ECON10,2025-04-28,23,0.011235955056179775,2.044943820224719,51.20171030132006,,
AP-ECON11,2025-03-13,10,5.523246650906225,3.9267139479905437,56.67954665161335,,
AP-ECON11,2025-04-15,4,0.0,3.0,57.92019651830786,,
AP-ECON11,2025-04-15,20,5.2669789227166275,3.857142857142857,57.222038046409565,,
AP-ECON11,2025-04-28,10,0.0,6.0,55.25830694298999,,
AP-ECON11,2025-04-28,21,0.0,2.0,47.24372603959239,,
AP-ECON11,2025-04-28,23,0.0,2.101123595505618,50.134761100300054,,
AP-ECON12,2025-03-13,10,4.451536643026005,3.230890464933018,57.90687535353908,,
AP-ECON12,2025-04-15,4,0.0,2.0,57.92702444677668,,
AP-ECON12,2025-04-15,20,7.343493552168816,3.839390386869871,59.04041388398317,,
AP-ECON12,2025-04-28,10,0.0,7.0,57.08247378533767,,
AP-ECON12,2025-04-28,21,0.25,2.5,48.37229722162389,,
AP-ECON12,2025-04-28,23,0.0,2.0,50.176084745392004,,
AP-ECON13,2025-02-07,23,2.2214342001576046,3.1788810086682426,57.339018592948655,,
AP-ECON13,2025-04-15,4,0.0,2.0,61.63779769338469,,
AP-ECON13,2025-04-15,20,2.4988290398126463,3.377049180327869,59.70763867981564,,
AP-ECON13,2025-04-28,10,0.0,5.0,59.59287071176017,,
AP-ECON13,2025-04-28,21,0.0,2.0,47.281020063153505,,
AP-ECON13,2025-04-28,23,0.12359550561797752,2.1797752808988764,50.498584048160666,,
AP-ECON14,2025-01-21,9,2.769109535066982,3.5634357762017337,57.54830035083041,,
AP-ECON14,2025-04-15,4,0.0,2.0,60.61846412292127,,
AP-ECON14,2025-04-15,20,0.0,2.0,60.6204900583643,,
AP-ECON14,2025-04-15,21,3.211267605633803,3.9800469483568075,59.93521669971121,,
AP-ECON14,2025-04-28,10,0.0,6.0,56.55176436249562,,
AP-ECON14,2025-04-28,21,0.0,1.25,51.0635841260939,,
AP-ECON14,2025-04-28,23,0.3176470588235294,1.776470588235294,53.031198597297205,,
AP-ECON14,2025-04-29,12,4.25,2.25,53.237418243881145,,
AP-ECON15,2025-03-06,21,3.9022852639873915,6.998423955870765,69.64532032036036,15.40977147360126,3.0677698975571315
AP-ECON15,2025-04-15,4,0.0,5.0,69.43525203904267,15.0,1.0
AP-ECON15,2025-04-15,20,0.0,5.0,70.61722693332999,15.0,1.0
AP-ECON15,2025-04-15,21,4.001172332942556,7.776084407971864,69.62853733652253,15.033997655334115,3.060961313012896
AP-ECON15,2025-04-28,10,0.0,7.0,69.50377724294692,15.0,3.0
AP-ECON15,2025-04-28,21,0.0,4.0,65.08298267701647,15.0,1.5
AP-ECON15,2025-04-28,23,0.1411764705882353,4.117647058823529,65.85476186109096,15.0,1.0470588235294118
AP-ECON15,2025-04-29,12,0.0,4.25,65.9931132365937,15.0,1.0
AP-ECON16,2025-04-02,9,2.1103230890464935,3.6414499605988966,57.32688980447606,,
AP-ECON16,2025-04-15,4,0.0,2.0,62.52846104006214,,
AP-ECON16,2025-04-15,20,2.256440281030445,3.8079625292740045,60.5019839397346,,
AP-ECON16,2025-04-28,10,0.0,6.0,59.63875782830771,,
AP-ECON16,2025-04-28,21,0.0,2.0,47.84555046780798,,
AP-ECON16,2025-04-28,23,0.43529411764705883,2.1882352941176473,50.15813317211568,,
AP-ECON16,2025-04-29,12,1.5,2.75,53.338851650561296,,
AP-ECON17,2025-01-21,9,8.256107171000789,3.5981087470449173,58.75806354447759,,
AP-ECON17,2025-04-15,4,0.0,2.0,60.184648382092455,,
AP-ECON17,2025-04-15,20,11.137002341920375,3.9028103044496487,59.19559212924925,,
AP-ECON17,2025-04-28,10,0.0,11.0,60.46191884912134,,
AP-ECON17,2025-04-28,22,0.0,2.0,48.059649766535216,,
AP-ECON17,2025-04-28,23,0.02247191011235955,2.0,49.89820149749997,,
AP-ECON18,2025-04-02,9,2.5973207249802996,7.132387706855792,58.82147498419128,,
AP-ECON18,2025-04-15,4,0.0,5.0,59.69404005985376,,
AP-ECON18,2025-04-15,20,0.0,5.0,59.69404005985376,,
AP-ECON18,2025-04-15,21,4.185228604923799,7.610785463071513,60.48881144403664,,
AP-ECON18,2025-04-28,10,0.0,12.0,58.35102913745969,,
AP-ECON18,2025-04-28,21,0.0,2.0,47.85530094300602,,
AP-ECON18,2025-04-28,23,1.035294117647059,2.2,51.25467384224752,,
AP-ECON18,2025-04-29,12,1.75,2.75,56.05313402990855,,
AP-ECON19,2025-04-02,9,6.081166272655635,3.5760441292356187,57.601684560109106,,
AP-ECON19,2025-04-15,4,0.0,2.0,60.31682089359001,,
AP-ECON19,2025-04-15,20,7.320046893317702,3.832356389214537,58.66721428152525,,
AP-ECON19,2025-04-28,10,0.9090909090909091,7.0,57.18033121217607,,
AP-ECON19,2025-04-28,21,0.0,2.0,48.10531429810471,,
AP-ECON19,2025-04-28,23,0.25842696629213485,2.202247191011236,51.64682081113494,,
AP-ECON20,2025-04-02,9,3.3766745468873127,6.556343577620173,71.2240286467314,17.1725768321513,1.6083530338849488
AP-ECON20,2025-04-15,4,0.0,5.0,71.1178800641797,17.0,1.0
AP-ECON20,2025-04-15,20,1.5620608899297423,6.030444964871195,70.70308677960101,17.0,1.2857142857142858
AP-ECON20,2025-04-28,10,0.0,21.0,71.55201230110977,17.0,5.0
AP-ECON20,2025-04-28,21,0.25,4.0,64.01400973507069,17.0,2.0
AP-ECON20,2025-04-28,23,0.11235955056179775,4.044943820224719,64.05540007867066,17.0,1.0
AP-ECON21,2025-04-01,15,1.6587864460204886,4.7131599684791174,65.87854763880796,15.207249802994484,1.5421591804570527
AP-ECON21,2025-04-15,4,0.0,4.0,65.89105910831871,15.0,1.0
AP-ECON21,2025-04-15,20,0.7819460726846424,5.3927315357561545,67.63943987800586,15.0,1.5791324736225087
AP-ECON21,2025-04-28,10,0.0,5.0,68.83899919775371,15.0,1.0
AP-ECON21,2025-04-28,21,0.25,4.0,65.1041258623103,15.0,1.0
AP-ECON21,2025-04-28,23,0.02247191011235955,4.0,65.56824651363472,15.0,1.0449438202247192
AP-ECON22,2025-04-02,9,5.6548463356974,7.811662726556343,68.14271008771615,15.0,4.851063829787234
AP-ECON22,2025-04-15,4,0.0,5.0,68.3559475560971,15.0,2.0
AP-ECON22,2025-04-15,20,0.0,5.0,68.35556224094131,15.0,2.0
AP-ECON22,2025-04-15,21,4.636576787807737,8.957796014067995,68.67047879030633,15.0,3.8300117233294255
AP-ECON22,2025-04-28,10,0.0,16.0,69.18726601149888,15.0,5.0
AP-ECON22,2025-04-28,21,0.0,7.0,65.14909471128534,15.0,2.0
AP-ECON22,2025-04-28,23,0.0,4.0,64.09375089201075,15.0,1.0
AP-ECON23,2025-01-29,7,18.31599684791174,13.45705279747833,73.6041460717916,15.795902285263987,8.0
AP-ECON23,2025-04-15,4,0.0,6.0,73.55470316887285,16.0,1.0
AP-ECON23,2025-04-15,20,19.077373974208676,18.78546307151231,73.10075631353077,15.542790152403283,11.015240328253224
AP-ECON23,2025-04-28,10,0.45454545454545453,32.0,73.98549271292953,15.0,49.0
AP-ECON23,2025-04-28,21,0.0,11.0,66.78044390177914,15.0,13.0
AP-ECON23,2025-04-28,23,0.7865168539325843,5.033707865168539,64.76686399264617,15.0,1.4606741573033708
AP-ECON24,2025-02-21,10,8.61465721040189,11.545311268715524,70.10420539691413,16.0,5.534278959810875
AP-ECON24,2025-04-15,4,0.0,5.0,69.86595698460948,16.0,1.0
AP-ECON24,2025-04-15,20,8.925058548009368,12.34543325526932,70.24070086477427,16.0,5.775175644028103
AP-ECON24,2025-04-28,10,0.0,45.0,70.88625821571233,16.0,35.0
AP-ECON24,2025-04-28,21,0.0,4.0,65.16341622428216,16.0,9.5
AP-ECON24,2025-04-28,23,0.011235955056179775,4.022471910112359,65.61512695959502,16.0,1.0
AP-ECON25,2025-04-02,9,5.926713947990543,8.229314420803783,69.9651269489279,15.43498817966903,2.9472025216706066
AP-ECON25,2025-04-15,4,0.0,4.0,69.80629094798769,15.0,1.0
AP-ECON25,2025-04-15,20,6.968384074941452,8.576112412177986,70.13177898111663,15.624121779859484,3.1943793911007026
AP-ECON25,2025-04-28,10,0.0,15.0,70.96648284467342,16.0,10.0
AP-ECON25,2025-04-28,21,0.0,6.75,67.24798837787472,16.0,3.25
AP-ECON25,2025-04-28,23,0.011235955056179775,4.123595505617978,66.0707810095679,16.0,1.0112359550561798
AP-ECON26,2025-01-21,9,3.5476753349093775,3.059101654846336,60.56503721769469,,
AP-ECON26,2025-04-15,4,0.0,2.0,66.53467556490993,,
AP-ECON26,2025-04-15,20,1.0,3.0,64.59352450291821,,
AP-ECON26,2025-04-15,21,3.4208675263774913,3.321219226260258,62.80501572242528,,
AP-ECON26,2025-04-28,10,0.0,8.0,58.08644422395203,,
AP-ECON26,2025-04-28,21,1.0,3.0,56.043866021077136,,
AP-ECON26,2025-04-28,23,1.0449438202247192,2.853932584269663,55.621809580895736,,
AP-ECON27,2025-04-01,15,4.93538219070134,6.188337273443657,67.41279722596464,15.0,2.1497241922773838
AP-ECON27,2025-04-15,4,0.0,5.0,68.23104693140793,15.0,1.0
AP-ECON27,2025-04-15,20,9.197892271662763,8.717798594847775,68.79672264314613,15.519906323185012,3.323185011709602
AP-ECON27,2025-04-28,10,0.4,22.0,71.28417903463028,16.0,6.0
AP-ECON27,2025-04-28,21,1.0,4.25,65.35520241180514,16.0,2.25
AP-ECON27,2025-04-28,23,2.393258426966292,4.719101123595506,65.93075597334992,16.0,1.0224719101123596
AP-ECON28,2025-03-23,23,1.2994483845547675,3.0220646178092987,58.2371823024501,,
AP-ECON28,2025-04-15,4,0.0,2.0,55.44229222474032,,
AP-ECON28,2025-04-15,20,0.3540445486518171,2.6248534583821805,58.42961288467342,,
AP-ECON28,2025-04-28,10,0.0,4.0,56.80034464031605,,
AP-ECON28,2025-04-28,21,0.0,2.0,47.510191587304675,,
AP-ECON28,2025-04-28,23,0.011235955056179775,1.9325842696629214,49.886060977797946,,
AP-ECON29,2025-04-02,9,0.061465721040189124,2.9109535066981875,56.94514456596193,,
AP-ECON29,2025-04-15,4,0.0,2.0,58.65943166428733,,
AP-ECON29,2025-04-15,20,0.08079625292740047,2.6943793911007026,59.305863795778656,,
AP-ECON29,2025-04-28,10,0.0,3.0,57.11175833014434,,
AP-ECON29,2025-04-28,22,0.0,2.0,47.53006938063277,,
AP-ECON29,2025-04-28,23,0.02247191011235955,1.9550561797752808,49.79128125410907,,
AP-ECON30,2025-04-02,9,1.8447596532702917,2.9070133963750986,56.80956528640926,,
AP-ECON30,2025-04-15,4,0.0,4.0,59.59985976072246,,
AP-ECON30,2025-04-15,20,1.5807962529274004,2.949648711943794,58.57033009022402,,
AP-ECON30,2025-04-28,10,0.0,5.0,57.58202966564848,,
AP-ECON30,2025-04-28,21,0.75,2.5,50.71848551175879,,
AP-ECON30,2025-04-28,23,1.3529411764705883,2.0823529411764707,53.930916915709105,,
AP-ECON30,2025-04-29,12,1.5,2.0,53.964428819973556,,
AP-ECOSOC01,2025-04-02,9,2.2096138691883374,21.13396375098503,57.95089467149017,,
AP-ECOSOC01,2025-04-15,4,0.0,21.0,57.33852289314546,,
AP-ECOSOC01,2025-04-15,20,2.704572098475967,21.234466588511136,59.38239366560865,,
AP-ECOSOC01,2025-04-28,10,0.0,21.0,58.15690758644079,,
AP-ECOSOC01,2025-04-28,22,0.0,1.3333333333333333,51.46821228720638,,
AP-ECOSOC01,2025-04-28,23,1.8235294117647058,1.8941176470588235,56.397289741841924,,
AP-ECOSOC01,2025-04-29,12,3.25,2.25,57.91837496161752,,
AP-ECOSOC02,2025-03-09,9,7.02521670606777,6.139479905437352,58.573627808143115,,
AP-ECOSOC02,2025-04-15,4,1.0,2.0,60.66637717491184,,
AP-ECOSOC02,2025-04-15,20,6.466042154566745,6.074941451990632,59.52158829703701,,
AP-ECOSOC02,2025-04-28,10,0.4,12.0,60.32438281541808,,
AP-ECOSOC02,2025-04-28,21,1.0,2.25,51.38463461166094,,
AP-ECOSOC02,2025-04-28,23,2.976470588235294,2.823529411764706,54.68582430474465,,
AP-ECOSOC02,2025-04-29,12,7.75,3.25,55.87123704877669,,
AP-ECOSOC04,2025-01-29,7,0.7383766745468873,3.5382190701339638,58.48340587881106,,
AP-ECOSOC04,2025-04-15,4,0.0,3.0,61.425834733052696,,
AP-ECOSOC04,2025-04-15,20,1.338407494145199,3.4637002341920375,61.283600563275435,,
AP-ECOSOC04,2025-04-28,10,0.0,4.0,57.25222675682922,,
AP-ECOSOC04,2025-04-28,21,0.0,2.0,46.80829611569282,,
AP-ECOSOC04,2025-04-28,23,0.033707865168539325,2.033707865168539,50.13555572002228,,
AP-ECOSOC06,2025-04-02,9,3.89204097714736,3.2923561859732073,56.555374925896935,,
AP-ECOSOC06,2025-04-15,4,0.0,2.0,56.02502670203259,,
AP-ECOSOC06,2025-04-15,20,2.299765807962529,3.021077283372365,58.71600657020645,,
AP-ECOSOC06,2025-04-28,10,0.0,6.0,57.05187521339514,,
AP-ECOSOC06,2025-04-28,22,0.0,2.0,52.30257416603078,,
AP-ECOSOC06,2025-04-28,23,0.047058823529411764,2.0,52.87233737116595,,
AP-ECOSOC06,2025-04-29,12,0.25,2.0,53.98288696273118,,
AP-ECOSOC10,2025-01-29,9,0.6832151300236406,2.8896769109535065,59.64408271883848,,
AP-ECOSOC10,2025-04-15,4,0.0,2.0,64.23760504962482,,
AP-ECOSOC10,2025-04-15,20,0.6770833333333334,2.859375,62.49268848627224,,
AP-ECOSOC10,2025-04-27,8,1.255813953488372,3.1511627906976742,62.33003911229539,,
AP-ECOSOC10,2025-04-28,10,0.0,5.0,59.96267804888669,,
AP-ECOSOC10,2025-04-28,21,0.0,2.75,51.8333721932094,,
AP-ECOSOC10,2025-04-28,23,0.32941176470588235,2.0,54.69085029531259,,
AP-ECOSOC10,2025-04-29,12,1.0,2.5,57.622611442390756,,
AP-ECOSOC11,2025-01-21,23,1.9582348305752562,3.202521670606777,59.192055369573666,,
AP-ECOSOC11,2025-04-15,4,0.0,2.0,63.71285778774831,,
AP-ECOSOC11,2025-04-15,20,2.7447306791569086,3.399297423887588,59.50640278905047,,
AP-ECOSOC11,2025-04-28,10,0.0,5.0,58.07727825809985,,
AP-ECOSOC11,2025-04-28,21,1.0,2.75,54.60390979286063,,
AP-ECOSOC11,2025-04-28,23,0.11764705882352941,2.0,53.71756212705134,,
AP-ECOSOC11,2025-04-29,12,0.25,2.25,53.44916369154692,,
AP-ECOSOC12,2025-01-21,9,1.2411347517730495,2.775413711583924,60.3010542128815,,
AP-ECOSOC12,2025-04-15,4,0.0,2.0,62.17503786689642,,
AP-ECOSOC12,2025-04-15,20,0.6990632318501171,2.5866510538641685,59.79174371577517,,
AP-ECOSOC12,2025-04-28,10,0.0,4.0,55.67985186080564,,
AP-ECOSOC12,2025-04-28,21,0.0,2.5,49.371971113745055,,
AP-ECOSOC12,2025-04-28,23,0.02247191011235955,2.0,51.105352401391656,,
AP-ECOSOC13,2025-01-21,9,5.332545311268715,3.242710795902285,58.62255168978147,,
AP-ECOSOC13,2025-04-15,4,0.0,2.0,62.66197980279424,,
AP-ECOSOC13,2025-04-15,20,6.784543325526932,3.478922716627635,60.53357771057855,,
AP-ECOSOC13,2025-04-28,10,0.0,8.0,54.86111270242463,,
AP-ECOSOC13,2025-04-28,22,1.0,2.0,49.12154242581869,,
AP-ECOSOC13,2025-04-28,23,0.9887640449438202,2.0,55.32566214834328,,
AP-ECOSOC14,2025-03-07,8,2.5185185185185186,3.364854215918046,57.72466399981662,,
AP-ECOSOC14,2025-04-15,4,0.0,2.0093457943925235,62.33906689482497,,
AP-ECOSOC14,2025-04-15,20,0.0,2.0,62.34002525223592,,
AP-ECOSOC14,2025-04-15,21,1.306338028169014,3.4131455399061035,60.22142836235975,,
AP-ECOSOC14,2025-04-28,10,0.0,6.0,57.61170448009496,,
AP-ECOSOC14,2025-04-28,21,0.0,3.0,52.69799936325181,,
AP-ECOSOC14,2025-04-28,23,0.07865168539325842,2.1123595505617976,51.71592629596652,,
AP-ECOSOC15,2025-03-02,23,5.012608353033885,3.5295508274231677,58.42040409511158,,
AP-ECOSOC15,2025-04-15,4,0.0,2.0,60.53710295841398,,
AP-ECOSOC15,2025-04-15,20,0.0,2.0,62.78961587728604,,
AP-ECOSOC15,2025-04-15,21,0.0,2.2,62.936164633349904,,
AP-ECOSOC15,2025-04-15,23,4.4540094339622645,3.6379716981132075,61.34363040704703,,
AP-ECOSOC15,2025-04-28,10,0.0,7.0,58.59985288624807,,
AP-ECOSOC15,2025-04-28,21,0.0,2.0,47.237699238021804,,
AP-ECOSOC15,2025-04-28,23,0.0449438202247191,2.056179775280899,48.87432268082462,,
AP-EDBLANC01,2025-03-27,7,0.4932855863921218,4.994180841539839,61.72751254757488,,
AP-EDBLANC01,2025-04-28,15,11.666666666666666,12.666666666666666,59.533283579324944,,
AP-EDBLANC01,2025-04-28,20,0.0,22.0,61.4258347330527,,
AP-EDBLANC01,2025-04-28,21,0.75,8.5,60.20767160549912,,
AP-EDBLANC01,2025-04-28,23,0.5176470588235295,4.988235294117647,63.42520442125755,,
AP-EDBLANC01,2025-04-29,12,0.5,5.5,64.4731862916679,,
AP-EDBLANC02,2025-02-23,16,0.7223042836041359,5.418020679468242,57.59377601600154,,
AP-EDBLANC02,2025-04-15,14,0.7806818181818181,4.782954545454546,59.7838291745454,,
AP-EDBLANC02,2025-04-28,15,27.333333333333332,20.0,60.86598517710556,,
AP-EDBLANC02,2025-04-28,20,0.0,21.0,58.16023024906221,,
AP-EDBLANC02,2025-04-28,21,0.0,9.0,58.459992241869216,,
AP-EDBLANC02,2025-04-28,23,2.1176470588235294,5.152941176470589,58.268807980631244,,
AP-EDBLANC02,2025-04-29,12,0.75,7.0,59.06817645400862,,
AP-EDBLANC03,2025-03-27,7,0.7314662273476112,4.800658978583196,55.46804914797308,,
AP-EDBLANC03,2025-04-08,2,0.3207885304659498,4.939964157706093,56.98199327387402,,
AP-EDBLANC03,2025-04-22,15,1.1350293542074363,4.951076320939334,59.52273768306859,,
AP-EDBLANC03,2025-04-28,15,21.333333333333332,19.0,57.366464767173,,
AP-EDBLANC03,2025-04-28,20,0.3333333333333333,19.0,58.80310817902048,,
AP-EDBLANC03,2025-04-28,21,1.25,5.75,62.65659390274223,,
AP-EDBLANC03,2025-04-28,23,1.423529411764706,4.811764705882353,61.0270546456013,,
AP-EDBLANC03,2025-04-29,12,0.25,5.5,59.55396100769483,,
AP-EDBLANC04,2025-02-23,16,0.2421665174574754,3.927484333034915,58.47579722229138,,
AP-EDBLANC04,2025-04-28,15,2.3333333333333335,5.0,58.19436631095081,,
AP-EDBLANC04,2025-04-28,20,0.0,5.0,57.57945173775255,,
AP-EDBLANC04,2025-04-28,21,0.0,3.5,60.59759752158013,,
AP-EDBLANC04,2025-04-28,23,0.12941176470588237,3.376470588235294,60.6373927143916,,
AP-EDBLANC04,2025-04-29,12,0.0,3.75,59.529716848993004,,
AP-EDBLANC05,2025-02-23,17,1.0818505338078293,4.786476868327402,56.94865244226875,,
AP-EDBLANC05,2025-04-05,0,1.415991902834008,4.297570850202429,58.24661900610658,,
AP-EDBLANC05,2025-04-15,4,0.009259259259259259,8.981481481481481,58.87306102824187,,
AP-EDBLANC05,2025-04-15,21,1.9661610268378062,4.081680280046674,58.34688030041929,,
AP-EDBLANC05,2025-04-28,15,1.0,5.0,58.0671718259597,,
AP-EDBLANC05,2025-04-28,20,0.0,5.0,57.7753742578432,,
AP-EDBLANC05,2025-04-28,21,0.0,3.75,59.793697560650045,,
AP-EDBLANC05,2025-04-28,23,4.705882352941177,4.2823529411764705,59.11392763961957,,
AP-EDBLANC05,2025-04-29,12,3.0,4.0,58.8897041784774,,
AP-EDBLANC06,2025-03-13,14,0.7094594594594594,3.786036036036036,57.92115127416112,,
AP-EDBLANC06,2025-04-06,16,1.8881118881118881,4.06993006993007,58.542637459161575,,
AP-EDBLANC06,2025-04-09,2,1.1289893617021276,4.173537234042553,59.05485164635922,,
AP-EDBLANC06,2025-04-28,15,0.0,4.0,57.328029771820916,,
AP-EDBLANC06,2025-04-28,20,0.0,3.0,56.370575416421296,,
AP-EDBLANC06,2025-04-28,21,0.0,3.25,58.580965088841126,,
AP-EDBLANC06,2025-04-28,23,2.3176470588235296,3.5647058823529414,60.744349131504514,,
AP-EDBLANC06,2025-04-29,12,0.75,3.25,60.11763389327837,,
AP-EDBLANC07,2025-03-13,22,3.2663514578408197,4.12214342001576,57.541967191077106,,
AP-EDBLANC07,2025-04-15,4,0.38461538461538464,8.913461538461538,61.77351489016662,,
AP-EDBLANC07,2025-04-15,19,2.0,3.75,62.442832658680054,,
AP-EDBLANC07,2025-04-15,21,3.2018669778296385,4.03267211201867,60.63638113052878,,
AP-EDBLANC07,2025-04-28,15,1.6666666666666667,4.666666666666667,54.804058145450135,,
AP-EDBLANC07,2025-04-28,20,0.0,7.0,55.06354807090792,,
AP-EDBLANC07,2025-04-28,21,1.0,4.5,56.520455070154014,,
AP-EDBLANC07,2025-04-28,23,3.7529411764705882,3.8941176470588235,57.901321031349084,,
AP-EDBLANC07,2025-04-29,12,6.75,4.25,58.10914073080246,,
AP-EDBLANC08,2025-03-11,0,2.2111899133175728,4.346729708431836,57.96537398520718,,
AP-EDBLANC08,2025-04-15,4,0.21774193548387097,8.21774193548387,60.24652491739173,,
AP-EDBLANC08,2025-04-16,5,1.7158931082981717,3.940928270042194,59.51871361348844,,
AP-EDBLANC08,2025-04-25,19,1.9923076923076923,4.392307692307693,58.98129232428799,,
AP-EDBLANC08,2025-04-28,15,1.0,4.333333333333333,58.30189812830977,,
AP-EDBLANC08,2025-04-28,20,0.0,6.0,56.70834125807465,,
AP-EDBLANC08,2025-04-28,21,0.25,4.0,60.08520302327926,,
AP-EDBLANC08,2025-04-28,23,2.8588235294117648,3.9529411764705884,60.31911036314882,,
AP-EDBLANC08,2025-04-29,12,2.0,4.25,62.74373950210474,,
AP-EDBLANC10,2025-02-23,16,0.1347517730496454,4.540583136327817,60.68198722974108,,
AP-EDBLANC10,2025-04-15,4,0.10880829015544041,4.730569948186528,60.598409478892165,,
AP-EDBLANC10,2025-04-28,15,0.6666666666666666,5.333333333333333,56.84174425274845,,
AP-EDBLANC10,2025-04-28,20,0.0,9.0,56.45238166165212,,
AP-EDBLANC10,2025-04-28,21,0.0,5.0,59.26007185687573,,
AP-EDBLANC10,2025-04-28,23,0.29411764705882354,4.129411764705883,58.96418751834035,,
AP-EDBLANC10,2025-04-29,12,0.0,5.0,56.01224343888707,,
AP-EDBLANC11,2025-02-23,16,0.9283520982599796,4.415557830092118,57.26320629114486,,
AP-EDBLANC11,2025-04-11,4,0.695,5.4,57.77131028878235,,
AP-EDBLANC11,2025-04-15,21,0.0,3.11875,60.29063485251818,,
AP-EDBLANC11,2025-04-18,17,0.7776183644189383,3.8034433285509324,54.39528011451368,,
AP-EDBLANC11,2025-04-28,15,5.0,6.666666666666667,52.00260361169608,,
AP-EDBLANC11,2025-04-28,20,0.0,6.0,51.76777108916881,,
AP-EDBLANC11,2025-04-28,21,0.75,3.75,53.7188955097079,,
AP-EDBLANC11,2025-04-28,23,1.6823529411764706,3.8823529411764706,56.045789483846946,,
AP-EDBLANC11,2025-04-29,12,3.5,4.25,56.931898628141354,,
AP-EDBLANC12,2025-03-27,7,1.7703081232492996,5.055555555555555,58.20304981294369,,
AP-EDBLANC12,2025-04-27,6,1.815217391304348,4.956521739130435,57.85673563148921,,
AP-EDBLANC12,2025-04-28,15,22.333333333333332,26.0,56.79073589147802,,
AP-EDBLANC12,2025-04-28,20,0.3333333333333333,25.0,57.35385440321542,,
AP-EDBLANC12,2025-04-28,21,3.0,9.5,55.159728054386264,,
AP-EDBLANC12,2025-04-28,23,2.7176470588235295,4.529411764705882,58.961434527236335,,
AP-EDBLANC12,2025-04-29,12,2.25,5.25,57.24849144672168,,
AP-EDBLANC13,2025-03-27,7,1.2287376902417189,4.6553267681289165,62.501926688894194,,
AP-EDBLANC13,2025-04-28,15,6.0,6.666666666666667,61.78190983019284,,
AP-EDBLANC13,2025-04-28,20,0.3333333333333333,6.0,60.31961722926602,,
AP-EDBLANC13,2025-04-28,21,0.5,4.25,60.7973010025848,,
AP-EDBLANC13,2025-04-28,23,0.4,4.305882352941176,61.57273525832994,,
AP-EDBLANC13,2025-04-29,12,0.25,4.75,61.76437932375795,,
AP-EDBLANC14,2025-03-26,8,0.32886435331230285,4.288643533123029,56.6976656558846,,
AP-EDBLANC14,2025-04-15,3,0.3167701863354037,4.700828157349896,58.179836051946,,
AP-EDBLANC14,2025-04-28,15,0.6666666666666666,6.0,54.98398677121978,,
AP-EDBLANC14,2025-04-28,20,0.0,5.0,57.304701911333034,,
AP-EDBLANC14,2025-04-28,21,0.0,4.25,58.7897378634019,,
AP-EDBLANC14,2025-04-28,23,0.5882352941176471,4.341176470588235,58.0691623345122,,
AP-EDBLANC14,2025-04-29,12,1.25,5.25,57.991037618842476,,
AP-EDBLANC15,2025-03-12,0,0.8487018800358102,4.442703670546106,58.21830717350592,,
AP-EDBLANC15,2025-04-28,15,0.0,4.0,58.10493727614993,,
AP-EDBLANC15,2025-04-28,20,0.0,4.0,57.92050085701781,,
AP-EDBLANC15,2025-04-28,21,0.0,4.0,59.4026491717977,,
AP-EDBLANC15,2025-04-28,23,1.2705882352941176,3.9647058823529413,59.38721402860509,,
AP-EDBLANC15,2025-04-29,12,1.5,4.75,60.968717095614764,,
AP-EDBLANC16,2025-03-27,7,1.6790510295434198,4.517457475380484,58.23590257476022,,
AP-EDBLANC16,2025-04-28,15,0.0,3.6666666666666665,59.42805876873581,,
AP-EDBLANC16,2025-04-28,20,0.0,4.0,59.45778729001345,,
AP-EDBLANC16,2025-04-28,21,0.0,5.0,61.09037291445634,,
AP-EDBLANC16,2025-04-28,23,5.258823529411765,4.094117647058823,58.43655315909731,,
AP-EDBLANC16,2025-04-29,12,4.5,4.25,59.037734526990334,,
AP-EDBLANC17,2025-03-26,8,0.3757828810020877,4.102296450939457,57.83174631573261,,
AP-EDBLANC17,2025-04-07,1,0.3012658227848101,3.9063291139240506,57.275992686792016,,
AP-EDBLANC17,2025-04-15,4,0.25906735751295334,4.419689119170984,58.98108420992479,,
AP-EDBLANC17,2025-04-28,15,0.0,3.6666666666666665,58.394122305301515,,
AP-EDBLANC17,2025-04-28,20,0.0,4.0,57.60244184194667,,
AP-EDBLANC17,2025-04-28,21,0.0,3.25,60.08157333660635,,
AP-EDBLANC17,2025-04-28,23,0.047058823529411764,3.5764705882352943,60.516417003055366,,
AP-EDBLANC17,2025-04-29,12,0.0,3.5,58.13433639552976,,
AP-EDBLANC18,2025-02-23,16,0.9652996845425867,4.183753943217666,59.06959929253978,,
AP-EDBLANC18,2025-04-15,3,0.0,8.771428571428572,62.39308879491228,,
AP-EDBLANC18,2025-04-15,19,0.3471223021582734,3.7302158273381294,60.21110141775648,,
AP-EDBLANC18,2025-04-24,9,0.0,6.5,57.75503727110865,,
AP-EDBLANC18,2025-04-24,10,2.4219269102990033,4.604651162790698,58.449234344281,,
AP-EDBLANC18,2025-04-28,15,0.0,4.666666666666667,58.56071373466514,,
AP-EDBLANC18,2025-04-28,20,0.0,5.0,58.645682715509054,,
AP-EDBLANC18,2025-04-28,21,0.0,4.0,60.63599164006627,,
AP-EDBLANC18,2025-04-28,23,0.9411764705882353,4.235294117647059,60.2180356654471,,
AP-EDBLANC18,2025-04-29,12,0.75,4.5,59.796354258565025,,
AP-EDBLANC19,2025-03-23,22,1.540734109221128,4.6056401074306175,59.61676420620441,,
AP-EDBLANC19,2025-04-28,15,4.666666666666667,6.333333333333333,55.97420110014505,,
AP-EDBLANC19,2025-04-28,20,0.0,4.0,55.77020465310256,,
AP-EDBLANC19,2025-04-28,21,0.0,3.25,59.80627122493968,,
AP-EDBLANC19,2025-04-28,23,0.6235294117647059,3.8117647058823527,59.03367914523054,,
AP-EDBLANC19,2025-04-29,12,0.75,4.25,59.67836124560893,,
AP-EDBLANC20,2025-03-02,4,5.674546887312845,4.784869976359338,65.07086073999558,,
AP-EDBLANC20,2025-04-15,4,3.749222797927461,5.155440414507772,66.70177216499437,,
AP-EDBLANC20,2025-04-28,15,0.3333333333333333,3.3333333333333335,64.67251889716626,,
AP-EDBLANC20,2025-04-28,20,0.0,3.0,64.40431533672322,,
AP-EDBLANC20,2025-04-28,21,0.0,5.25,67.12819960236895,,
AP-EDBLANC20,2025-04-28,23,1.1529411764705881,3.8705882352941177,64.4856376728745,,
AP-EDBLANC20,2025-04-29,12,0.75,4.75,63.64425178650403,,
AP-EDBLANC21,2025-03-27,7,0.8585496866606983,3.749328558639212,66.1401211288888,,
AP-EDBLANC21,2025-04-28,15,0.0,3.0,66.3392889196458,,
AP-EDBLANC21,2025-04-28,20,0.0,3.0,65.86388082411199,,
AP-EDBLANC21,2025-04-28,21,0.0,2.75,67.04417078944172,,
AP-EDBLANC21,2025-04-28,23,0.18823529411764706,3.541176470588235,63.65712922084303,,
AP-EDBLANC21,2025-04-29,12,0.0,4.0,62.63814918669239,,
AP-EDBLANC22,2025-03-27,7,7.064633260711692,5.8997821350762525,64.90986190527849,,
AP-EDBLANC22,2025-04-15,21,7.169657422512235,5.0,66.63412276359826,,
AP-EDBLANC22,2025-04-24,23,8.926229508196721,5.69672131147541,66.13868558997848,,
AP-EDBLANC22,2025-04-28,15,2.3333333333333335,5.0,65.50947899313392,,
AP-EDBLANC22,2025-04-28,20,0.0,4.0,63.22522840441158,,
AP-EDBLANC22,2025-04-28,21,0.0,3.5,66.79591096238059,,
AP-EDBLANC22,2025-04-28,23,0.47058823529411764,3.7411764705882353,66.67958805285096,,
AP-EDBLANC22,2025-04-29,12,0.0,3.75,65.42610301657666,,
AP-EDBLANC23,2025-03-27,7,2.9180841539838855,19.3272157564906,59.621141856263264,,
AP-EDBLANC23,2025-04-28,15,2.6666666666666665,22.666666666666668,61.81672617860954,,
AP-EDBLANC23,2025-04-28,20,0.0,20.0,60.762104230780686,,
AP-EDBLANC23,2025-04-28,21,1.0,19.5,61.26187762375773,,
AP-EDBLANC23,2025-04-28,23,6.764705882352941,19.929411764705883,62.05364543267335,,
AP-EDBLANC23,2025-04-29,12,3.75,19.75,62.829671327082906,,
AP-EDBLANC24,2025-02-23,16,2.0946372239747633,4.7515772870662465,57.65682268537188,,
AP-EDBLANC24,2025-04-15,3,1.0269151138716357,5.091097308488613,59.419006365588935,,
AP-EDBLANC24,2025-04-28,15,1.6666666666666667,5.666666666666667,57.52719021708827,,
AP-EDBLANC24,2025-04-28,20,0.0,6.0,58.25188990758414,,
AP-EDBLANC24,2025-04-28,21,0.0,4.0,58.48402425858794,,
AP-EDBLANC24,2025-04-28,23,2.5764705882352943,4.7176470588235295,59.89538553770993,,
AP-EDBLANC24,2025-04-29,12,3.75,4.75,61.40057193478645,,
AP-EDBLANC25,2025-02-23,16,2.6792452830188678,4.962264150943396,58.3127455570899,,
AP-EDBLANC25,2025-04-03,7,2.66446499339498,4.803170409511228,57.93442398525577,,
AP-EDBLANC25,2025-04-19,23,4.2833583208395805,4.67616191904048,58.983422457950695,,
AP-EDBLANC25,2025-04-28,15,0.3333333333333333,4.666666666666667,57.51585568874213,,
AP-EDBLANC25,2025-04-28,20,0.0,4.0,57.6918887790246,,
AP-EDBLANC25,2025-04-28,21,0.0,3.25,59.76029101655144,,
AP-EDBLANC25,2025-04-28,23,0.011764705882352941,3.623529411764706,60.4118713697552,,
AP-EDBLANC25,2025-04-29,12,0.0,4.0,59.83472599920485,,
AP-EDBLANC26,2025-04-02,11,0.3477917981072555,4.465299684542587,57.118583321962014,,
AP-EDBLANC26,2025-04-15,3,0.2784679089026915,4.891304347826087,59.36537470545499,,
AP-EDBLANC26,2025-04-28,15,0.0,4.0,55.42865785053518,,
AP-EDBLANC26,2025-04-28,20,0.0,4.0,55.052051228583146,,
AP-EDBLANC26,2025-04-28,21,0.0,3.75,57.39361267521316,,
AP-EDBLANC26,2025-04-28,23,0.023529411764705882,4.117647058823529,57.27370679342299,,
AP-EDBLANC26,2025-04-29,12,0.0,4.25,56.69573895014173,,
AP-EDBLANC27,2025-03-20,10,2.9838854073410923,4.9162936436884515,57.71974372523631,,
AP-EDBLANC27,2025-04-28,15,0.0,4.0,53.83338236170275,,
AP-EDBLANC27,2025-04-28,20,0.0,3.0,53.94858351455212,,
AP-EDBLANC27,2025-04-28,21,0.0,5.0,55.41605464748841,,
AP-EDBLANC27,2025-04-28,23,0.0,3.0470588235294116,54.976515877205166,,
AP-EDBLANC27,2025-04-29,12,0.0,3.25,55.23241398457139,,
AP-EDBLANC28,2025-03-12,9,4.906341463414634,4.864390243902439,61.65829975483277,,
AP-EDBLANC28,2025-04-11,9,3.090534979423868,4.720164609053498,62.059253365033996,,
AP-EDBLANC28,2025-04-15,3,2.238095238095238,4.784679089026915,62.81209220095459,,
AP-EDBLANC28,2025-04-28,15,14.333333333333334,18.666666666666668,59.87150891275605,,
AP-EDBLANC28,2025-04-28,20,0.0,21.0,61.11270242462712,,
AP-EDBLANC28,2025-04-28,21,0.5,9.5,58.926985670444566,,
AP-EDBLANC28,2025-04-28,23,0.9411764705882353,4.223529411764706,61.12486295701606,,
AP-EDBLANC28,2025-04-29,12,1.0,4.75,60.27887522714409,,
AP-EDBLANC30,2025-03-26,8,0.3146687697160883,4.329652996845426,55.942373974556666,,
AP-EDBLANC30,2025-04-15,3,0.2650103519668737,4.636645962732919,58.774302859267536,,
AP-EDBLANC30,2025-04-28,15,1.0,4.666666666666667,58.652053539170375,,
AP-EDBLANC30,2025-04-28,20,0.0,9.0,58.24948384154795,,
AP-EDBLANC30,2025-04-28,21,0.25,4.5,59.81739122433243,,
AP-EDBLANC30,2025-04-28,23,0.12941176470588237,3.3058823529411763,58.80271403406424,,
AP-EDBLANC30,2025-04-29,12,0.0,3.5,57.867560243310564,,
AP-EDBLANC31,2025-03-25,19,0.7260519247985676,4.142793196060877,58.21544108466054,,
AP-EDBLANC31,2025-04-28,15,0.0,3.3333333333333335,56.035430468128794,,
AP-EDBLANC31,2025-04-28,20,0.0,4.0,56.845487022138094,,
AP-EDBLANC31,2025-04-28,21,0.0,5.5,57.98543420612424,,
AP-EDBLANC31,2025-04-28,23,2.1294117647058823,3.4,58.46141057609578,,
AP-EDBLANC31,2025-04-29,12,1.5,3.75,58.361265659479784,,
AP-EDBLANC33,2025-03-27,7,1.3030438675022382,4.836168307967771,58.94824242312449,,
AP-EDBLANC33,2025-04-28,15,0.0,4.333333333333333,56.32249228722165,,
AP-EDBLANC33,2025-04-28,20,0.0,5.0,56.46120390378487,,
AP-EDBLANC33,2025-04-28,21,0.0,3.75,59.236830225689,,
AP-EDBLANC33,2025-04-28,23,0.6470588235294118,4.047058823529412,60.53018040002432,,
AP-EDBLANC33,2025-04-29,12,1.25,5.25,59.973108810612814,,
AP-EDBLANC34,2025-03-27,7,2.2766190998902305,4.810098792535675,56.56872040496958,,
AP-EDBLANC34,2025-04-10,10,1.90702947845805,4.873771730914588,64.92562766895644,,
AP-EDBLANC34,2025-04-28,15,0.0,3.6666666666666665,62.84277847922878,,
AP-EDBLANC34,2025-04-28,20,0.0,4.0,62.869818078492735,,
AP-EDBLANC34,2025-04-28,21,0.0,3.5,65.32849622161702,,
AP-EDBLANC34,2025-04-28,23,0.5176470588235295,3.823529411764706,65.22252075450996,,
AP-EDBLANC34,2025-04-29,12,0.0,4.5,65.1719076895579,,
AP-EDBLANC35,2025-03-27,7,0.04357298474945534,4.3957879448075525,59.18437246382589,,
AP-EDBLANC35,2025-04-15,21,0.0,3.9454545454545453,66.08727268491485,,
AP-EDBLANC35,2025-04-18,22,0.0,3.9642857142857144,65.94323842146191,,
AP-EDBLANC35,2025-04-20,2,0.05271084337349398,4.498493975903615,65.79517536816952,,
AP-EDBLANC35,2025-04-28,15,0.0,4.333333333333333,63.210379062336976,,
AP-EDBLANC35,2025-04-28,20,0.0,5.0,61.41059631482343,,
AP-EDBLANC35,2025-04-28,21,0.0,4.25,61.20885286934832,,
AP-EDBLANC35,2025-04-28,23,0.0,3.8823529411764706,64.83341712160635,,
AP-EDBLANC35,2025-04-29,12,0.0,4.0,63.89469837670745,,
AP-EDBLANC36,2025-03-27,7,0.585496866606983,4.303939122649955,59.0953735660646,,
AP-EDBLANC36,2025-04-28,15,0.0,4.0,59.38299276996252,,
AP-EDBLANC36,2025-04-28,20,0.0,4.0,59.57408048176316,,
AP-EDBLANC36,2025-04-28,21,0.0,3.25,62.83464368453495,,
AP-EDBLANC36,2025-04-28,23,1.0588235294117647,4.035294117647059,59.22059618811743,,
AP-EDBLANC36,2025-04-29,12,0.75,4.0,57.91201607280756,,
AP-EDBLANC37,2025-03-26,8,0.6351457840819543,20.994483845547677,59.89574757451362,,
AP-EDBLANC37,2025-04-15,4,0.22383419689119172,21.083937823834198,64.87470124309019,,
AP-EDBLANC37,2025-04-28,15,0.3333333333333333,21.0,63.82842534053473,,
AP-EDBLANC37,2025-04-28,20,0.0,22.0,64.00891848477418,,
AP-EDBLANC37,2025-04-28,21,0.0,21.25,64.55763938856133,,
AP-EDBLANC37,2025-04-28,23,0.08235294117647059,21.0,65.22177159686896,,
AP-EDBLANC37,2025-04-29,12,0.5,21.0,65.69852733720671,,
AP-EDBLANC38,2025-03-27,7,0.5174574753804835,4.3706356311548795,63.78003810181277,,
AP-EDBLANC38,2025-04-28,15,0.0,4.333333333333333,65.12345338648066,,
AP-EDBLANC38,2025-04-28,20,0.0,4.0,65.05085965302236,,
AP-EDBLANC38,2025-04-28,21,0.0,3.5,67.11202220970813,,
AP-EDBLANC38,2025-04-28,23,0.0,3.929411764705882,66.8492128440388,,
AP-EDBLANC38,2025-04-29,12,0.0,4.0,67.12231064833168,,
AP-EDBLANC39,2025-02-23,16,0.06934594168636722,4.1741528762805356,57.32384266198966,,
AP-EDBLANC39,2025-04-15,4,0.06528497409326425,4.021761658031088,59.276457296257824,,
AP-EDBLANC39,2025-04-28,15,0.0,3.3333333333333335,56.63060718413127,,
AP-EDBLANC39,2025-04-28,20,0.0,5.0,56.73962011654525,,
AP-EDBLANC39,2025-04-28,21,0.0,5.75,60.01507801382686,,
AP-EDBLANC39,2025-04-28,23,0.0,3.3058823529411763,59.256890337912765,,
AP-EDBLANC39,2025-04-29,12,0.0,3.25,59.31350299297429,,
AP-EDBLANC40,2025-02-23,16,0.26498422712933756,3.9108832807570977,57.45012910781109,,
AP-EDBLANC40,2025-04-15,3,0.17184265010351968,3.7577639751552794,60.427610128480744,,
AP-EDBLANC40,2025-04-28,15,0.0,4.666666666666667,57.403816078020704,,
AP-EDBLANC40,2025-04-28,20,0.0,5.0,55.84358966720669,,
AP-EDBLANC40,2025-04-28,21,0.0,4.25,58.02005720994874,,
AP-EDBLANC40,2025-04-28,23,0.023529411764705882,4.3882352941176475,57.6441604238127,,
AP-EDBLANC40,2025-04-29,12,0.0,5.25,57.10176706931991,,
AP-EDBLANC41,2025-03-03,19,5.292300805729633,5.391226499552372,62.621889004414435,,
AP-EDBLANC41,2025-04-28,15,2.0,6.333333333333333,62.512986311775755,,
AP-EDBLANC41,2025-04-28,20,0.0,5.0,61.735529804283715,,
AP-EDBLANC41,2025-04-28,21,0.0,4.25,62.225988642509,,
AP-EDBLANC41,2025-04-28,23,0.12941176470588237,4.247058823529412,65.06495767514173,,
AP-EDBLANC41,2025-04-29,12,0.25,4.5,65.36203345233812,,
AP-EDBLANC42,2025-02-23,16,6.428,5.5715,59.50330100265641,,
AP-EDBLANC42,2025-04-25,4,7.119658119658119,5.594017094017094,59.408941936940735,,
AP-EDBLANC42,2025-04-28,15,14.666666666666666,12.333333333333334,59.12391579036214,,
AP-EDBLANC42,2025-04-28,20,0.0,8.0,57.009557810892375,,
AP-EDBLANC42,2025-04-28,21,0.25,5.25,58.27748568820363,,
AP-EDBLANC42,2025-04-28,23,1.035294117647059,4.152941176470589,59.153757046841726,,
AP-EDBLANC42,2025-04-29,12,2.0,4.75,58.22721161866374,,
AP-EDBLANC43,2025-03-10,15,2.851063829787234,4.62962962962963,58.936725871230976,,
AP-EDBLANC43,2025-04-15,4,0.09066666666666667,4.858666666666666,59.785475381361465,,
AP-EDBLANC43,2025-04-22,6,3.2203389830508473,4.991525423728813,60.11783676855738,,
AP-EDBLANC43,2025-04-28,15,0.0,4.666666666666667,56.12687410584093,,
AP-EDBLANC43,2025-04-28,20,0.0,5.0,58.94747214119254,,
AP-EDBLANC43,2025-04-28,21,0.0,3.5,59.87831088292312,,
AP-EDBLANC43,2025-04-28,23,0.8823529411764706,4.011764705882353,59.19757369133259,,
AP-EDBLANC43,2025-04-29,12,0.5,4.25,57.71648292724285,,
AP-EDBLANC44,2025-02-26,7,0.7676107480029049,4.955700798838054,57.116592152964046,,
AP-EDBLANC44,2025-04-15,21,1.0560093348891482,4.3547257876312715,57.83750372808549,,
AP-EDBLANC44,2025-04-28,15,0.0,4.333333333333333,56.75749374995703,,
AP-EDBLANC44,2025-04-28,20,0.0,6.0,58.91733902845343,,
AP-EDBLANC44,2025-04-28,21,0.0,3.5,61.00536842742961,,
AP-EDBLANC44,2025-04-28,23,1.1058823529411765,4.517647058823529,60.846302852071155,,
AP-EDBLANC44,2025-04-29,12,1.75,4.5,59.4449773156667,,
AP-EDBLANC45,2025-03-27,7,1.4655326768128916,4.435541629364369,57.559450424322264,,
AP-EDBLANC45,2025-04-28,15,4.0,5.666666666666667,57.532078732209435,,
AP-EDBLANC45,2025-04-28,20,0.0,11.0,56.84267994509586,,
AP-EDBLANC45,2025-04-28,21,1.0,5.5,59.32340026684418,,
AP-EDBLANC45,2025-04-28,23,2.8588235294117648,4.105882352941176,59.110559062922874,,
AP-EDBLANC45,2025-04-29,12,3.0,4.25,60.017533311124964,,
AP-EDBLANC46,2025-02-23,16,2.462109955423477,4.949479940564636,57.37495965034237,,
AP-EDBLANC46,2025-04-08,10,3.9106382978723406,4.738297872340426,57.78710274039708,,
AP-EDBLANC46,2025-04-14,2,0.5756186984417965,4.271310724106325,58.43881512719877,,
AP-EDBLANC46,2025-04-28,15,0.0,4.0,55.94386032099212,,
AP-EDBLANC46,2025-04-28,20,0.0,5.0,56.19802610925373,,
AP-EDBLANC46,2025-04-28,21,0.0,5.5,57.98298606973697,,
AP-EDBLANC46,2025-04-28,23,0.03529411764705882,3.4823529411764707,56.82503188037498,,
AP-EDBLANC46,2025-04-29,12,0.5,3.75,53.43106180410269,,
AP-EDBLANC47,2025-03-27,7,5.270878721859114,5.164124909222949,57.85656212176193,,
AP-EDBLANC47,2025-04-15,21,6.112018669778297,4.917152858809802,60.34002554518987,,
AP-EDBLANC47,2025-04-28,15,0.6666666666666666,3.3333333333333335,59.24360922126718,,
AP-EDBLANC47,2025-04-28,20,0.0,3.0,59.93395921603495,,
AP-EDBLANC47,2025-04-28,22,0.0,3.0,61.74978359727496,,
AP-EDBLANC47,2025-04-28,23,0.7647058823529411,4.1647058823529415,59.47948089024174,,
AP-EDBLANC47,2025-04-29,12,0.25,4.25,58.017882978400394,,
AP-EDBLANC48,2025-04-02,18,0.7215434083601286,4.528617363344051,58.98994190761521,,
AP-EDBLANC48,2025-04-19,11,0.8939617083946981,4.353460972017673,59.92468916386557,,
AP-EDBLANC48,2025-04-28,15,0.0,3.0,58.00623486183452,,
AP-EDBLANC48,2025-04-28,20,0.0,3.0,58.48734065541239,,
AP-EDBLANC48,2025-04-28,21,0.0,2.75,60.83075767305917,,
AP-EDBLANC48,2025-04-28,23,0.5529411764705883,3.6470588235294117,60.5358251354103,,
AP-EDBLANC48,2025-04-29,12,1.25,3.25,60.92491380411643,,
AP-EDBLANC49,2024-10-23,16,0.0,4.0,56.355336998192016,,
AP-EDBLANC50,2024-11-15,9,0.0,5.0,59.06267687449731,,
AP-EDBLANC51,2024-11-12,10,0.0,9.0,63.44811533420257,,
AP-EDBLANC51,2025-04-25,14,6.375838926174497,4.5369127516778525,55.68112186516086,,
AP-EDBLANC51,2025-04-28,15,5.0,4.333333333333333,53.334463802455105,,
AP-EDBLANC51,2025-04-28,20,0.0,5.0,55.62950707727139,,
AP-EDBLANC51,2025-04-28,21,0.0,3.25,57.74532170535086,,
AP-EDBLANC51,2025-04-28,23,0.08235294117647059,3.023529411764706,58.259598122608004,,
AP-EDBLANC51,2025-04-29,12,0.25,3.25,59.298963658664015,,
AP-EDBLANCEX01,2025-03-26,8,5.08274231678487,8.826635145784081,57.12532052056048,15.501182033096926,13.426319936958235
AP-EDBLANCEX01,2025-04-15,4,0.19230769230769232,13.913461538461538,56.369893943299076,16.0,3.2115384615384617
AP-EDBLANCEX01,2025-04-15,19,4.182346109175377,9.246225319396052,57.10162822767066,15.725900116144018,11.16376306620209
AP-EDBLANCEX01,2025-04-28,15,62.666666666666664,22.0,57.38368346521841,15.0,72.0
AP-EDBLANCEX01,2025-04-28,20,1.0,22.0,57.44107601247428,15.0,78.0
AP-EDBLANCEX01,2025-04-28,22,10.666666666666666,9.0,57.780711012580355,15.0,33.333333333333336
AP-EDBLANCEX01,2025-04-28,23,5.788235294117647,7.564705882352941,57.17963447285697,15.0,13.305882352941177
AP-EDBLANCEX01,2025-04-29,12,5.75,9.0,57.27273691579863,15.0,19.5
AP-EDBLANCEX02,2025-02-23,16,2.896877269426289,6.428467683369644,56.6381821602605,15.0,8.835148874364561
AP-EDBLANCEX02,2025-04-15,21,2.3057176196032674,5.85997666277713,56.75042438100748,15.0,7.9323220536756125
AP-EDBLANCEX02,2025-04-28,17,63.666666666666664,21.666666666666668,58.13448697413921,15.0,37.0
AP-EDBLANCEX02,2025-04-28,20,1.0,18.0,58.01345015592847,15.0,82.0
AP-EDBLANCEX02,2025-04-28,21,22.75,9.5,57.76093156649765,15.0,29.25
AP-EDBLANCEX02,2025-04-28,23,6.247058823529412,5.364705882352941,57.171885158904765,15.0,15.24705882352941
AP-EDBLANCEX02,2025-04-29,12,8.5,5.75,57.20574054749984,15.0,13.25
AP-ENGQUIM03,2025-02-07,22,2.289992119779354,6.506698187549252,69.1897741758624,16.38140267927502,1.8794326241134751
AP-ENGQUIM03,2025-04-15,4,0.0,5.0,68.92465570263404,17.0,1.0
AP-ENGQUIM03,2025-04-15,20,2.8193473193473193,7.764568764568764,69.25638020583752,15.356643356643357,2.2482517482517483
AP-ENGQUIM03,2025-04-28,15,1.0,5.0,68.40509002463843,15.0,1.0
AP-ENGQUIM03,2025-04-28,20,0.0,5.0,68.40298669608235,15.0,1.0
AP-ENGQUIM03,2025-04-28,21,1.0,4.5,68.65067974834746,15.0,1.0
AP-ENGQUIM03,2025-04-28,23,5.022471910112359,8.853932584269662,69.15249395111087,15.0,3.404494382022472
AP-ENGQUIM04,2025-04-02,13,4.17966903073286,6.223798266351458,67.16058972955244,17.077226162332547,2.434988179669031
AP-ENGQUIM04,2025-04-15,4,0.0,5.0,69.28850651616192,17.0,1.0
AP-ENGQUIM04,2025-04-15,20,6.051282051282051,8.099067599067599,69.32572496666609,17.353146853146853,2.787878787878788
AP-ENGQUIM04,2025-04-28,12,2.6666666666666665,7.0,71.27234141881992,17.0,1.0
AP-ENGQUIM04,2025-04-28,20,0.0,7.0,71.42833266479475,17.0,1.0
AP-ENGQUIM04,2025-04-28,21,1.25,6.75,71.36260745582422,17.0,1.0
AP-ENGQUIM04,2025-04-28,23,4.943820224719101,8.247191011235955,71.36323455001016,17.0,1.9325842696629214
AP-ENGQUIM05,2025-04-02,9,2.4570527974783296,2.85973207249803,55.72533481757785,,
AP-ENGQUIM05,2025-04-15,4,0.0,2.0,57.748897191625154,,
AP-ENGQUIM05,2025-04-15,20,2.5326340326340326,3.008158508158508,58.51410461803206,,
AP-ENGQUIM05,2025-04-28,12,0.0,2.0,58.25576276685373,,
AP-ENGQUIM05,2025-04-28,20,0.0,2.0,58.291761859041195,,
AP-ENGQUIM05,2025-04-28,21,0.0,2.25,59.39290406728278,,
AP-ENGQUIM05,2025-04-28,23,2.3529411764705883,3.164705882352941,58.21055691970439,,
AP-ENGQUIM05,2025-04-29,12,5.25,3.5,58.28288232962188,,
AP-ENGQUIM06,2025-03-21,5,3.1278195488721803,3.2481203007518795,55.268841261985685,,
AP-ENGQUIM06,2025-04-03,20,0.0,4.0,43.94562713251925,,
AP-ENGQUIM06,2025-04-03,21,0.0,3.25,45.61839352269837,,
AP-ENGQUIM06,2025-04-03,23,0.0,1.7058823529411764,47.35778692270085,,
AP-ENGQUIM06,2025-04-04,3,0.0,2.6666666666666665,45.84590073182599,,
AP-ENGQUIM06,2025-04-04,4,0.7142857142857143,1.9285714285714286,47.04032292516087,,
AP-ENGQUIM06,2025-04-04,6,2.4,5.6,51.776759822478155,,
AP-ENGQUIM06,2025-04-04,7,5.944444444444445,3.5555555555555554,51.43070264066384,,
AP-ENGQUIM06,2025-04-04,8,0.0,3.0,52.54069115965508,,
AP-ENGQUIM06,2025-04-04,9,3.3076923076923075,5.384615384615385,48.52874818156932,,
AP-ENGQUIM06,2025-04-04,10,2.900952380952381,2.42,56.3422780611407,,
AP-ENGQUIM06,2025-04-15,4,0.0,2.0,60.53048477101544,,
AP-ENGQUIM06,2025-04-15,20,0.0,2.0,62.26367204059606,,
AP-ENGQUIM06,2025-04-15,21,3.1540256709451575,3.1190198366394397,58.38413478856669,,
AP-ENGQUIM06,2025-04-28,15,0.0,1.6666666666666667,60.456082706801375,,
AP-ENGQUIM06,2025-04-28,20,0.0,1.0,60.34195927103074,,
AP-ENGQUIM06,2025-04-28,21,0.0,3.5,61.602908840745926,,
AP-ENGQUIM06,2025-04-28,23,3.764705882352941,3.1294117647058823,58.70372863740234,,
AP-ENGQUIM06,2025-04-29,12,2.5,3.75,60.58452438376065,,
AP-ENGQUIM07,2025-03-21,5,2.661150512214342,3.9826635145784084,58.890281225014284,,
AP-ENGQUIM07,2025-04-15,4,0.0,2.0,59.07176407033046,,
AP-ENGQUIM07,2025-04-15,20,3.584204413472706,3.8908246225319396,59.857232322951134,,
AP-ENGQUIM07,2025-04-28,20,0.0,3.0,59.30420007470263,,
AP-ENGQUIM07,2025-04-28,21,0.0,2.0,59.9969179439822,,
AP-ENGQUIM07,2025-04-28,23,1.4943820224719102,3.235955056179775,60.39089918845929,,
AP-ENGQUIM08,2025-02-20,14,11.568951930654059,18.117415287628052,58.57447426843155,,
AP-ENGQUIM08,2025-04-15,4,0.0,12.990654205607477,60.09142011601629,,
AP-ENGQUIM08,2025-04-15,20,16.895104895104897,17.097902097902097,61.21662311484165,,
AP-ENGQUIM08,2025-04-28,15,1.0,14.0,57.44025079228317,,
AP-ENGQUIM08,2025-04-28,20,0.0,13.0,57.73710635041029,,
AP-ENGQUIM08,2025-04-28,21,1.25,13.0,57.152546878186605,,
AP-ENGQUIM08,2025-04-28,23,4.426966292134831,15.539325842696629,60.19706930375195,,
AP-ENGQUIM09,2025-01-29,7,4.94488188976378,9.05511811023622,71.74037222715236,21.0,4.84251968503937
AP-ENGQUIM09,2025-04-03,19,5.411558669001751,13.30122591943958,72.78372398124665,21.0,6.7075306479859895
AP-ENGQUIM09,2025-04-15,4,0.0,5.0,70.89450396004646,21.0,1.0
AP-ENGQUIM09,2025-04-15,20,0.0,5.0,70.89450396004646,21.0,1.0
AP-ENGQUIM09,2025-04-15,21,8.19767441860465,10.038372093023256,71.03538933207507,21.0,5.867441860465116
AP-ENGQUIM09,2025-04-28,20,0.0,5.0,70.62742475807259,21.0,1.0
AP-ENGQUIM09,2025-04-28,21,0.0,5.0,70.805589635354,21.0,1.0
AP-ENGQUIM09,2025-04-28,23,2.4831460674157304,9.539325842696629,70.84178014686441,21.0,4.775280898876405
AP-ESCDOC01,2025-01-26,7,2.8337273443656423,5.576832151300237,69.04641464927727,16.90386130811663,1.5066981875492513
AP-ESCDOC01,2025-04-15,4,0.018691588785046728,5.0,69.0371941174873,17.0,1.0
AP-ESCDOC01,2025-04-15,20,2.3751465416178195,6.109026963657679,69.0714394907208,16.552168815943727,1.7936694021101993
AP-ESCDOC01,2025-04-28,10,0.0,9.0,69.12667970316888,16.0,3.0
AP-ESCDOC01,2025-04-28,23,1.0674157303370786,4.50561797752809,66.23788774122319,16.0,1.1573033707865168
AP-ESCDOC02,2025-01-26,7,0.5153664302600472,2.2797478329393224,58.9404195920494,,
AP-ESCDOC02,2025-04-15,4,0.0,1.0186915887850467,61.2198510663327,,
AP-ESCDOC02,2025-04-15,20,0.40046838407494145,2.2072599531615924,61.22203465763848,,
AP-ESCDOC02,2025-04-28,10,0.0,3.0,57.38948709546583,,
AP-ESCDOC02,2025-04-28,23,0.10588235294117647,1.9058823529411764,51.602623594287934,,
AP-ESCDOC02,2025-04-29,12,0.0,2.0,53.112567763699104,,
AP-ESCDOC03,2025-01-31,16,3.5642237982663514,2.0441292356185974,58.91281689069752,,
AP-ESCDOC03,2025-04-15,4,0.0,1.0,61.252025105580486,,
AP-ESCDOC03,2025-04-15,20,2.5421545667447307,2.107728337236534,62.11693322607696,,
AP-ESCDOC03,2025-04-28,10,0.0,2.0,58.51758834272463,,
AP-ESCDOC03,2025-04-28,23,0.21348314606741572,1.0224719101123596,52.16886492843479,,
AP-ESCDOC04,2025-01-26,7,0.55397951142632,2.8565799842395587,57.325528966200956,,
AP-ESCDOC04,2025-04-15,4,0.0,2.0,63.687363138263095,,
AP-ESCDOC04,2025-04-15,20,0.2540983606557377,2.5737704918032787,59.94934556912274,,
AP-ESCDOC04,2025-04-28,10,0.0,3.0,58.84397191662638,,
AP-ESCDOC04,2025-04-28,23,0.12941176470588237,1.9529411764705882,52.63943354870209,,
AP-ESCDOC04,2025-04-29,12,0.25,2.0,54.26612694404407,,
AP-ESCDOC05,2025-03-04,7,1.2797478329393224,2.7344365642237984,58.01334508762818,,
AP-ESCDOC05,2025-04-15,4,0.0,3.0,58.52675430857682,,
AP-ESCDOC05,2025-04-15,20,0.0,2.0,60.45623666638405,,
AP-ESCDOC05,2025-04-15,21,0.6893317702227433,2.679953106682298,58.176973948671574,,
AP-ESCDOC05,2025-04-28,10,0.0,2.0,57.35162019903895,,
AP-ESCDOC05,2025-04-28,23,0.023529411764705882,1.9176470588235295,53.592151663643016,,
AP-ESCDOC05,2025-04-29,12,0.0,1.5,57.05524173659535,,
AP-ESCDOC06,2025-01-30,1,4.010244286840032,6.107171000788022,69.5144725888722,15.0,1.520882584712372
AP-ESCDOC06,2025-04-15,4,0.0,5.0,69.88718476839317,15.0,1.0
AP-ESCDOC06,2025-04-15,20,0.8100820633059789,5.729191090269636,68.79389788721825,15.0,1.47010550996483
AP-ESCDOC06,2025-04-28,10,0.0,8.0,68.79930471988233,15.0,3.0
AP-ESCDOC06,2025-04-28,23,0.35294117647058826,4.364705882352941,64.19032121127884,15.0,1.2352941176470589
AP-ESCDOC06,2025-04-29,12,0.0,4.0,64.36321668118649,15.0,1.0
AP-ESCDOC07,2025-04-02,9,1.4680851063829787,2.227738376674547,63.42381988032779,,
AP-ESCDOC07,2025-04-15,4,0.0,2.0,65.18541474009166,,
AP-ESCDOC07,2025-04-15,20,2.0807962529274007,2.2868852459016393,66.43759337584542,,
AP-ESCDOC07,2025-04-28,10,0.0,4.0,64.03374178213875,,
AP-ESCDOC07,2025-04-28,23,1.3176470588235294,2.011764705882353,56.403557897699464,,
AP-ESCDOC07,2025-04-29,12,0.5,2.0,58.58887610507176,,
AP-ESCDOC08,2025-01-29,15,0.4152876280535855,2.404255319148936,57.61349092702012,,
AP-ESCDOC08,2025-04-15,4,0.0,2.0,59.508200102200526,,
AP-ESCDOC08,2025-04-15,20,0.0,2.0,59.508200102200526,,
AP-ESCDOC08,2025-04-15,21,0.5814771395076201,2.459554513481829,58.17953470885047,,
AP-ESCDOC08,2025-04-28,10,0.2857142857142857,4.0,55.180625382392634,,
AP-ESCDOC08,2025-04-28,23,0.30337078651685395,2.0,53.50557786999071,,
AP-ESCDOC10,2025-01-29,7,0.018912529550827423,2.0189125295508275,59.71301262221485,,
AP-ESCDOC10,2025-04-15,4,0.0,2.0,60.27443951136064,,
AP-ESCDOC10,2025-04-15,20,0.03629976580796253,2.0585480093676813,60.35802568844037,,
AP-ESCDOC10,2025-04-28,10,0.0,2.0,58.61948452326666,,
AP-ESCDOC10,2025-04-28,23,0.0898876404494382,1.651685393258427,49.351955030355434,,
AP-ESCDOC11,2025-01-26,7,5.042553191489362,5.574468085106383,70.99902149633162,15.0,1.6587864460204886
AP-ESCDOC11,2025-04-15,4,0.0,5.0,71.14420377055757,15.0,1.0
AP-ESCDOC11,2025-04-15,20,2.339976553341149,5.296600234466588,70.58193703745782,15.062133645955452,1.8898007033997655
AP-ESCDOC11,2025-04-28,10,0.0,6.0,70.78335942200663,15.0,3.0
AP-ESCDOC11,2025-04-28,23,0.797752808988764,4.247191011235955,64.22870918252755,15.0,1.550561797752809
AP-ESCDOC12,2025-01-26,7,1.780929866036249,2.2450748620961387,57.73968885474332,,
AP-ESCDOC12,2025-04-15,4,0.0,2.0,59.46168282550064,,
AP-ESCDOC12,2025-04-15,20,0.0,1.0,60.98007161483695,,
AP-ESCDOC12,2025-04-15,21,2.4947245017584994,2.2766705744431417,60.499569969591754,,
AP-ESCDOC12,2025-04-28,10,0.0,4.0,64.04466575159773,,
AP-ESCDOC12,2025-04-28,23,0.32941176470588235,1.6588235294117648,54.013920465229376,,
AP-ESCDOC12,2025-04-29,12,0.75,1.75,55.835660748699006,,
AP-ESCDOC13,2025-01-26,7,2.127659574468085,2.7084318360914104,57.776195812946526,,
AP-ESCDOC13,2025-04-15,4,0.0,2.0,60.96668944523398,,
AP-ESCDOC13,2025-04-15,20,1.2798594847775175,2.7868852459016393,60.308336849368494,,
AP-ESCDOC13,2025-04-28,10,0.2857142857142857,4.0,58.948446025064335,,
AP-ESCDOC13,2025-04-28,23,1.348314606741573,2.49438202247191,53.523432474690026,,
AP-ESCDOC14,2025-03-20,7,0.8157661647475642,2.41806908768822,62.960773094510024,,
AP-ESCDOC14,2025-04-13,16,0.0,2.028368794326241,64.36078657219969,,
AP-ESCDOC14,2025-04-15,4,0.0,2.0,61.65615340471747,,
AP-ESCDOC14,2025-04-15,20,0.0,2.0,61.86804149021621,,
AP-ESCDOC14,2025-04-19,2,2.068814055636896,2.937042459736457,60.63865342034072,,
AP-ESCDOC14,2025-04-28,10,0.0,6.0,57.59297153738454,,
AP-ESCDOC14,2025-04-28,23,1.9294117647058824,2.011764705882353,57.785493214556794,,
AP-ESCDOC14,2025-04-29,12,0.5,2.0,61.149240076982665,,
AP-EST02,2025-03-27,13,0.4397163120567376,2.4200157604412924,57.89149010842318,,
AP-EST02,2025-04-15,4,0.0,2.0,61.46742530310703,,
AP-EST02,2025-04-15,20,0.351288056206089,2.480093676814988,60.461436854418906,,
AP-EST02,2025-04-28,10,0.0,3.0,59.41419166492896,,
AP-EST02,2025-04-28,23,0.1797752808988764,1.8089887640449438,53.349708214929954,,
AP-EST03,2025-04-02,9,8.933018124507486,3.976359338061466,58.41640315203282,,
AP-EST03,2025-04-15,4,0.018691588785046728,2.0,58.53903527063658,,
AP-EST03,2025-04-15,20,8.227166276346605,3.940281030444965,60.93863567517661,,
AP-EST03,2025-04-28,10,0.0,5.0,58.727145237020416,,
AP-EST03,2025-04-28,23,3.269662921348315,1.9438202247191012,54.20329059525816,,
AP-EST04,2025-04-02,9,0.6619385342789598,2.7241922773837666,57.04219309202524,,
AP-EST04,2025-04-15,4,0.0,2.0,61.00689280632085,,
AP-EST04,2025-04-15,20,0.0,2.0,60.080020314071824,,
AP-EST04,2025-04-15,21,0.2605633802816901,2.5950704225352115,58.94167696819161,,
AP-EST04,2025-04-28,10,0.0,3.0,60.106050224909886,,
AP-EST04,2025-04-28,23,0.011764705882352941,2.0,51.35544866627784,,
AP-EST04,2025-04-29,12,0.25,2.0,53.38744380117186,,
AP-EST05,2025-01-26,7,0.9905437352245863,5.223798266351458,68.85925655101786,15.0,1.2962962962962963
AP-EST05,2025-04-15,4,0.0,5.0,68.5928934349512,15.0,1.0
AP-EST05,2025-04-15,20,0.6252927400468384,5.313817330210773,68.76675879447107,15.0,1.2494145199063231
AP-EST05,2025-04-28,10,0.0,6.0,68.83732785131701,15.0,1.0
AP-EST05,2025-04-28,23,0.0,4.0,63.90934873722813,15.0,1.0
AP-EST05,2025-04-29,5,0.16883116883116883,4.012987012987013,63.988251502882314,15.0,1.0
AP-EST06,2025-01-29,7,4.665878644602049,6.818754925137904,71.10783719952708,15.0,1.594956658786446
AP-EST06,2025-04-15,4,0.0,6.0,71.94227169407674,15.0,1.0
AP-EST06,2025-04-15,20,2.9566744730679155,6.361826697892272,71.14488623345161,15.0,1.6182669789227166
AP-EST06,2025-04-28,10,0.2857142857142857,9.0,71.63691800583301,15.0,2.0
AP-EST06,2025-04-28,23,0.48314606741573035,4.179775280898877,65.50404051962302,15.0,1.0898876404494382
AP-EST07,2025-03-21,15,1.483845547675335,4.631993695823483,68.08606715868804,15.0,1.3317572892040976
AP-EST07,2025-04-15,4,0.0,4.0,68.99359874314747,15.0,1.0
AP-EST07,2025-04-15,20,0.8653395784543325,5.318501170960188,68.77321371491963,15.0,1.4332552693208431
AP-EST07,2025-04-28,10,0.42857142857142855,9.0,68.91232952266347,15.0,4.0
AP-EST07,2025-04-28,23,0.6741573033707865,4.078651685393258,65.45280719329901,15.0,1.0674157303370786
AP-EST08,2025-03-21,12,2.3624901497241924,4.9235618597320725,67.95195446389222,15.0,2.231678486997636
AP-EST08,2025-04-15,4,0.0,4.0,68.12491643267818,15.0,1.0
AP-EST08,2025-04-15,20,0.0,4.0,68.12491643267818,15.0,1.0
AP-EST08,2025-04-15,21,0.42672919109026963,4.936694021101993,68.02693615494942,15.0,1.1254396248534584
AP-EST08,2025-04-28,10,0.0,8.0,68.20012702232918,15.0,3.0
AP-EST08,2025-04-28,23,0.25882352941176473,4.011764705882353,65.57342321674709,15.0,1.0
AP-EST08,2025-04-29,12,1.25,4.5,65.6054873567865,15.0,1.5
AP-ETSE01,2025-01-21,9,2.4286840031520884,4.829787234042553,58.66540440281517,,
AP-ETSE01,2025-04-15,4,0.0,3.0,62.56385742225543,,
AP-ETSE01,2025-04-15,20,3.6573426573426575,5.405594405594406,61.19020883919409,,
AP-ETSE01,2025-04-28,12,0.3333333333333333,3.3333333333333335,60.85326023857482,,
AP-ETSE01,2025-04-28,20,0.0,2.0,62.7405779599768,,
AP-ETSE01,2025-04-28,21,0.0,2.5,63.67272267281856,,
AP-ETSE01,2025-04-28,23,1.2921348314606742,3.6179775280898876,61.761866226242866,,
AP-ETSE02,2025-03-20,13,3.305263157894737,3.1578947368421053,44.36509426588851,17.0,2.536842105263158
AP-ETSE02,2025-04-03,11,4.4375,3.4375,42.784924164132384,17.0,2.5
AP-ETSE02,2025-04-03,15,2.6312607944732296,2.715025906735751,46.157380267832814,16.552677029360968,2.8290155440414506
AP-ETSE02,2025-04-15,4,0.0,2.9813084112149535,48.111473427557556,16.0,2.0
AP-ETSE02,2025-04-15,20,0.0,2.6666666666666665,48.57381429956767,16.0,1.7333333333333334
AP-ETSE02,2025-04-16,4,2.3412844036697247,5.84954128440367,44.39945801020548,15.755963302752294,3.726605504587156
AP-ETSE02,2025-04-24,10,2.7315436241610738,3.2416107382550337,46.02767158597042,16.0,2.942953020134228
AP-ETSE02,2025-04-28,15,0.0,3.0,44.811761177786906,16.0,2.0
AP-ETSE02,2025-04-28,20,0.0,2.0,46.69094450702869,16.0,2.0
AP-ETSE02,2025-04-28,21,0.0,2.25,47.22109527178639,16.0,1.75
AP-ETSE02,2025-04-28,23,0.23595505617977527,2.7752808988764044,46.12274877038709,15.07865168539326,2.730337078651685
AP-ETSE03,2025-04-02,9,12.44996059889677,4.542159180457053,48.51753256434644,16.39243498817967,9.331757289204099
AP-ETSE03,2025-04-15,4,0.0,3.0,50.44750916011444,17.0,2.0
AP-ETSE03,2025-04-15,20,0.0,2.8666666666666667,52.126006446303876,16.866666666666667,1.8
AP-ETSE03,2025-04-16,4,8.39243498817967,3.644208037825059,44.14795081663005,16.062647754137117,7.400709219858156
AP-ETSE03,2025-04-28,20,0.0,2.0,49.95870205136088,16.0,2.0
AP-ETSE03,2025-04-28,21,0.0,3.5,49.56750794985511,16.0,2.0
AP-ETSE03,2025-04-28,23,1.550561797752809,2.4157303370786516,48.402139155113574,16.0,2.8876404494382024
AP-ETSE04,2025-01-29,12,6.89204097714736,10.257683215130024,71.25585084720464,15.117415287628054,5.048069345941687
AP-ETSE04,2025-04-15,4,0.0,5.0,72.44687621201903,16.0,1.0
AP-ETSE04,2025-04-15,20,0.0,5.0,72.68680582540836,16.0,1.0
AP-ETSE04,2025-04-16,4,4.804270462633452,7.860023724792408,67.13266772742148,15.858837485172005,4.334519572953736
AP-ETSE04,2025-04-28,15,0.0,4.333333333333333,67.68696708422472,15.0,1.0
AP-ETSE04,2025-04-28,20,0.0,4.0,67.71476736424489,15.0,1.0
AP-ETSE04,2025-04-28,21,0.0,6.25,67.88232066061012,15.0,1.0
AP-ETSE04,2025-04-28,23,0.8202247191011236,4.775280898876405,67.95194040240341,15.0,1.0
AP-ETSE05,2025-04-02,9,1.5256107171000788,2.7163120567375887,56.0156199042699,,
AP-ETSE05,2025-04-15,4,0.018691588785046728,2.0,56.61232776577291,,
AP-ETSE05,2025-04-15,20,1.0,2.0,59.42685215526229,,
AP-ETSE05,2025-04-15,21,2.6196032672112017,3.173862310385064,57.43814158652612,,
AP-ETSE05,2025-04-28,15,4.333333333333333,3.3333333333333335,53.44679223657969,,
AP-ETSE05,2025-04-28,20,0.0,3.0,54.60738731017858,,
AP-ETSE05,2025-04-28,22,2.0,2.0,56.387999105936416,,
AP-ETSE05,2025-04-28,23,3.0588235294117645,2.8705882352941177,57.7902096010392,,
AP-ETSE05,2025-04-29,12,4.0,3.0,58.62891991838853,,
AP-ETSE06,2025-04-01,9,8.84869976359338,3.698187549251379,54.800901306725805,,
AP-ETSE06,2025-04-15,4,0.009345794392523364,2.0,55.96165876484027,,
AP-ETSE06,2025-04-15,20,8.027972027972028,4.015151515151516,58.321845588202976,,
AP-ETSE06,2025-04-28,12,1.6666666666666667,2.6666666666666665,55.5960906869204,,
AP-ETSE06,2025-04-28,20,0.0,2.0,58.79577540633873,,
AP-ETSE06,2025-04-28,21,0.0,2.0,59.380220303989255,,
AP-ETSE06,2025-04-28,23,4.823529411764706,3.8117647058823527,57.38831986700184,,
AP-ETSE06,2025-04-29,12,10.0,4.25,57.61506026192893,,
AP-ETSE07,2025-02-18,6,6.220646178092987,9.16942474389283,71.48379052341556,15.0,3.5508274231678487
AP-ETSE07,2025-04-15,4,0.0,5.0,71.4267420118329,15.0,1.0
AP-ETSE07,2025-04-15,20,0.0,5.0,71.98224472968758,15.0,1.0
AP-ETSE07,2025-04-16,4,4.1755634638196915,7.680901542111506,66.53101316768208,15.0,4.481613285883748
AP-ETSE07,2025-04-28,15,0.0,4.666666666666667,67.67136785081563,15.0,1.0
AP-ETSE07,2025-04-28,20,0.0,4.0,67.67448856799037,15.0,1.0
AP-ETSE07,2025-04-28,21,0.0,4.0,67.81300140393101,15.0,1.0
AP-ETSE07,2025-04-28,23,0.011235955056179775,4.741573033707865,67.8378842122057,15.0,1.0
AP-ETSE08,2025-02-07,23,8.124507486209614,9.50039401103231,70.17476419090302,15.977147360126084,4.3821907013396375
AP-ETSE08,2025-04-15,4,0.0,5.0,70.06228442242445,16.0,1.0
AP-ETSE08,2025-04-15,20,0.0,5.0,70.06228442242445,16.0,1.0
AP-ETSE08,2025-04-15,21,0.0,5.0,70.5112169823273,16.0,1.0
AP-ETSE08,2025-04-16,4,8.562277580071175,11.511269276393831,66.16648494956252,16.604982206405694,7.338078291814947
AP-ETSE08,2025-04-28,15,0.0,4.666666666666667,66.83714509132516,16.0,1.0
AP-ETSE08,2025-04-28,20,0.0,4.0,66.83212996389891,16.0,1.0
AP-ETSE08,2025-04-28,21,0.0,4.75,66.99095031191503,16.0,1.0
AP-ETSE08,2025-04-28,23,0.0,4.977528089887641,67.07114556173954,16.0,1.0
AP-ETSE09,2025-03-05,12,3.27344365642238,3.392434988179669,57.071876923914964,,
AP-ETSE09,2025-04-15,4,0.0,2.9906542056074765,61.03694423782949,,
AP-ETSE09,2025-04-15,20,3.3554006968641117,3.6492450638792104,59.73373760861686,,
AP-ETSE09,2025-04-28,20,0.0,2.0,57.53493951608284,,
AP-ETSE09,2025-04-28,21,1.0,3.5,58.40963671696873,,
AP-ETSE09,2025-04-28,23,1.4719101123595506,2.955056179775281,57.633862389899946,,
AP-ETSE10,2025-01-21,9,2.396375098502758,6.5752561071710005,71.2677134575322,15.0,1.4696611505122144
AP-ETSE10,2025-04-15,4,0.0,5.0,71.35082397379328,15.0,1.0
AP-ETSE10,2025-04-15,20,0.0,6.0,72.4182724649853,15.0,1.0
AP-ETSE10,2025-04-15,21,0.0,5.0,71.9543413895216,15.0,1.0
AP-ETSE10,2025-04-16,4,2.258600237247924,5.837485172004745,65.14130338226988,15.0,2.0
AP-ETSE10,2025-04-28,15,0.0,5.0,65.72865177009515,15.0,1.0
AP-ETSE10,2025-04-28,20,0.0,5.0,65.76225932611311,15.0,1.0
AP-ETSE10,2025-04-28,21,0.0,4.75,65.96962135254755,15.0,1.0
AP-ETSE10,2025-04-28,23,0.0,4.49438202247191,66.02724791459626,15.0,1.0
AP-ETSE11,2025-02-07,22,5.84554767533491,7.5626477541371155,71.05687294299844,15.0,2.0141843971631204
AP-ETSE11,2025-04-15,4,0.0,6.0,71.60800240673886,15.0,1.0
AP-ETSE11,2025-04-15,20,0.0,4.266666666666667,70.63885563605874,15.0,1.0
AP-ETSE11,2025-04-16,4,2.730723606168446,6.493475682087782,65.4727484892592,15.0,3.0083036773428233
AP-ETSE11,2025-04-28,12,2.0,5.0,66.28794021698256,15.0,1.0
AP-ETSE11,2025-04-28,20,0.0,5.0,66.26387217542452,15.0,1.0
AP-ETSE11,2025-04-28,21,1.25,5.0,66.41266362873337,15.0,1.0
AP-ETSE11,2025-04-28,23,1.0,5.0,66.47111330176038,15.0,1.0
AP-ETSE12,2025-03-05,12,3.1788810086682426,3.4034672970843185,57.43670837039378,,
AP-ETSE12,2025-04-15,4,0.0,2.0093457943925235,57.52962525023568,,
AP-ETSE12,2025-04-15,20,3.297202797202797,3.8275058275058274,59.5020878266463,,
AP-ETSE12,2025-04-28,15,0.0,2.3333333333333335,56.750513055390705,,
AP-ETSE12,2025-04-28,20,0.0,2.0,57.05676253503119,,
AP-ETSE12,2025-04-28,21,0.25,4.0,57.87654450105065,,
AP-ETSE12,2025-04-28,23,2.853932584269663,3.8764044943820224,57.16615783862714,,
AP-ETSE13,2025-04-02,9,7.055555555555555,3.6464646464646466,57.663506997225426,,
AP-ETSE13,2025-04-04,8,4.896358543417367,3.8739495798319328,57.6936981793835,,
AP-ETSE13,2025-04-15,4,0.0,3.0,60.78456084711856,,
AP-ETSE13,2025-04-15,20,4.7191142191142195,4.116550116550116,59.16380021499077,,
AP-ETSE13,2025-04-28,15,0.0,2.0,59.58363552377002,,
AP-ETSE13,2025-04-28,20,0.0,2.0,60.91114426771953,,
AP-ETSE13,2025-04-28,21,0.0,2.5,61.61111255920641,,
AP-ETSE13,2025-04-28,23,2.7058823529411766,4.047058823529412,58.859746392215186,,
AP-ETSE13,2025-04-29,12,7.75,4.75,57.500498220370446,,
AP-ETSE14,2025-03-05,12,6.0212765957446805,20.869188337273442,55.495669408539136,,
AP-ETSE14,2025-04-15,4,0.0,20.0,55.830585453153894,,
AP-ETSE14,2025-04-15,20,5.793706293706293,20.914918414918414,56.68661511306296,,
AP-ETSE14,2025-04-28,15,0.0,21.0,56.59240014444035,,
AP-ETSE14,2025-04-28,20,0.0,21.0,56.631920017781965,,
AP-ETSE14,2025-04-28,22,0.0,20.333333333333332,56.73905559807545,,
AP-ETSE14,2025-04-28,23,5.887640449438202,20.93258426966292,57.30564630673498,,
AP-ETSE15,2025-02-14,10,3.8289992119779352,3.8156028368794326,58.19012270384678,,
AP-ETSE15,2025-04-15,4,0.0,2.0093457943925235,61.36366373875808,,
AP-ETSE15,2025-04-15,20,0.0,2.0,62.394333599910176,,
AP-ETSE15,2025-04-15,21,2.9571428571428573,3.6183673469387756,60.538899612296014,,
AP-ETSE15,2025-04-23,22,4.332425068119891,4.4032697547683926,60.44822218279685,,
AP-ETSE15,2025-04-28,15,1.3333333333333333,2.0,63.051625249868046,,
AP-ETSE15,2025-04-28,20,0.0,2.0,63.25982992550362,,
AP-ETSE15,2025-04-28,21,0.25,3.0,62.81706722892229,,
AP-ETSE15,2025-04-28,23,2.651685393258427,3.741573033707865,60.01049450791289,,
AP-ETSE16,2025-04-02,9,3.3356973995271866,3.2702915681639086,57.89441437272706,,
AP-ETSE16,2025-04-15,4,0.0,3.0,56.878211347266564,,
AP-ETSE16,2025-04-15,20,3.448717948717949,3.886946386946387,59.40502268615274,,
AP-ETSE16,2025-04-28,15,0.0,2.3333333333333335,62.82902953045049,,
AP-ETSE16,2025-04-28,20,0.0,2.0,62.66725023315926,,
AP-ETSE16,2025-04-28,21,0.0,3.75,62.81557865458516,,
AP-ETSE16,2025-04-28,23,2.0,3.865168539325843,59.83359390144522,,
AP-ETSE17,2025-03-05,12,2.836091410559496,3.5839243498817965,57.92597640600214,,
AP-ETSE17,2025-04-15,4,0.018691588785046728,3.0,61.13939652667503,,
AP-ETSE17,2025-04-15,20,2.74468085106383,3.243862520458265,60.57432898716787,,
AP-ETSE17,2025-04-24,21,3.4008097165991904,3.708502024291498,61.07100236801522,,
AP-ETSE17,2025-04-28,15,0.0,2.3333333333333335,60.957965883129354,,
AP-ETSE17,2025-04-28,20,0.0,3.0,60.316591744443706,,
AP-ETSE17,2025-04-28,21,0.5,2.25,60.460532317763416,,
AP-ETSE17,2025-04-28,23,2.955056179775281,4.01123595505618,60.16019073370801,,
AP-ETSE18,2025-03-05,12,3.416863672182821,3.259259259259259,57.13832981801569,,
AP-ETSE18,2025-04-15,4,0.009345794392523364,2.0,62.33674197462401,,
AP-ETSE18,2025-04-15,20,3.0147299509001635,3.2062193126022915,61.63913450417134,,
AP-ETSE18,2025-04-24,21,2.145748987854251,3.4412955465587043,57.95888489007136,,
AP-ETSE18,2025-04-28,15,0.3333333333333333,2.0,60.0534211108234,,
AP-ETSE18,2025-04-28,20,0.0,2.0,60.56744203099472,,
AP-ETSE18,2025-04-28,21,0.0,2.25,62.38808928567336,,
AP-ETSE18,2025-04-28,23,0.2247191011235955,3.235955056179775,59.410477485542806,,
AP-ETSE19,2025-03-05,12,2.5807722616233253,3.397163120567376,58.64952048970137,,
AP-ETSE19,2025-04-15,4,0.0,3.0,58.63210562859048,,
AP-ETSE19,2025-04-15,20,1.910569105691057,3.4552845528455283,59.7259882805129,,
AP-ETSE19,2025-04-28,20,0.0,2.0,62.899378318366075,,
AP-ETSE19,2025-04-28,21,0.0,2.0,62.901761111442106,,
AP-ETSE19,2025-04-28,23,1.303370786516854,2.955056179775281,60.780641012810385,,
AP-ETSE20,2025-03-05,12,0.7943262411347518,2.9164696611505123,57.33317596122961,,
AP-ETSE20,2025-04-15,4,0.018691588785046728,2.9906542056074765,61.72801285565259,,
AP-ETSE20,2025-04-15,20,1.5314685314685315,3.1445221445221447,59.15690743354115,,
AP-ETSE20,2025-04-28,15,0.0,2.6666666666666665,60.79763786376472,,
AP-ETSE20,2025-04-28,20,0.0,3.0,61.62009592183264,,
AP-ETSE20,2025-04-28,21,0.25,2.25,64.18798690613134,,
AP-ETSE20,2025-04-28,23,1.7058823529411764,3.3529411764705883,59.44762229285558,,
AP-ETSE20,2025-04-29,12,3.75,3.75,59.57379404533029,,
AP-ETSE21,2025-03-05,12,2.9724192277383765,3.3585500394011034,58.84050134367082,,
AP-ETSE21,2025-04-15,4,0.009345794392523364,2.9906542056074765,59.64942022374851,,
AP-ETSE21,2025-04-15,20,3.5745920745920747,3.6783216783216783,61.53566571189458,,
AP-ETSE21,2025-04-28,15,1.0,2.6666666666666665,61.581755211806374,,
AP-ETSE21,2025-04-28,20,0.0,3.0,58.68824716943518,,
AP-ETSE21,2025-04-28,21,0.25,3.0,60.226147650533804,,
AP-ETSE21,2025-04-28,23,4.202247191011236,4.022471910112359,59.232535006780374,,
AP-ETSE22,2025-04-02,9,0.888100866824271,3.040977147360126,57.15137330704037,,
AP-ETSE22,2025-04-15,4,0.0,3.0,58.69460605824513,,
AP-ETSE22,2025-04-15,20,0.865967365967366,3.234265734265734,61.10911797145819,,
AP-ETSE22,2025-04-28,15,0.0,2.3333333333333335,58.5077504447403,,
AP-ETSE22,2025-04-28,20,0.0,3.0,59.83519593397754,,
AP-ETSE22,2025-04-28,21,0.0,3.0,60.31372827522875,,
AP-ETSE22,2025-04-28,23,0.19101123595505617,3.247191011235955,60.0770688521479,,
AP-ETSE23,2025-01-29,7,5.869188337273443,4.084318360914105,59.155558436081314,,
AP-ETSE23,2025-04-15,4,0.0,2.0,62.25864046341538,,
AP-ETSE23,2025-04-15,20,0.0,2.6666666666666665,63.75415070260947,,
AP-ETSE23,2025-04-16,4,3.6666666666666665,2.800711743772242,53.48702198298843,,
AP-ETSE23,2025-04-28,15,0.0,2.0,56.22377435759946,,
AP-ETSE23,2025-04-28,20,0.0,2.0,56.405749810379085,,
AP-ETSE23,2025-04-28,21,0.0,2.0,56.75761996101027,,
AP-ETSE23,2025-04-28,23,0.023529411764705882,2.0823529411764707,58.83113059223327,,
AP-ETSE23,2025-04-29,12,0.0,2.0,57.94096853037487,,
AP-ETSE24,2025-01-29,7,3.47123719464145,3.322301024428684,57.613644254591755,,
AP-ETSE24,2025-04-15,4,0.0,2.0,59.16796016585815,,
AP-ETSE24,2025-04-15,20,0.0,2.6666666666666665,59.53023159913259,,
AP-ETSE24,2025-04-16,4,2.9940688018979835,2.7698695136417557,54.12497546585308,,
AP-ETSE24,2025-04-28,15,0.0,2.0,56.11518869286453,,
AP-ETSE24,2025-04-28,20,0.0,3.0,56.01201428974076,,
AP-ETSE24,2025-04-28,21,0.0,2.25,56.52680858828085,,
AP-ETSE24,2025-04-28,23,0.033707865168539325,2.0112359550561796,57.80052039964229,,
AP-ETSE25,2025-03-05,12,1.5327029156816392,3.619385342789598,59.868012622029745,,
AP-ETSE25,2025-04-15,4,0.0,4.0,56.33001601752532,,
AP-ETSE25,2025-04-15,20,2.0221445221445222,4.118881118881119,59.37820921476501,,
AP-ETSE25,2025-04-28,15,0.0,3.3333333333333335,59.66622111479532,,
AP-ETSE25,2025-04-28,20,0.0,3.0,59.34653537948245,,
AP-ETSE25,2025-04-28,21,0.75,4.5,59.858076834281626,,
AP-ETSE25,2025-04-28,23,2.0786516853932584,4.123595505617978,60.50037527356611,,
AP-ETSE26,2025-01-21,9,18.588652482269502,56.557131599684794,78.55621039163508,21.0,11.574468085106384
AP-ETSE26,2025-04-15,4,0.009345794392523364,6.0,73.28854124883006,21.0,1.0
AP-ETSE26,2025-04-15,20,0.0,5.0,72.85349009779466,21.0,1.0
AP-ETSE26,2025-04-15,21,0.0,4.857142857142857,72.23347722954631,21.0,1.0
AP-ETSE26,2025-04-16,4,16.469750889679716,10.244365361803084,68.45537048655794,21.0,5.411625148279953
AP-ETSE26,2025-04-28,15,6.0,11.666666666666666,72.4023924976044,21.0,5.666666666666667
AP-ETSE26,2025-04-28,20,0.0,5.0,72.34109673753176,21.0,1.0
AP-ETSE26,2025-04-28,21,4.0,5.0,72.41492813993766,21.0,1.0
AP-ETSE26,2025-04-28,23,13.564705882352941,9.776470588235295,72.22979038381611,21.0,4.2
AP-ETSE26,2025-04-29,12,14.75,11.5,72.32559434646176,21.0,4.75
AP-ETSE27,2025-01-29,7,1.913317572892041,3.2450748620961387,56.863653400807266,,
AP-ETSE27,2025-04-15,4,0.0,2.0,54.58882622932787,,
AP-ETSE27,2025-04-15,20,0.9405594405594405,3.041958041958042,58.39560140478549,,
AP-ETSE27,2025-04-28,15,0.0,2.0,60.26199337988117,,
AP-ETSE27,2025-04-28,20,0.0,2.0,60.57093655547586,,
AP-ETSE27,2025-04-28,21,0.0,2.0,61.10519779008563,,
AP-ETSE27,2025-04-28,23,0.550561797752809,2.8876404494382024,58.561703616601754,,
AP-ETSE28,2025-01-21,9,7.958234830575256,13.216706067769898,72.59134693289302,15.0,5.499605988967691
AP-ETSE28,2025-04-15,4,0.0,5.0,71.55619066720149,15.0,1.0
AP-ETSE28,2025-04-15,20,0.0,5.0,71.26951057579278,15.0,1.0
AP-ETSE28,2025-04-16,4,4.833926453143535,8.629893238434164,66.96757062193949,15.0,4.309608540925267
AP-ETSE28,2025-04-28,12,1.0,5.0,67.89014775224796,15.0,1.0
AP-ETSE28,2025-04-28,20,0.0,5.0,67.88173552613985,15.0,1.0
AP-ETSE28,2025-04-28,21,1.0,5.0,68.00391111387927,15.0,1.0
AP-ETSE28,2025-04-28,23,2.5168539325842696,5.606741573033708,68.13783830123457,15.0,1.9550561797752808
AP-ETSE29,2025-04-02,9,6.285263987391647,9.769109535066981,70.24185489884877,15.0,4.346729708431836
AP-ETSE29,2025-04-15,4,0.0,5.0,70.04372660114988,15.0,1.0
AP-ETSE29,2025-04-15,20,0.0,5.0,70.68520742627969,15.0,1.0
AP-ETSE29,2025-04-16,4,6.0771055753262155,8.037959667852906,65.43505891383428,15.0,3.9727164887307236
AP-ETSE29,2025-04-28,15,0.0,5.0,66.05829656371172,15.0,1.0
AP-ETSE29,2025-04-28,20,0.0,5.0,66.04576146543654,15.0,1.0
AP-ETSE29,2025-04-28,22,0.0,5.0,66.3257674875067,15.0,1.0
AP-ETSE29,2025-04-28,23,0.7415730337078652,5.910112359550562,66.51514888633398,15.0,1.8876404494382022
AP-ETSE30,2025-01-29,9,3.4034672970843185,3.5941686367218284,59.89160025880617,,
AP-ETSE30,2025-04-15,4,0.018691588785046728,2.0,63.024269354734635,,
AP-ETSE30,2025-04-15,20,2.0545876887340304,3.519163763066202,63.23596357450227,,
AP-ETSE30,2025-04-28,20,0.0,3.0,60.20939648989337,,
AP-ETSE30,2025-04-28,21,0.0,2.5,62.22683721044141,,
AP-ETSE30,2025-04-28,23,4.022471910112359,3.752808988764045,61.91737711162548,,
AP-ETSE31,2025-01-29,7,1.3404255319148937,2.921197793538219,57.52179492222032,,
AP-ETSE31,2025-04-15,4,0.0,2.0,59.65352707302934,,
AP-ETSE31,2025-04-15,20,2.023310023310023,2.885780885780886,60.08211659560052,,
AP-ETSE31,2025-04-28,15,0.0,2.0,58.51855029174505,,
AP-ETSE31,2025-04-28,20,0.0,2.0,58.85306269291494,,
AP-ETSE31,2025-04-28,21,0.0,2.25,60.30332526203205,,
AP-ETSE31,2025-04-28,23,1.8202247191011236,3.0898876404494384,58.03475467768718,,
AP-ETSE32,2025-01-30,1,2.5870764381402678,3.0551615445232465,58.80393737468586,,
AP-ETSE32,2025-04-15,4,0.0,2.0,61.38011947836488,,
AP-ETSE32,2025-04-15,20,2.8176538908246225,3.354239256678281,60.52538575638635,,
AP-ETSE32,2025-04-28,20,0.0,2.0,62.80072961088183,,
AP-ETSE32,2025-04-28,22,0.0,2.0,62.940402281351616,,
AP-ETSE32,2025-04-28,23,3.50561797752809,3.752808988764045,58.6358595952845,,
AP-ETSE33,2025-03-08,20,2.652482269503546,3.2828999211977936,57.18751420388387,,
AP-ETSE33,2025-04-15,4,0.0,3.0,59.913221218294346,,
AP-ETSE33,2025-04-15,20,2.3636363636363638,3.613053613053613,59.04637324157208,,
AP-ETSE33,2025-04-28,15,0.0,2.6666666666666665,58.860410980903474,,
AP-ETSE33,2025-04-28,20,0.0,2.0,59.16292962600568,,
AP-ETSE33,2025-04-28,21,0.0,2.0,59.716729405793345,,
AP-ETSE33,2025-04-28,23,5.921348314606742,4.280898876404494,57.02279016834557,,
AP-ETSE34,2025-03-05,12,4.997474747474747,3.1843434343434343,59.74924985046861,,
AP-ETSE34,2025-04-06,4,4.986254295532646,3.45475372279496,59.8425114236821,,
AP-ETSE34,2025-04-15,4,0.018691588785046728,2.0,62.18809936823582,,
AP-ETSE34,2025-04-15,20,4.441724941724941,3.488344988344988,62.124476386522325,,
AP-ETSE34,2025-04-28,15,1.0,2.3333333333333335,62.384266552779536,,
AP-ETSE34,2025-04-28,20,0.0,3.0,63.554229291218775,,
AP-ETSE34,2025-04-28,22,1.0,1.6666666666666667,64.93116860908759,,
AP-ETSE34,2025-04-28,23,5.101123595505618,3.4269662921348316,61.63861584756102,,
AP-ETSE35,2025-03-05,12,2.020488573680063,2.980299448384555,56.832686499036825,,
AP-ETSE35,2025-04-15,4,0.0,3.0,57.73610489368561,,
AP-ETSE35,2025-04-15,20,3.0069686411149825,3.6144018583042974,59.43110020966428,,
AP-ETSE35,2025-04-28,20,0.0,3.0,59.460537079769104,,
AP-ETSE35,2025-04-28,21,0.0,3.0,60.286951839437485,,
AP-ETSE35,2025-04-28,23,3.730337078651685,3.966292134831461,58.097197940744756,,
AP-ETSE36,2025-01-29,9,2.4066390041493775,3.301521438450899,59.41477731947579,,
AP-ETSE36,2025-04-08,23,4.166666666666667,3.4432234432234434,58.8747343894893,,
AP-ETSE36,2025-04-15,4,0.0,3.0,57.85832624880557,,
AP-ETSE36,2025-04-15,20,1.7972027972027973,3.3263403263403264,59.69433324406799,,
AP-ETSE36,2025-04-28,15,0.0,3.0,60.99024488214477,,
AP-ETSE36,2025-04-28,20,0.0,4.0,61.08428793048532,,
AP-ETSE36,2025-04-28,21,0.0,4.0,61.23951409926054,,
AP-ETSE36,2025-04-28,23,0.0,3.0112359550561796,61.143504157241836,,
AP-ETSE37,2025-01-29,7,3.8329393223010246,9.65799842395587,59.73932097906048,,
AP-ETSE37,2025-04-15,4,0.0,9.0,62.24744899712878,,
AP-ETSE37,2025-04-15,20,2.708478513356562,9.48548199767712,61.18763603351909,,
AP-ETSE37,2025-04-28,20,0.0,9.0,62.661292355355336,,
AP-ETSE37,2025-04-28,21,0.0,9.0,62.69063418744859,,
AP-ETSE37,2025-04-28,23,0.0,8.01123595505618,62.54860146381762,,
AP-ETSE38,2025-01-29,10,0.3073286052009456,2.9487785657998424,58.70313232452832,,
AP-ETSE38,2025-04-15,4,0.0,3.0,57.52571626294406,,
AP-ETSE38,2025-04-15,20,0.3205574912891986,2.8780487804878048,59.0239386008489,,
AP-ETSE38,2025-04-28,20,0.0,2.0,59.01495656477932,,
AP-ETSE38,2025-04-28,21,0.0,3.25,60.042255460624155,,
AP-ETSE38,2025-04-28,23,0.0,2.8876404494382024,61.818345416101764,,
AP-ETSE39,2025-01-29,7,1.955082742316785,2.940898345153664,57.50844268169432,,
AP-ETSE39,2025-04-15,4,0.0,3.0,60.96205834366415,,
AP-ETSE39,2025-04-15,20,1.597902097902098,2.9592074592074593,60.55343606560947,,
AP-ETSE39,2025-04-28,12,0.0,3.0,62.296854507860196,,
AP-ETSE39,2025-04-28,20,0.0,2.0,62.730266248393086,,
AP-ETSE39,2025-04-28,21,0.0,3.0,62.758222444242286,,
AP-ETSE39,2025-04-28,23,0.0,3.044943820224719,62.43682660564743,,
AP-ETSE40,2025-01-21,9,5.194641449960599,3.234042553191489,57.08920713786842,,
AP-ETSE40,2025-04-15,4,0.0,2.0,58.91665158101454,,
AP-ETSE40,2025-04-15,20,2.9976689976689976,3.0920745920745922,59.5781778664674,,
AP-ETSE40,2025-04-28,15,0.0,2.3333333333333335,61.89217592200068,,
AP-ETSE40,2025-04-28,20,0.0,2.0,62.378980607107756,,
AP-ETSE40,2025-04-28,21,0.0,2.5,62.80154326937399,,
AP-ETSE40,2025-04-28,23,0.033707865168539325,2.8202247191011236,62.012484668248554,,
AP-ETSE41,2025-04-02,9,0.32545311268715527,3.959022852639874,58.19732953704254,,
AP-ETSE41,2025-04-15,4,0.0,3.0,59.485056038423735,,
AP-ETSE41,2025-04-15,20,0.19347319347319347,4.0442890442890445,59.890945949101926,,
AP-ETSE41,2025-04-28,15,0.0,4.0,59.30282159936939,,
AP-ETSE41,2025-04-28,20,0.0,4.0,59.289018943759935,,
AP-ETSE41,2025-04-28,21,0.0,3.0,60.012981657183715,,
AP-ETSE41,2025-04-28,23,0.07865168539325842,3.752808988764045,59.40837161454343,,
AP-ETSE42,2025-01-21,9,0.037825059101654845,3.8486997635933804,57.84986924698248,,
AP-ETSE42,2025-04-15,4,0.0,4.0,55.74495886199951,,
AP-ETSE42,2025-04-15,20,0.039627039627039624,3.7703962703962706,57.40037665833408,,
AP-ETSE42,2025-04-28,15,0.0,3.3333333333333335,59.32746348699311,,
AP-ETSE42,2025-04-28,20,0.0,3.0,59.40284878218686,,
AP-ETSE42,2025-04-28,21,0.0,3.25,59.868089577838525,,
AP-ETSE42,2025-04-28,23,0.0,3.741573033707865,58.14262156935084,,
AP-ETSE43,2025-02-07,23,0.8581560283687943,5.493301812450748,69.03700856152564,15.0,1.1599684791174152
AP-ETSE43,2025-04-15,4,0.0,5.0,68.8285532825244,15.0,1.0
AP-ETSE43,2025-04-15,20,0.3997668997668998,5.590909090909091,68.96009362223354,15.0,1.1923076923076923
AP-ETSE43,2025-04-28,15,0.0,5.0,69.0070522114699,15.0,1.0
AP-ETSE43,2025-04-28,20,0.0,5.0,68.98524201096403,15.0,1.0
AP-ETSE43,2025-04-28,22,0.0,5.0,69.22321301728172,15.0,1.0
AP-ETSE43,2025-04-28,23,0.0,5.078651685393258,69.19092186176069,15.0,1.0
AP-ETSE44,2025-01-30,1,0.6627265563435776,2.681639085894405,58.20617779037972,,
AP-ETSE44,2025-04-15,4,0.0,2.0,60.868658583812454,,
AP-ETSE44,2025-04-15,20,2.922183507549361,3.0963995354239255,60.36071475272876,,
AP-ETSE44,2025-04-28,20,0.0,2.0,61.74607066501374,,
AP-ETSE44,2025-04-28,21,0.0,2.5,62.28160296129442,,
AP-ETSE44,2025-04-28,23,0.0,2.696629213483146,61.21668593021409,,
AP-ETSE45,2025-01-29,7,2.4318360914105597,3.1126871552403466,58.46157304890703,,
AP-ETSE45,2025-04-15,4,0.0,2.0,62.923134640018155,,
AP-ETSE45,2025-04-15,20,4.996503496503497,3.2797202797202796,60.93041835578698,,
AP-ETSE45,2025-04-28,12,0.0,2.3333333333333335,61.26931870521566,,
AP-ETSE45,2025-04-28,20,0.0,2.0,61.79258794171363,,
AP-ETSE45,2025-04-28,21,0.0,3.0,62.62475470299979,,
AP-ETSE45,2025-04-28,23,0.011235955056179775,2.8202247191011236,60.080061589883634,,
AP-ETSE46,2025-02-07,23,2.84160756501182,2.918833727344366,57.90163672969404,,
AP-ETSE46,2025-04-15,4,0.0,2.0,57.85443071331837,,
AP-ETSE46,2025-04-15,20,1.4696969696969697,2.867132867132867,58.857704557223144,,
AP-ETSE46,2025-04-28,15,0.0,3.0,62.405042742044515,,
AP-ETSE46,2025-04-28,20,0.0,2.0,62.619540664807495,,
AP-ETSE46,2025-04-28,21,0.0,4.5,62.709563160092756,,
AP-ETSE46,2025-04-28,23,0.0,2.404494382022472,63.030018797246086,,
AP-ETSE47,2025-03-30,18,1.1914893617021276,5.196217494089835,69.93790985801665,15.0,1.41371158392435
AP-ETSE47,2025-04-15,4,0.0,4.0,69.89146713601824,15.0,1.0
AP-ETSE47,2025-04-15,20,0.0,4.133333333333334,70.68838124352354,15.0,1.0
AP-ETSE47,2025-04-16,4,0.48936170212765956,4.317966903073286,64.85235628120884,15.0,1.2222222222222223
AP-ETSE47,2025-04-28,20,0.0,4.0,65.6160165129028,15.0,1.0
AP-ETSE47,2025-04-28,21,0.0,4.0,65.79918563644873,15.0,1.0
AP-ETSE47,2025-04-28,23,0.06741573033707865,4.404494382022472,65.77864100063042,15.0,1.0
AP-ETSE48,2025-04-02,9,5.418439716312057,6.784869976359338,70.3986381917862,15.0,1.9724192277383767
AP-ETSE48,2025-04-15,4,0.0,5.0,71.73200875247616,15.0,1.0
AP-ETSE48,2025-04-15,20,0.0,5.0,72.34573537676327,15.0,1.0
AP-ETSE48,2025-04-15,21,0.0,4.714285714285714,71.83018399248552,15.0,1.0
AP-ETSE48,2025-04-16,4,3.9905100830367735,5.801897983392645,66.53075443998856,15.0,2.391459074733096
AP-ETSE48,2025-04-28,15,1.0,4.333333333333333,67.01525338656572,15.0,1.0
AP-ETSE48,2025-04-28,20,0.0,5.0,66.98672950929269,15.0,1.0
AP-ETSE48,2025-04-28,21,1.0,4.5,67.30558127862182,15.0,1.0
AP-ETSE48,2025-04-28,23,0.23595505617977527,4.606741573033708,67.38661685977995,15.0,1.0
AP-ETSE49,2025-02-26,13,9.163908589440505,29.46729708431836,60.09440857587664,,
AP-ETSE49,2025-04-15,4,0.0,28.990654205607477,60.493114654411286,,
AP-ETSE49,2025-04-15,20,0.0,28.333333333333332,61.579396885175655,,
AP-ETSE49,2025-04-16,4,5.4661921708185055,3.1281138790035588,54.58950321572092,,
AP-ETSE49,2025-04-28,12,0.0,2.0,57.272101864815745,,
AP-ETSE49,2025-04-28,20,0.0,2.0,57.33575162065734,,
AP-ETSE49,2025-04-28,21,0.0,2.0,57.95478729803367,,
AP-ETSE49,2025-04-28,23,0.0,2.0,58.875727176815836,,
AP-ETSE50,2025-04-02,9,8.805921052631579,7.282894736842105,70.12826010571513,15.0,3.3125
AP-ETSE50,2025-04-05,5,5.062176165803109,7.296373056994819,69.94149910972116,15.0,3.498445595854922
AP-ETSE50,2025-04-15,4,0.0,5.0,69.66368760879372,15.0,1.0
AP-ETSE50,2025-04-15,20,0.0,4.666666666666667,70.22199376135123,15.0,1.0
AP-ETSE50,2025-04-16,4,4.030732860520095,6.907801418439717,65.54664001243844,15.0,3.893617021276596
AP-ETSE50,2025-04-28,20,0.0,4.0,65.73656237464903,15.0,1.0
AP-ETSE50,2025-04-28,21,0.0,4.5,65.92643810220702,15.0,1.0
AP-ETSE50,2025-04-28,23,0.0,4.022471910112359,65.89349413200125,15.0,1.0
AP-ETSE51,2025-04-02,9,3.692671394799054,2.66193853427896,59.2808755830593,,
AP-ETSE51,2025-04-15,4,0.0,2.0,60.67951112191444,,
AP-ETSE51,2025-04-15,20,0.0,2.0,63.3222950279982,,
AP-ETSE51,2025-04-16,4,3.263345195729537,2.487544483985765,55.393994722674776,,
AP-ETSE51,2025-04-28,15,0.0,2.0,60.10933350252179,,
AP-ETSE51,2025-04-28,20,0.0,2.0,60.23970146449219,,
AP-ETSE51,2025-04-28,21,0.0,2.0,59.88502513193262,,
AP-ETSE51,2025-04-28,23,0.0,2.0,59.39937240136178,,
AP-ETSE52,2025-01-21,9,1.4018912529550827,2.6501182033096926,58.94600233179932,,
AP-ETSE52,2025-04-15,4,0.0,2.9906542056074765,58.78452514696651,,
AP-ETSE52,2025-04-15,20,0.0,2.0,62.56482056476098,,
AP-ETSE52,2025-04-15,21,0.0,2.2857142857142856,62.0396217185433,,
AP-ETSE52,2025-04-16,4,0.10201660735468565,2.2716488730723605,53.6569864391968,,
AP-ETSE52,2025-04-28,15,0.0,2.0,57.901146108550996,,
AP-ETSE52,2025-04-28,20,0.0,2.0,58.16441222098228,,
AP-ETSE52,2025-04-28,21,0.0,2.0,58.37872306495004,,
AP-ETSE52,2025-04-28,23,0.033707865168539325,2.044943820224719,59.1396973784282,,
AP-ETSE53,2025-03-19,6,0.1520882584712372,2.33096926713948,58.45893792683328,,
AP-ETSE53,2025-04-15,4,0.0,2.0,59.48779297869455,,
AP-ETSE53,2025-04-15,20,0.0,2.066666666666667,61.57782936179671,,
AP-ETSE53,2025-04-16,4,0.14827995255041518,2.088967971530249,54.808700004144804,,
AP-ETSE53,2025-04-28,15,0.0,2.0,59.08679482214589,,
AP-ETSE53,2025-04-28,20,0.0,2.0,59.56399791932575,,
AP-ETSE53,2025-04-28,21,0.0,2.5,60.30080372630884,,
AP-ETSE53,2025-04-28,23,0.0,2.0,60.17132774002733,,
AP-ETSE53,2025-04-29,12,0.0,2.0,60.06490631666808,,
AP-ETSE54,2025-04-02,9,1.1970055161544524,5.459416863672183,70.41076429343146,15.0,1.7470449172576832
AP-ETSE54,2025-04-15,4,0.0,5.0,70.25894836270726,15.0,1.0
AP-ETSE54,2025-04-15,20,0.0,4.933333333333334,70.79932665630433,15.0,1.0
AP-ETSE54,2025-04-16,4,2.34638196915777,5.708185053380783,66.31270040497661,15.0,2.1684460260972718
AP-ETSE54,2025-04-28,15,1.0,4.0,66.77652940385859,15.0,1.0
AP-ETSE54,2025-04-28,20,0.0,4.0,66.74041482818558,15.0,1.0
AP-ETSE54,2025-04-28,21,1.0,8.25,66.97979358479785,15.0,1.0
AP-ETSE54,2025-04-28,23,1.0,4.0,67.24066321649823,15.0,1.0
AP-ETSE55,2025-02-07,23,0.2616233254531127,2.256107171000788,58.37060959286981,,
AP-ETSE55,2025-04-15,4,0.0,2.0,60.7775503154238,,
AP-ETSE55,2025-04-15,20,0.0,2.8666666666666667,61.488163300847624,,
AP-ETSE55,2025-04-16,4,0.28825622775800713,2.1494661921708187,54.93061181386823,,
AP-ETSE55,2025-04-28,15,0.0,2.0,58.43245108047642,,
AP-ETSE55,2025-04-28,20,0.0,2.0,58.84355300334329,,
AP-ETSE55,2025-04-28,21,0.0,2.0,59.43297025844586,,
AP-ETSE55,2025-04-28,23,0.0,2.0,58.96611183114293,,
AP-ETSE56,2025-04-02,9,12.732072498029945,17.6193853427896,73.01011183892182,15.89204097714736,8.536643026004729
AP-ETSE56,2025-04-15,4,0.0,6.0,72.92711258189597,16.0,2.0
AP-ETSE56,2025-04-15,20,0.0,5.066666666666666,71.58739457460054,16.0,2.0
AP-ETSE56,2025-04-16,4,6.8274231678487,9.994089834515366,66.46604349994331,16.0,6.382978723404255
AP-ETSE56,2025-04-28,20,0.0,4.0,68.25160579831862,16.0,1.0
AP-ETSE56,2025-04-28,21,1.0,4.0,68.39855779124257,16.0,1.0
AP-ETSE56,2025-04-28,23,2.168539325842697,5.932584269662922,68.19561631621677,16.0,1.6179775280898876
AP-ETSE57,2025-01-21,9,9.80614657210402,12.00709219858156,72.45506874929718,15.0,4.338849487785658
AP-ETSE57,2025-04-15,4,0.0,6.009345794392523,72.84458008904684,15.0,1.0
AP-ETSE57,2025-04-15,20,0.0,5.0,71.60816954138254,15.0,1.0
AP-ETSE57,2025-04-16,4,5.911032028469751,9.016607354685647,66.14421070042481,15.138790035587188,3.5919335705812574
AP-ETSE57,2025-04-28,15,3.0,5.333333333333333,67.2585463690695,15.0,1.0
AP-ETSE57,2025-04-28,20,0.0,5.0,67.28673619467843,15.0,1.0
AP-ETSE57,2025-04-28,21,1.5,5.0,67.36624348305463,15.0,1.0
AP-ETSE57,2025-04-28,23,2.696629213483146,6.101123595505618,67.56397111496695,15.0,1.5730337078651686
AP-ETSE58,2025-01-21,9,5.524034672970843,3.4980299448384553,58.667657265424765,,
AP-ETSE58,2025-04-15,4,0.0,2.0,64.4171870739258,,
AP-ETSE58,2025-04-15,20,0.0,2.0,63.84278535370316,,
AP-ETSE58,2025-04-15,21,0.0,2.5,64.64345497661206,,
AP-ETSE58,2025-04-16,4,1.4573378839590443,2.3412969283276452,50.790705414511216,,
AP-ETSE58,2025-04-22,9,4.261818181818182,3.076363636363636,53.89724061071789,,
AP-ETSE58,2025-04-28,15,1.0,2.0,54.9706961207341,,
AP-ETSE58,2025-04-28,20,1.0,2.0,55.56981372465898,,
AP-ETSE58,2025-04-28,21,1.0,2.0,56.94304727117739,,
AP-ETSE58,2025-04-28,23,1.5056179775280898,2.033707865168539,54.48201396281703,,
AP-ETSE59,2025-04-02,9,4.62568951930654,3.137115839243499,59.62155638096107,,
AP-ETSE59,2025-04-15,4,0.0,3.0,62.87188042080948,,
AP-ETSE59,2025-04-15,20,0.0,2.2666666666666666,63.7668188312477,,
AP-ETSE59,2025-04-16,4,4.644208037825059,3.0921985815602837,54.75974777936059,,
AP-ETSE59,2025-04-28,20,0.0,2.0,56.629914962751805,,
AP-ETSE59,2025-04-28,21,0.0,2.25,57.36086672513789,,
AP-ETSE59,2025-04-28,23,0.06741573033707865,2.0224719101123596,57.77430370167531,,
AP-ETSE60,2025-04-02,9,6.727344365642238,8.555555555555555,71.52685790803378,15.0,2.9574468085106385
AP-ETSE60,2025-04-15,4,0.0,5.0,71.56387820794056,15.0,1.0
AP-ETSE60,2025-04-15,20,0.0,4.333333333333333,71.17526948720305,15.0,1.0
AP-ETSE60,2025-04-16,4,5.237247924080664,6.901542111506524,67.23974061026408,14.982206405693951,3.3380782918149468
AP-ETSE60,2025-04-28,15,4.0,5.0,68.17065539587233,15.0,1.0
AP-ETSE60,2025-04-28,20,0.0,5.0,68.17789680898181,15.0,1.0
AP-ETSE60,2025-04-28,21,2.5,4.75,68.27870070703177,15.0,1.0
AP-ETSE60,2025-04-28,23,2.067415730337079,4.932584269662922,68.28584092839398,15.0,1.0
AP-ETSE61,2025-01-21,9,6.8534278959810875,3.906225374310481,48.46044806770484,15.0,3.2222222222222223
AP-ETSE61,2025-04-15,4,0.0,3.0,56.89920345777475,15.0,2.0
AP-ETSE61,2025-04-15,20,0.0,3.0,56.30368064143362,15.0,1.6
AP-ETSE61,2025-04-16,4,1.5609756097560976,2.1602787456445993,42.52194770676832,15.0,2.254355400696864
AP-ETSE61,2025-04-22,9,7.710431654676259,2.7535971223021583,46.27390465402957,15.0,4.125899280575539
AP-ETSE61,2025-04-28,15,0.0,2.0,45.8364557737209,15.0,1.3333333333333333
AP-ETSE61,2025-04-28,20,0.0,2.0,45.54154229483524,15.0,1.0
AP-ETSE61,2025-04-28,21,0.0,2.25,46.267411100429726,15.0,1.25
AP-ETSE61,2025-04-28,23,0.07865168539325842,2.0,45.03828485146646,15.0,1.8314606741573034
AP-ETSE62,2025-03-09,10,2.7171000788022064,6.279747832939322,71.15109579033667,15.0,1.5776201733648543
AP-ETSE62,2025-04-15,4,0.0,5.0,71.12097283609059,15.0,1.0
AP-ETSE62,2025-04-15,20,0.0,4.866666666666666,71.71866773841757,15.0,1.0
AP-ETSE62,2025-04-16,4,1.3463819691577699,5.705812574139976,66.34212597430279,15.0,1.8256227758007118
AP-ETSE62,2025-04-28,15,0.0,5.0,66.82912132268963,15.0,1.0
AP-ETSE62,2025-04-28,20,0.0,5.0,66.8095667870036,15.0,1.0
AP-ETSE62,2025-04-28,21,0.0,5.0,66.98342925294992,15.0,1.0
AP-ETSE62,2025-04-28,23,0.033707865168539325,5.067415730337078,66.05197165006776,15.0,1.0
AP-ETSE63,2025-04-02,9,7.415143603133159,7.750217580504787,68.03911509186486,15.0,3.2523933855526543
AP-ETSE63,2025-04-14,5,0.0,5.0,69.71018852787806,15.0,1.0
AP-ETSE63,2025-04-14,8,0.0,4.633333333333334,65.56554043596375,15.0,1.0
AP-ETSE63,2025-04-15,5,0.0,16.0,64.65269421045593,15.0,1.0
AP-ETSE63,2025-04-15,10,0.0,8.942307692307692,65.33539195956611,14.711538461538462,0.9807692307692307
AP-ETSE63,2025-04-15,21,0.0,3.9285714285714284,65.8821844953071,15.0,1.0
AP-ETSE63,2025-04-16,4,0.0,4.0,66.15275983974159,15.0,1.0
AP-ETSE63,2025-04-16,8,0.0,4.0,66.23002741008156,15.0,1.0
AP-ETSE63,2025-04-22,8,8.32854578096948,9.276481149012568,67.55367505896935,15.0,4.290843806104129
AP-ETSE63,2025-04-28,10,0.07142857142857142,20.0,68.62569360877121,15.0,8.0
AP-ETSE63,2025-04-28,23,0.047058823529411764,4.070588235294117,65.80054690818115,15.0,1.0
AP-ETSE63,2025-04-29,12,0.25,4.0,65.6239146041207,15.0,1.0
AP-ETSE64,2025-04-02,9,2.736012608353034,3.405043341213554,58.14062886110782,,
AP-ETSE64,2025-04-15,4,0.0,2.0093457943925235,59.92119592982288,,
AP-ETSE64,2025-04-15,20,0.0,3.0,61.92721306516773,,
AP-ETSE64,2025-04-15,21,0.0,3.0714285714285716,62.04556297280425,,
AP-ETSE64,2025-04-16,4,2.6132858837485173,2.941874258600237,54.08306938250021,,
AP-ETSE64,2025-04-28,15,0.0,2.3333333333333335,56.61230628304043,,
AP-ETSE64,2025-04-28,20,0.0,3.0,56.471802051801454,,
AP-ETSE64,2025-04-28,21,0.0,5.0,57.00287847132313,,
AP-ETSE64,2025-04-28,23,0.033707865168539325,2.067415730337079,57.05543233550123,,
AP-ETSE65,2025-01-21,9,2.300236406619385,3.2214342001576046,59.678201366565695,,
AP-ETSE65,2025-04-15,4,0.0,2.0093457943925235,61.63425658952101,,
AP-ETSE65,2025-04-15,20,0.0,2.4,62.61369473590943,,
AP-ETSE65,2025-04-16,4,1.4626334519572954,2.582443653618031,53.97591030626446,,
AP-ETSE65,2025-04-28,15,0.0,2.0,56.09158633079513,,
AP-ETSE65,2025-04-28,20,0.0,2.0,56.6804996367986,,
AP-ETSE65,2025-04-28,21,0.0,2.0,56.99043459854215,,
AP-ETSE65,2025-04-28,23,0.011235955056179775,2.0112359550561796,56.064690794574155,,
AP-ETSE66,2025-04-02,9,9.355008787346222,9.954305799648505,66.42001747876076,15.0,6.746924428822496
AP-ETSE66,2025-04-07,13,10.854251012145749,10.902834008097166,66.29274443930099,15.0,9.51417004048583
AP-ETSE66,2025-04-09,13,0.0,6.0,66.2718110709988,15.0,2.0
AP-ETSE66,2025-04-09,14,12.391566265060241,11.590361445783133,68.13490093421217,15.0,9.16566265060241
AP-ETSE66,2025-04-14,5,0.0,4.0,68.2937224227838,15.0,1.0
AP-ETSE66,2025-04-14,9,0.0,4.576470588235294,63.816172568731666,15.0,1.0
AP-ETSE66,2025-04-15,5,0.0,15.0,63.16728506484824,15.0,1.0
AP-ETSE66,2025-04-15,10,0.0,7.545454545454546,63.93724145766289,15.0,1.0
AP-ETSE66,2025-04-16,4,0.0,4.0,64.62395162183279,15.0,1.0
AP-ETSE66,2025-04-16,8,0.0,4.0,64.6263705040781,15.0,1.0
AP-ETSE66,2025-04-22,8,6.446043165467626,10.408273381294965,66.61263277472186,15.0,4.553956834532374
AP-ETSE66,2025-04-28,10,0.0,30.0,67.57058761929235,15.0,7.0
AP-ETSE66,2025-04-29,11,0.14285714285714285,8.428571428571429,63.70086194842583,15.0,1.8571428571428572
AP-ETSE66,2025-04-29,12,0.0,4.0,64.31600114435003,15.0,1.0
AP-ETSE67,2025-01-21,9,2.955082742316785,3.161544523246651,61.46103385726398,,
AP-ETSE67,2025-04-15,4,0.0,2.0,63.42612939717134,,
AP-ETSE67,2025-04-15,20,0.0,2.2666666666666666,65.80436768775526,,
AP-ETSE67,2025-04-16,4,2.129300118623962,2.882562277580071,54.875785421440796,,
AP-ETSE67,2025-04-28,12,0.0,2.0,56.489587367313106,,
AP-ETSE67,2025-04-28,20,0.0,2.0,56.47756658501319,,
AP-ETSE67,2025-04-28,21,0.0,2.0,56.880511932082484,,
AP-ETSE67,2025-04-28,23,0.07865168539325842,2.0786516853932584,59.02800060636984,,
AP-ETSE68,2025-01-29,12,2.836091410559496,3.412135539795114,56.76721636517726,,
AP-ETSE68,2025-04-15,4,0.0,2.0,59.12588623432333,,
AP-ETSE68,2025-04-15,20,0.0,2.0,59.638492874607294,,
AP-ETSE68,2025-04-15,21,4.660465116279069,3.9953488372093022,59.6205982830414,,
AP-ETSE68,2025-04-28,20,0.0,2.0,61.454650238200536,,
AP-ETSE68,2025-04-28,21,0.0,2.5,61.672982828708726,,
AP-ETSE68,2025-04-28,23,3.3820224719101124,4.01123595505618,59.60368726755683,,
AP-ETSE69,2025-02-20,10,3.8873128447596534,4.209613869188337,58.05256735994901,,
AP-ETSE69,2025-04-15,4,0.0,3.0,61.6987577910442,,
AP-ETSE69,2025-04-15,20,0.0,2.533333333333333,62.59553729173207,,
AP-ETSE69,2025-04-16,4,3.3250591016548463,3.1501182033096926,55.53339159700925,,
AP-ETSE69,2025-04-28,20,0.0,2.0,60.07465679186612,,
AP-ETSE69,2025-04-28,21,0.0,2.0,60.52726037014462,,
AP-ETSE69,2025-04-28,23,0.0449438202247191,2.0,60.12576787331801,,
AP-ETSE70,2025-03-05,12,2.91725768321513,3.0133963750985027,62.41409194949969,,
AP-ETSE70,2025-04-15,4,0.0,2.0,66.23111695924479,,
AP-ETSE70,2025-04-15,20,3.652680652680653,3.613053613053613,64.20694416145214,,
AP-ETSE70,2025-04-28,15,0.0,3.0,65.10991807154188,,
AP-ETSE70,2025-04-28,20,0.0,3.0,65.36886138080693,,
AP-ETSE70,2025-04-28,21,0.0,2.75,66.3671236783823,,
AP-ETSE70,2025-04-28,23,3.438202247191011,3.606741573033708,63.672203768277896,,
AP-ETSE71,2025-03-05,12,7.085106382978723,3.3530338849487786,59.176715042385375,,
AP-ETSE71,2025-04-15,4,0.009345794392523364,2.0,63.30285267772235,,
AP-ETSE71,2025-04-15,20,7.406759906759906,3.8496503496503496,61.54358661819436,,
AP-ETSE71,2025-04-28,15,0.0,2.0,57.297736732073474,,
AP-ETSE71,2025-04-28,20,0.0,2.0,57.41314674482181,,
AP-ETSE71,2025-04-28,21,0.75,2.25,57.76280506912284,,
AP-ETSE71,2025-04-28,23,7.134831460674158,3.865168539325843,58.97446986119716,,
AP-ETSE72,2025-04-02,9,5.810269799825935,8.079199303742385,69.07403171368318,15.0,4.362053959965187
AP-ETSE72,2025-04-14,5,0.0,5.0,67.81956274443442,15.0,1.0
AP-ETSE72,2025-04-14,8,0.0,4.633333333333334,65.30758795344558,15.0,1.0
AP-ETSE72,2025-04-15,5,0.0,15.0,64.45146344660884,15.0,1.0
AP-ETSE72,2025-04-15,10,0.0,7.833333333333333,65.26709885730867,15.0,1.0
AP-ETSE72,2025-04-16,4,0.0,4.0,66.10503250599426,15.0,1.0
AP-ETSE72,2025-04-16,8,0.0,4.0,66.11818756580928,15.0,1.0
AP-ETSE72,2025-04-22,8,6.423698384201077,9.366247755834829,67.7759261818696,15.0,4.096947935368043
AP-ETSE72,2025-04-28,10,0.0,28.0,68.69367693082297,15.0,14.0
AP-ETSE72,2025-04-28,23,0.4235294117647059,4.070588235294117,65.89443329650227,15.0,1.0235294117647058
AP-ETSE72,2025-04-29,12,0.75,4.25,66.00523131434684,15.0,1.0
AP-ETSE73,2025-01-21,9,6.704491725768322,6.878644602048857,71.8495737798133,16.0,2.5137903861308115
AP-ETSE73,2025-04-15,4,0.0,5.0,71.87541783660917,16.0,1.0
AP-ETSE73,2025-04-15,20,0.0,4.666666666666667,72.03132105398589,16.0,1.0
AP-ETSE73,2025-04-16,4,3.98220640569395,5.844602609727165,66.73325451264529,15.855278766310795,2.5634638196915778
AP-ETSE73,2025-04-28,15,1.0,4.333333333333333,67.19302980637451,16.0,1.0
AP-ETSE73,2025-04-28,20,0.0,5.0,67.2539360208584,16.0,1.0
AP-ETSE73,2025-04-28,21,1.0,4.5,67.42487363054052,16.0,1.0
AP-ETSE73,2025-04-28,23,1.0,4.179775280898877,67.45440054307961,16.0,1.0
AP-ETSE74,2025-04-02,9,9.489991296779808,10.08355091383812,69.01906581373478,16.0,5.116623150565709
AP-ETSE74,2025-04-14,5,0.0,4.0,69.56171616463598,16.0,1.0
AP-ETSE74,2025-04-14,8,0.011111111111111112,4.488888888888889,65.5480480255015,16.0,1.0
AP-ETSE74,2025-04-15,5,0.0,15.0,64.75353320025236,16.0,1.0
AP-ETSE74,2025-04-15,10,0.0,8.257575757575758,65.22644832100272,15.272727272727273,0.9545454545454546
AP-ETSE74,2025-04-16,4,0.02702702702702703,4.0,66.1139123279699,16.0,1.0
AP-ETSE74,2025-04-16,8,0.0,4.0,66.1903329322102,16.0,1.0
AP-ETSE74,2025-04-22,8,11.053859964093357,12.463195691202873,68.15426629561463,16.0,5.734290843806104
AP-ETSE74,2025-04-28,10,0.0,9.0,68.35890493381469,16.0,3.0
AP-ETSE74,2025-04-28,23,0.047058823529411764,4.517647058823529,65.77355800438532,16.0,1.0
AP-ETSE74,2025-04-29,12,1.75,5.0,65.93478340917068,16.0,1.25
AP-ETSE75,2025-04-02,9,7.476753349093775,10.493301812450749,71.96704453523064,17.0,4.5650118203309695
AP-ETSE75,2025-04-15,4,0.0,5.0,71.84811809002707,17.0,1.0
AP-ETSE75,2025-04-15,20,0.0,5.0,72.58991843829389,17.0,1.0
AP-ETSE75,2025-04-15,21,0.0,5.0,72.0977190374119,16.857142857142858,1.0
AP-ETSE75,2025-04-16,4,5.572953736654804,8.497034400948992,67.35127932709906,16.698695136417555,4.309608540925267
AP-ETSE75,2025-04-28,15,1.0,5.0,68.02914806423263,17.0,1.0
AP-ETSE75,2025-04-28,20,0.0,5.0,68.05075043455007,17.0,1.0
AP-ETSE75,2025-04-28,21,1.0,5.0,68.21567021775554,17.0,1.0
AP-ETSE75,2025-04-28,23,0.24719101123595505,5.033707865168539,68.26247186087572,17.0,1.0112359550561798
AP-ETSE76,2025-01-29,7,4.84869976359338,10.847123719464145,72.62099710686589,15.0,2.7218282111899135
AP-ETSE76,2025-04-15,4,0.0,6.0,73.60542788035667,15.0,1.0
AP-ETSE76,2025-04-15,20,0.0,6.0,73.86641330534525,15.0,1.0
AP-ETSE76,2025-04-16,4,3.9893617021276597,6.814420803782506,66.78423205474985,15.138297872340425,2.4692671394799053
AP-ETSE76,2025-04-28,20,0.0,4.0,67.52364955207916,15.0,1.0
AP-ETSE76,2025-04-28,21,0.5,4.5,67.5340962833956,15.0,1.0
AP-ETSE76,2025-04-28,23,0.09411764705882353,4.270588235294118,67.43547235568415,15.0,1.035294117647059
AP-ETSE76,2025-04-29,12,0.0,4.75,67.62710654937993,15.0,1.0
AP-ETSE77,2025-04-02,9,10.286840031520883,11.288416075650119,69.15106434151566,16.0,4.794326241134752
AP-ETSE77,2025-04-15,4,0.0,5.0,70.15330425190534,16.0,1.0
AP-ETSE77,2025-04-15,20,0.0,4.0,69.5168150508925,16.0,1.0
AP-ETSE77,2025-04-15,21,11.624270711785298,12.344224037339556,70.49216410646731,16.0,4.057176196032672
AP-ETSE77,2025-04-28,12,2.3333333333333335,63.333333333333336,78.02981703805376,16.0,4.0
AP-ETSE77,2025-04-28,20,0.0,57.0,76.25518117395373,16.0,1.0
AP-ETSE77,2025-04-28,21,2.25,57.25,75.51076322622615,16.0,1.0
AP-ETSE77,2025-04-28,23,5.820224719101123,71.78651685393258,80.41822375356993,16.0,20.123595505617978
AP-ETSE78,2025-03-05,12,3.339637509850276,7.249802994483845,69.13694825803489,17.0,3.573680063041765
AP-ETSE78,2025-04-15,4,0.0,5.0,68.1835951411616,17.0,1.0
AP-ETSE78,2025-04-15,20,0.0,5.0,69.24739204668906,17.0,1.0
AP-ETSE78,2025-04-15,21,3.337222870478413,7.609101516919487,68.38052765076179,16.764294049008168,3.100350058343057
AP-ETSE78,2025-04-28,12,2.0,5.333333333333333,68.43456056297912,17.0,1.0
AP-ETSE78,2025-04-28,20,0.0,6.0,68.39358537237598,17.0,1.0
AP-ETSE78,2025-04-28,21,2.5,5.75,68.3752421820159,17.0,1.0
AP-ETSE78,2025-04-28,23,3.0898876404494384,5.651685393258427,68.5961461198331,17.0,1.146067415730337
AP-ETSE80,2025-03-09,0,6.17966903073286,7.790386130811663,70.9431393585793,16.19700551615445,2.8124507486209613
AP-ETSE80,2025-04-15,4,0.0,5.0,70.72107565245187,16.0,1.0
AP-ETSE80,2025-04-15,20,0.0,5.0,71.3349453121518,16.0,1.0
AP-ETSE80,2025-04-16,4,6.657210401891253,9.964539007092199,66.87179942667409,16.27304964539007,5.547281323877068
AP-ETSE80,2025-04-28,20,0.0,5.0,67.21340586976868,16.0,1.0
AP-ETSE80,2025-04-28,21,0.0,5.0,67.15607819733796,16.0,1.0
AP-ETSE80,2025-04-28,23,0.8089887640449438,4.887640449438202,67.26343105704164,15.07865168539326,1.8202247191011236
AP-ETSE81,2025-04-02,9,0.10966810966810966,2.365079365079365,58.91032723610772,,
AP-ETSE81,2025-04-08,13,0.14756944444444445,2.263888888888889,58.001707717851055,,
AP-ETSE81,2025-04-15,4,0.0,2.0,59.10867856561802,,
AP-ETSE81,2025-04-15,20,0.18997668997668998,2.375291375291375,59.06278725935341,,
AP-ETSE81,2025-04-28,15,0.0,2.0,59.907423267498785,,
AP-ETSE81,2025-04-28,20,0.0,2.0,60.02974355919037,,
AP-ETSE81,2025-04-28,21,0.0,2.75,63.223900055454095,,
AP-ETSE81,2025-04-28,23,0.16853932584269662,2.292134831460674,59.14557262414882,,
AP-EUREKA01,2025-01-29,7,0.062253743104806934,3.4554767533490938,58.68667082950219,,
AP-EUREKA01,2025-04-15,4,0.0,4.0,57.25440367371911,,
AP-EUREKA01,2025-04-15,20,0.0,3.58974358974359,60.37696892469396,,
AP-EUREKA01,2025-04-22,6,0.19487179487179487,2.8923076923076922,51.581441925018126,,
AP-EUREKA01,2025-04-28,16,0.0,3.0,48.080960637141565,,
AP-EUREKA01,2025-04-28,20,0.0,3.0,48.21040245464565,,
AP-EUREKA01,2025-04-28,21,0.0,3.0,50.6859803473099,,
AP-EUREKA01,2025-04-28,23,0.0,2.898876404494382,49.481587912761015,,
AP-EUREKA02,2025-04-02,9,0.9078014184397163,4.215130023640662,60.94449977904262,,
AP-EUREKA02,2025-04-15,4,0.0,4.0,63.283249684347034,,
AP-EUREKA02,2025-04-15,20,0.4908424908424908,4.018315018315018,64.26610655774411,,
AP-EUREKA02,2025-04-22,6,1.511111111111111,3.8,58.034386128239035,,
AP-EUREKA02,2025-04-28,16,0.6666666666666666,3.0,54.02411083447717,,
AP-EUREKA02,2025-04-28,20,0.0,3.0,55.08333008705376,,
AP-EUREKA02,2025-04-28,21,0.0,3.5,48.78576194669074,,
AP-EUREKA02,2025-04-28,23,0.19101123595505617,3.393258426966292,52.24950800841508,,
AP-EUREKA03,2025-01-29,7,0.027580772261623327,3.0874704491725766,57.90097260176968,,
AP-EUREKA03,2025-04-15,4,0.0,3.9906542056074765,58.46894839136122,,
AP-EUREKA03,2025-04-15,20,0.003663003663003663,4.018315018315018,58.61192405722816,,
AP-EUREKA03,2025-04-22,6,0.013675213675213675,3.758974358974359,52.95307345949737,,
AP-EUREKA03,2025-04-28,16,0.0,2.3333333333333335,47.78902343126404,,
AP-EUREKA03,2025-04-28,20,0.0,2.0,47.93038219786112,,
AP-EUREKA03,2025-04-28,21,0.0,3.0,47.47041093746061,,
AP-EUREKA03,2025-04-28,23,0.0,3.337078651685393,47.04951401167214,,
AP-EUREKA04,2025-01-21,10,0.5342789598108747,3.918833727344366,57.60606558164962,,
AP-EUREKA04,2025-04-15,4,0.0,4.0,60.783185952240736,,
AP-EUREKA04,2025-04-15,20,0.047619047619047616,4.941391941391942,58.10285379209647,,
AP-EUREKA04,2025-04-22,6,0.6376068376068376,3.3213675213675216,54.23047285474731,,
AP-EUREKA04,2025-04-28,16,0.0,5.0,47.85730987686289,,
AP-EUREKA04,2025-04-28,20,0.0,5.0,46.57857409652221,,
AP-EUREKA04,2025-04-28,21,0.0,4.0,48.31678494581769,,
AP-EUREKA04,2025-04-28,23,0.0,2.943820224719101,48.09975962383288,,
AP-EUREKA05,2025-04-02,9,1.0275807722616233,3.7612293144208038,57.48055992044953,,
AP-EUREKA05,2025-04-15,4,0.0,3.0,60.82179758339309,,
AP-EUREKA05,2025-04-15,20,0.0,3.0,60.8217975833931,,
AP-EUREKA05,2025-04-15,21,0.2426470588235294,3.4375,59.61573780361672,,
AP-EUREKA05,2025-04-22,6,1.423931623931624,3.805128205128205,55.70095903716151,,
AP-EUREKA05,2025-04-28,16,2.0,2.6666666666666665,51.07783284677331,,
AP-EUREKA05,2025-04-28,20,0.0,2.0,52.41729434436993,,
AP-EUREKA05,2025-04-28,21,0.0,2.75,51.791895302614364,,
AP-EUREKA05,2025-04-28,23,0.3058823529411765,3.5176470588235293,51.93181748870329,,
AP-EUREKA05,2025-04-29,12,0.0,3.5,51.92039605708793,,
AP-EUREKA07,2025-01-21,9,0.5185185185185185,3.4720252167060677,57.026697453766374,,
AP-EUREKA07,2025-04-15,4,0.0,3.0093457943925235,56.91931303457738,,
AP-EUREKA07,2025-04-15,20,0.03663003663003663,3.769230769230769,59.338747561082954,,
AP-EUREKA07,2025-04-22,6,0.42857142857142855,4.1411359724612735,58.785207627486095,,
AP-EUREKA07,2025-04-28,10,0.0,7.0,57.20823012073866,,
AP-EUREKA07,2025-04-28,21,0.0,4.25,48.6927381346572,,
AP-EUREKA07,2025-04-28,23,0.5176470588235295,3.929411764705882,52.58082520044822,,
AP-EUREKA07,2025-04-29,12,1.0,4.0,53.89506555240985,,
AP-EUREKA08,2025-03-21,9,1.7360126083530338,3.921197793538219,58.63537932164208,,
AP-EUREKA08,2025-04-15,4,0.009345794392523364,4.0,60.406808479435,,
AP-EUREKA08,2025-04-15,20,1.0,4.0,60.406808479435,,
AP-EUREKA08,2025-04-15,21,1.0698529411764706,4.349264705882353,58.67632884695671,,
AP-EUREKA08,2025-04-22,6,1.7005163511187606,4.652323580034423,58.654008981372606,,
AP-EUREKA08,2025-04-28,10,0.0,5.0,57.09397778857325,,
AP-EUREKA08,2025-04-28,21,0.25,3.5,51.42726709423988,,
AP-EUREKA08,2025-04-28,23,0.0,3.25,51.55717765303153,,
AP-EUREKA08,2025-04-29,3,1.1111111111111112,4.061728395061729,56.435717912747194,,
AP-EUREKA09,2025-03-14,14,0.7903861308116628,3.690307328605201,62.21865098232221,,
AP-EUREKA09,2025-04-15,4,0.0,3.0,64.24710938524446,,
AP-EUREKA09,2025-04-15,20,0.41025641025641024,3.4395604395604398,65.30634207834885,,
AP-EUREKA09,2025-04-22,6,1.0379310344827586,4.093103448275862,64.40260597792441,,
AP-EUREKA09,2025-04-28,10,1.0,5.0,61.719775800475254,,
AP-EUREKA09,2025-04-28,22,1.0,3.0,49.96250308396559,,
AP-EUREKA09,2025-04-28,23,1.696629213483146,3.6853932584269664,54.41814978194914,,
AP-EUREKA10,2025-01-21,20,0.4326241134751773,3.5768321513002364,56.6487109937073,,
AP-EUREKA10,2025-04-15,4,0.0,3.0093457943925235,61.90218548107154,,
AP-EUREKA10,2025-04-15,20,0.0,3.0,63.06134021888327,,
AP-EUREKA10,2025-04-15,21,0.2536764705882353,3.0441176470588234,60.39823447343514,,
AP-EUREKA10,2025-04-22,6,0.6506024096385542,3.206540447504303,58.633548508983104,,
AP-EUREKA10,2025-04-28,10,0.0,3.0,59.12368783470097,,
AP-EUREKA10,2025-04-28,21,0.0,3.0,49.041812844726245,,
AP-EUREKA10,2025-04-28,23,1.1348314606741574,3.033707865168539,54.365192875158286,,
AP-EUREKA11,2025-04-02,9,0.15702479338842976,3.2975206611570247,59.551659344483454,,
AP-EUREKA11,2025-04-03,17,0.3780487804878049,3.3440766550522647,58.29012241279635,,
AP-EUREKA11,2025-04-15,4,0.0,3.0,58.472636561594356,,
AP-EUREKA11,2025-04-15,20,0.09157509157509157,3.282051282051282,57.943542963064324,,
AP-EUREKA11,2025-04-22,6,0.7,3.439655172413793,54.29957702154192,,
AP-EUREKA11,2025-04-28,10,0.8,6.8,49.001161786171764,,
AP-EUREKA11,2025-04-28,16,0.6666666666666666,2.0,56.02042835995665,,
AP-EUREKA11,2025-04-28,20,0.0,2.0,56.70175322011838,,
AP-EUREKA11,2025-04-28,21,0.0,2.75,51.31993041170081,,
AP-EUREKA11,2025-04-28,23,0.2808988764044944,3.460674157303371,51.65647351777385,,
AP-EUREKA12,2025-01-29,7,1.0362490149724193,4.156028368794326,63.561594925653225,,
AP-EUREKA12,2025-04-15,4,0.0,4.0,66.7111597925742,,
AP-EUREKA12,2025-04-15,20,0.5824175824175825,3.758241758241758,65.17478838233721,,
AP-EUREKA12,2025-04-22,6,1.7487179487179487,3.9914529914529915,55.27293539238726,,
AP-EUREKA12,2025-04-28,16,1.0,3.0,53.34167364616775,,
AP-EUREKA12,2025-04-28,20,0.0,3.0,54.21273519295503,,
AP-EUREKA12,2025-04-28,21,0.0,3.0,49.568784272119196,,
AP-EUREKA12,2025-04-28,23,5.887640449438202,3.898876404494382,54.37339227896885,,
AP-EXTBIBHUM01,2025-01-26,7,13.848885218827416,11.032204789430223,74.57855913764965,21.0,2.876135425268373
AP-EXTBIBHUM01,2025-04-14,10,0.0,8.0,75.09275972723626,21.0,1.0
AP-EXTBIBHUM01,2025-04-14,11,0.18518518518518517,5.12962962962963,71.1686844499475,21.0,1.0185185185185186
AP-EXTBIBHUM01,2025-04-15,4,0.0,4.009345794392523,71.15107269201116,21.0,1.0
AP-EXTBIBHUM01,2025-04-15,20,12.737704918032787,10.180327868852459,72.92743583458045,21.0,2.951990632318501
AP-EXTBIBHUM01,2025-04-28,10,0.0,17.0,76.2058764540714,21.0,3.0
AP-EXTBIBHUM01,2025-04-28,23,0.9438202247191011,4.47191011235955,66.11790859238499,21.0,1.6853932584269662
AP-FTI01,2025-04-02,9,13.545004128819158,14.238645747316268,72.79916487325139,16.0,4.971098265895954
AP-FTI01,2025-04-14,11,0.0,4.655172413793103,66.08513947034815,16.0,1.0
AP-FTI01,2025-04-15,4,0.0,4.0,65.66497194749465,16.0,1.0
AP-FTI01,2025-04-15,20,9.981264637002342,10.225995316159251,67.49017400213572,16.0,5.177985948477752
AP-FTI01,2025-04-28,10,0.0,24.0,68.63634844230513,16.0,13.0
AP-FTI01,2025-04-28,23,0.1348314606741573,4.191011235955056,66.2491325048854,16.0,1.0786516853932584
AP-FTI02,2025-01-29,12,8.854665565648224,10.297274979355905,70.6863870220201,16.0,3.5672997522708507
AP-FTI02,2025-04-14,11,0.0,4.741379310344827,64.56871901390345,16.0,1.0
AP-FTI02,2025-04-15,4,0.0,4.0,64.14404669010729,16.0,1.0
AP-FTI02,2025-04-15,20,0.0,4.0,65.6645279960974,16.0,1.0
AP-FTI02,2025-04-15,21,5.550996483001172,8.192262602579133,65.69881175699786,16.0,3.200468933177022
AP-FTI02,2025-04-28,10,0.21428571428571427,20.0,66.8892887062943,16.0,9.0
AP-FTI02,2025-04-28,23,0.056179775280898875,4.056179775280899,64.19609702051042,16.0,1.0112359550561798
AP-FTI03,2025-02-07,23,2.1040462427745665,2.9199009083402148,56.798095375165275,,
AP-FTI03,2025-04-14,11,0.0,2.1724137931034484,57.76630706317476,,
AP-FTI03,2025-04-15,4,0.0,2.0,58.037750030362275,,
AP-FTI03,2025-04-15,20,0.0,15.0,58.48527831309565,,
AP-FTI03,2025-04-15,21,0.0,4.6,58.335918899534136,,
AP-FTI03,2025-04-15,23,2.5212264150943398,2.972877358490566,58.819118328946814,,
AP-FTI03,2025-04-28,10,0.0,6.0,62.41409771377897,,
AP-FTI03,2025-04-28,23,1.595505617977528,2.0224719101123596,57.01701368687253,,
AP-FTI04,2025-01-26,7,3.730800990916598,3.568125516102395,57.669744345284535,,
AP-FTI04,2025-04-14,10,0.0,7.0,60.075895629438335,,
AP-FTI04,2025-04-14,11,3.0185185185185186,2.3703703703703702,58.20841402884174,,
AP-FTI04,2025-04-15,4,0.009345794392523364,2.0,58.28271046776214,,
AP-FTI04,2025-04-15,20,3.0422039859320047,2.811254396248535,59.25023359965658,,
AP-FTI04,2025-04-28,10,0.0,5.0,54.012401551798014,,
AP-FTI04,2025-04-28,23,2.662921348314607,2.292134831460674,57.281033129804264,,
AP-FTI05,2025-01-26,7,0.7687861271676301,3.4104046242774566,58.64390302812025,,
AP-FTI05,2025-04-14,11,0.0,2.1379310344827585,51.4135630554842,,
AP-FTI05,2025-04-15,4,0.0,2.9813084112149535,52.64598733396297,,
AP-FTI05,2025-04-15,20,0.5585480093676815,2.6721311475409837,56.85314357867288,,
AP-FTI05,2025-04-28,10,0.0,4.0,56.789230906720256,,
AP-FTI05,2025-04-28,23,0.011235955056179775,2.438202247191011,49.91833805919118,,
AP-FTI06,2025-01-26,7,0.07018992568125516,2.47233691164327,57.46552086602891,,
AP-FTI06,2025-04-14,11,0.0,2.2758620689655173,58.09788995218921,,
AP-FTI06,2025-04-15,4,0.0,2.0,59.46695325586564,,
AP-FTI06,2025-04-15,20,0.0702576112412178,2.5046838407494145,58.79469523241355,,
AP-FTI06,2025-04-28,10,0.0,4.0,57.09800938136603,,
AP-FTI06,2025-04-28,23,0.0,2.0,48.846154192130435,,
AP-FTI07,2025-04-02,9,3.1783649876135427,3.30635838150289,57.427276419300945,,
AP-FTI07,2025-04-14,11,1.1379310344827587,2.6724137931034484,59.44916524472378,,
AP-FTI07,2025-04-15,4,0.009345794392523364,2.0093457943925235,60.8449140073926,,
AP-FTI07,2025-04-15,20,3.4525205158264947,3.413833528722157,62.5196527797547,,
AP-FTI07,2025-04-28,10,1.0,7.0,58.04366136224585,,
AP-FTI07,2025-04-28,23,4.044943820224719,2.853932584269663,55.281569805472714,,
AP-FTI08,2025-01-26,7,3.3303055326176714,2.9281585466556566,60.95330991331451,,
AP-FTI08,2025-04-14,11,1.6206896551724137,2.189655172413793,64.79649502602146,,
AP-FTI08,2025-04-15,4,0.018691588785046728,2.0093457943925235,64.67866682911273,,
AP-FTI08,2025-04-15,20,1.0,2.0,64.68800197984864,,
AP-FTI08,2025-04-15,21,2.3739742086752638,2.8182883939038685,63.10377930230269,,
AP-FTI08,2025-04-28,10,0.0,4.0,60.08611424918136,,
AP-FTI08,2025-04-28,23,2.4269662921348316,2.0786516853932584,56.20830668294432,,
AP-FTI09,2025-01-29,7,12.606110652353427,5.988439306358382,57.94475690794653,,
AP-FTI09,2025-04-14,10,0.0,3.0,57.25864293292575,,
AP-FTI09,2025-04-14,11,0.037037037037037035,2.240740740740741,53.96150378681695,,
AP-FTI09,2025-04-15,4,0.0,2.0,58.31717593154857,,
AP-FTI09,2025-04-15,20,8.934349355216881,3.924970691676436,58.77327046434651,,
AP-FTI09,2025-04-28,10,0.0,7.0,54.48708400836852,,
AP-FTI09,2025-04-28,23,0.20224719101123595,2.044943820224719,54.42925659601312,,
AP-FTI10,2025-01-29,7,0.8290668868703551,2.8364987613542527,58.16050472896191,,
AP-FTI10,2025-04-14,11,0.0,2.206896551724138,48.822446058192185,,
AP-FTI10,2025-04-15,4,0.0,2.0,50.35287255266302,,
AP-FTI10,2025-04-15,20,0.0,2.0,50.35552490049198,,
AP-FTI10,2025-04-15,21,0.6455399061032864,2.392018779342723,56.45952742697966,,
AP-FTI10,2025-04-28,10,0.0,4.0,57.200714744830975,,
AP-FTI10,2025-04-28,23,0.011235955056179775,2.0,49.22673644717328,,
AP-FTI11,2025-04-02,9,8.937704918032788,4.00327868852459,55.81074854451787,,
AP-FTI11,2025-04-05,6,7.440397350993377,3.8951434878587197,56.84092704344042,,
AP-FTI11,2025-04-14,10,0.0,3.0,58.431428263714,,
AP-FTI11,2025-04-14,11,0.018518518518518517,2.1481481481481484,49.608015852495505,,
AP-FTI11,2025-04-15,4,0.0,2.0093457943925235,51.76051608264009,,
AP-FTI11,2025-04-15,20,5.796252927400468,3.2353629976580796,56.23422182182866,,
AP-FTI11,2025-04-28,10,0.0,5.0,57.32083544341507,,
AP-FTI11,2025-04-28,23,1.0786516853932584,2.033707865168539,54.47198450376324,,
AP-FTI12,2025-01-29,12,2.292320396366639,2.8629232039636663,56.36220701992562,,
AP-FTI12,2025-04-14,11,0.0,1.8793103448275863,50.74556582327006,,
AP-FTI12,2025-04-15,4,0.0,2.0,52.02842824309057,,
AP-FTI12,2025-04-15,20,0.0,2.0,52.117635289655986,,
AP-FTI12,2025-04-15,21,1.9636576787807738,2.552168815943728,54.894154018034506,,
AP-FTI12,2025-04-28,10,0.0,3.0,56.59634461281815,,
AP-FTI12,2025-04-28,23,0.0898876404494382,1.9550561797752808,52.08022387543319,,
AP-FTI13,2025-03-28,15,0.7283236994219653,3.1048720066061106,57.89589039422239,,
AP-FTI13,2025-04-14,10,0.0,2.0,58.522515049370185,,
AP-FTI13,2025-04-14,11,0.0,2.8333333333333335,61.15072454042653,,
AP-FTI13,2025-04-15,4,0.0,5.0,62.99103797688801,,
AP-FTI13,2025-04-15,20,0.5304449648711944,2.781030444964871,61.0153750686998,,
AP-FTI13,2025-04-28,10,0.0,5.0,60.259716210239766,,
AP-FTI13,2025-04-28,23,0.033707865168539325,2.0224719101123596,51.4208413333849,,
AP-FTI14,2025-01-26,7,4.578034682080925,3.439306358381503,57.59630835625742,,
AP-FTI14,2025-04-14,11,0.017241379310344827,2.8275862068965516,58.931954817833144,,
AP-FTI14,2025-04-15,4,0.009345794392523364,2.0093457943925235,58.71758592300602,,
AP-FTI14,2025-04-15,20,3.1254396248534584,3.548651817116061,59.463905478196104,,
AP-FTI14,2025-04-28,10,0.0,5.0,57.789048017057866,,
AP-FTI14,2025-04-28,23,0.056179775280898875,2.067415730337079,54.297273848652345,,
AP-FTI15,2025-01-26,7,8.939719240297276,11.235342691990091,70.50898965210645,17.0,4.710982658959537
AP-FTI15,2025-04-14,11,0.0,5.224137931034483,66.2560505712691,17.0,1.0
AP-FTI15,2025-04-15,4,0.0,4.0,66.17612648749834,17.0,1.0
AP-FTI15,2025-04-15,20,6.050410316529894,8.395076201641267,67.80032395250713,17.0,4.1582649472450175
AP-FTI15,2025-04-28,10,0.0,22.0,68.82621274464333,17.0,14.0
AP-FTI15,2025-04-28,23,0.2,4.623529411764705,66.03072925576417,17.0,1.423529411764706
AP-FTI15,2025-04-29,12,1.75,5.0,66.33883222632747,17.0,2.25
AP-FTI16,2025-04-02,9,3.2485549132947975,9.007431874483897,74.76002713802413,14.987613542526837,2.3625103220478945
AP-FTI16,2025-04-14,11,0.0,4.810344827586207,65.63328435369753,15.0,1.0
AP-FTI16,2025-04-15,4,0.0,4.0,65.045216559638,15.0,1.0
AP-FTI16,2025-04-15,20,2.4742388758782203,6.509367681498829,66.73301946575019,15.0,2.029274004683841
AP-FTI16,2025-04-28,10,0.0,11.0,67.5867428800642,15.0,6.0
AP-FTI16,2025-04-28,23,0.11235955056179775,4.101123595505618,65.58890917949238,15.0,1.0
AP-FTI17,2025-01-26,7,10.445086705202312,12.213047068538398,72.00423070543192,15.0,3.9199009083402148
AP-FTI17,2025-04-14,11,0.0,4.672413793103448,64.71958442601209,15.0,1.0
AP-FTI17,2025-04-15,4,0.0,4.0,64.33708720354491,15.0,1.0
AP-FTI17,2025-04-15,20,0.0,4.0,66.14738063452667,15.0,1.0
AP-FTI17,2025-04-15,21,6.227432590855803,8.237983587338805,66.17168226643483,15.0,3.0961313012895664
AP-FTI17,2025-04-28,10,0.0,19.0,66.89856598475731,15.0,5.0
AP-FTI17,2025-04-28,23,0.14606741573033707,4.393258426966292,64.70333239836523,15.0,1.0561797752808988
AP-FTI18,2025-02-28,2,7.9991742361684555,8.581337737407102,70.07930540809865,15.0,3.8464079273327827
AP-FTI18,2025-04-14,10,0.0,5.0,70.08958416900654,15.0,1.0
AP-FTI18,2025-04-14,11,0.018518518518518517,3.9814814814814814,65.5397617628692,15.0,1.0
AP-FTI18,2025-04-15,4,0.0,4.0,65.61037571867897,15.0,1.0
AP-FTI18,2025-04-15,20,6.056271981242673,7.362250879249707,67.10463794200035,15.270808909730363,3.093786635404455
AP-FTI18,2025-04-28,10,0.0,20.0,68.22749532022998,15.0,7.0
AP-FTI18,2025-04-28,23,0.056179775280898875,4.0,64.4819521682598,15.0,1.0
AP-FTI19,2025-04-02,9,2.4525185796862097,7.374896779521057,71.13115958486749,17.89925681255161,2.430222956234517
AP-FTI19,2025-04-14,10,0.0,5.0,72.18266811133674,18.0,2.0
AP-FTI19,2025-04-14,11,0.0,4.611111111111111,65.59877446588101,18.0,1.037037037037037
AP-FTI19,2025-04-15,4,0.0,4.0,65.8223321249655,18.0,1.0
AP-FTI19,2025-04-15,20,1.413833528722157,6.165298944900352,66.99146469364048,17.554513481828838,2.4853458382180538
AP-FTI19,2025-04-28,10,0.0,9.0,67.81738868832731,18.0,7.0
AP-FTI19,2025-04-28,23,0.14606741573033707,4.101123595505618,65.86659131552663,18.0,1.146067415730337
AP-FTI20,2025-01-29,7,7.340214698596202,9.74318744838976,70.52500454454459,15.0,3.036333608587944
AP-FTI20,2025-04-14,11,0.0,4.637931034482759,65.99524392751933,15.0,1.0
AP-FTI20,2025-04-15,4,0.0,5.0,65.80550541516246,15.0,1.0
AP-FTI20,2025-04-15,20,4.120750293083236,8.531066822977726,67.34295861629884,15.0,3.8194607268464242
AP-FTI20,2025-04-28,10,0.0,15.0,68.54971589722055,15.0,3.0
AP-FTI20,2025-04-28,23,0.19101123595505617,4.280898876404494,65.83458969671494,15.0,1.0
AP-FTI21,2025-01-29,7,8.386457473162675,10.237819983484723,72.33786322377289,15.886870355078447,3.170107349298101
AP-FTI21,2025-04-14,10,0.0,5.0,72.17667803182243,16.0,1.0
AP-FTI21,2025-04-14,11,0.018518518518518517,4.611111111111111,64.17412445772159,16.0,0.9629629629629629
AP-FTI21,2025-04-15,4,0.0,4.0,64.29146781109772,16.0,1.0
AP-FTI21,2025-04-15,20,6.125292740046838,8.088992974238876,66.2010927982597,15.857142857142858,3.3723653395784545
AP-FTI21,2025-04-28,10,0.0,22.0,67.41258988710055,16.0,22.0
AP-FTI21,2025-04-28,23,0.16853932584269662,4.101123595505618,64.6913644164569,16.0,1.0449438202247192
AP-FTI22,2025-04-02,9,7.3212221304706855,4.10074318744839,47.024284995067106,17.0,4.597027250206441
AP-FTI22,2025-04-14,11,0.1206896551724138,2.6724137931034484,51.988363771418065,17.0,1.8448275862068966
AP-FTI22,2025-04-15,4,0.0,2.0,50.39540688492983,17.0,2.0
AP-FTI22,2025-04-15,20,5.063231850117096,3.88056206088993,48.38665517499484,17.0,3.9449648711943794
AP-FTI22,2025-04-28,10,0.0,7.0,46.36497750408965,17.0,6.0
AP-FTI22,2025-04-28,23,0.21176470588235294,2.011764705882353,43.87709785312749,17.0,1.7882352941176471
AP-FTI22,2025-04-29,12,0.5,2.0,44.427403762874064,17.0,2.0
AP-FTI23,2025-03-07,2,8.152766308835673,8.911643270024772,71.4876146327276,17.76465730800991,3.1635012386457473
AP-FTI23,2025-04-14,11,0.6724137931034483,4.637931034482759,66.4693155810227,18.0,1.0
AP-FTI23,2025-04-15,4,0.009345794392523364,4.0,66.226266880599,18.0,1.0
AP-FTI23,2025-04-15,20,5.278688524590164,7.798594847775176,67.3876849873733,17.692037470725996,3.1838407494145198
AP-FTI23,2025-04-28,10,0.0,15.0,68.02881401256853,18.0,9.0
AP-FTI23,2025-04-28,23,0.02247191011235955,4.01123595505618,66.19381844950036,18.0,1.0
AP-FTI24,2025-03-10,15,3.353426919900908,7.614368290668868,71.8776120475749,15.0,2.0066061106523536
AP-FTI24,2025-04-14,11,0.017241379310344827,5.189655172413793,70.84689490036902,15.0,1.0172413793103448
AP-FTI24,2025-04-15,4,0.0,5.0,70.78569995988768,15.0,1.0
AP-FTI24,2025-04-15,20,1.9730363423212192,7.191090269636577,71.01332663229708,15.0,2.8593200468933175
AP-FTI24,2025-04-28,10,0.0,12.0,71.08863150153762,15.0,9.0
AP-FTI24,2025-04-28,23,0.29213483146067415,4.078651685393258,65.40585933304028,15.0,1.1573033707865168
AP-FTI25,2025-03-17,7,4.455205811138015,2.8789346246973366,62.35386441461956,,
AP-FTI25,2025-04-06,9,4.823308270676692,3.2518796992481205,61.63442767722141,,
AP-FTI25,2025-04-14,11,0.0,3.7857142857142856,50.38041913562937,,
AP-FTI25,2025-04-15,10,0.05555555555555555,4.166666666666667,51.32251977716264,,
AP-FTI25,2025-04-15,21,0.0,1.9692307692307693,51.684536985862024,,
AP-FTI25,2025-04-17,11,4.377593360995851,2.959889349930844,56.6247550808047,,
AP-FTI25,2025-04-28,10,0.0,4.0,55.17210389851442,,
AP-FTI25,2025-04-28,23,0.023529411764705882,1.9764705882352942,52.96530671815423,,
AP-FTI25,2025-04-29,12,0.0,2.0,52.821043503678986,,
AP-GTIP01,2025-03-20,21,11.621803499327052,4.002691790040377,57.319076085692544,,
AP-GTIP01,2025-04-28,10,0.0,7.0,57.68837277181099,,
AP-GTIP01,2025-04-28,15,6.666666666666667,2.6666666666666665,57.90528630849128,,
AP-GTIP01,2025-04-28,20,0.0,2.0,53.67520858301042,,
AP-GTIP01,2025-04-28,22,0.0,2.0,54.454621212642,,
AP-GTIP01,2025-04-28,23,2.7176470588235295,2.6,56.24770261131627,,
AP-GTIP01,2025-04-29,12,5.25,2.5,57.625888454205686,,
AP-GTIP02,2025-03-28,11,0.8169642857142857,2.2700892857142856,58.570707859321104,,
AP-GTIP02,2025-04-06,17,1.6941638608305274,2.8748597081930414,58.08833896398564,,
AP-GTIP02,2025-04-28,10,1.0,5.0,58.93704585503568,,
AP-GTIP02,2025-04-28,15,0.3333333333333333,2.3333333333333335,57.860678608010595,,
AP-GTIP02,2025-04-28,20,0.0,2.0,58.32326986665811,,
AP-GTIP02,2025-04-28,22,0.0,2.0,58.208633232278565,,
AP-GTIP02,2025-04-28,23,0.011764705882352941,2.0,55.383172798068784,,
AP-GTIP02,2025-04-29,12,0.0,2.0,53.94880013210448,,
AP-GTIP03,2025-04-02,9,3.6238198983297023,2.7066085693536674,54.64528195578493,,
AP-GTIP03,2025-04-15,21,4.23094958968347,3.0926143024618993,57.48042603727619,,
AP-GTIP03,2025-04-28,10,0.0,8.0,57.96488060183731,,
AP-GTIP03,2025-04-28,15,0.0,2.0,52.678196162744776,,
AP-GTIP03,2025-04-28,20,0.0,3.0,51.726295093687625,,
AP-GTIP03,2025-04-28,22,0.0,2.0,53.25430814716875,,
AP-GTIP03,2025-04-28,23,0.10588235294117647,2.011764705882353,52.93973363130361,,
AP-GTIP03,2025-04-29,12,0.25,2.0,53.69892551965298,,
AP-GTIP04,2025-04-02,9,7.346636771300449,3.553363228699552,58.812610155359934,,
AP-GTIP04,2025-04-28,10,0.0,7.0,58.73926865904211,,
AP-GTIP04,2025-04-28,15,8.666666666666666,7.0,57.95201721903069,,
AP-GTIP04,2025-04-28,20,0.0,3.0,55.29697228097351,,
AP-GTIP04,2025-04-28,21,1.75,1.75,58.50589726069382,,
AP-GTIP04,2025-04-28,23,7.91764705882353,2.458823529411765,57.24996209772025,,
AP-GTIP04,2025-04-29,12,2.25,2.0,56.08108037950536,,
AP-GTIP05,2025-04-02,9,3.555724033358605,3.152388172858226,58.31534569449332,,
AP-GTIP05,2025-04-15,9,0.0,9.0,62.81184334447762,,
AP-GTIP05,2025-04-15,20,4.456037514654162,3.1500586166471276,59.92626894348524,,
AP-GTIP05,2025-04-28,10,1.0,8.0,58.11886882815418,,
AP-GTIP05,2025-04-28,15,1.6666666666666667,2.0,55.18863128069167,,
AP-GTIP05,2025-04-28,20,0.0,2.0,57.48922426139503,,
AP-GTIP05,2025-04-28,21,2.764044943820225,2.247191011235955,56.165148476867515,,
AP-GTIP05,2025-04-29,12,1.25,2.0,58.01453793793266,,
AP-GTIP06,2025-04-02,9,3.075818752803948,3.8438761776581427,56.659501706669225,,
AP-GTIP06,2025-04-28,10,1.0,8.0,59.481618801229146,,
AP-GTIP06,2025-04-28,15,2.6666666666666665,2.3333333333333335,54.19553110470512,,
AP-GTIP06,2025-04-28,20,0.0,2.0,55.90872531204385,,
AP-GTIP06,2025-04-28,21,0.25,2.0,55.53858051699485,,
AP-GTIP06,2025-04-28,23,1.2117647058823529,2.176470588235294,54.24820449006969,,
AP-GTIP06,2025-04-29,12,1.75,2.5,53.26158363256393,,
AP-GTIP07,2025-04-02,9,3.7762331838565024,2.915695067264574,57.763761872777295,,
AP-GTIP07,2025-04-28,10,0.0,4.0,57.54943319958661,,
AP-GTIP07,2025-04-28,15,0.6666666666666666,1.6666666666666667,55.64346249897838,,
AP-GTIP07,2025-04-28,20,0.0,2.0,54.78864428490572,,
AP-GTIP07,2025-04-28,22,0.0,1.0,56.96889099833408,,
AP-GTIP07,2025-04-28,23,0.9647058823529412,1.6352941176470588,56.07134622697169,,
AP-GTIP07,2025-04-29,12,0.0,2.0,57.690623983150665,,
AP-GTIP08,2025-03-20,21,0.8529188779378317,2.585291887793783,54.93892896035173,,
AP-GTIP08,2025-04-15,9,0.0,2.0,56.62550384168543,,
AP-GTIP08,2025-04-15,20,0.7740046838407494,2.962529274004684,58.317764124067814,,
AP-GTIP08,2025-04-28,10,0.0,4.0,60.39890283388749,,
AP-GTIP08,2025-04-28,15,0.3333333333333333,2.3333333333333335,54.56890576890614,,
AP-GTIP08,2025-04-28,20,0.0,2.0,54.94011187061323,,
AP-GTIP08,2025-04-28,22,1.9772727272727273,2.090909090909091,56.41993044815636,,
AP-GTIP08,2025-04-29,12,2.0,2.5,54.523267195638375,,
AP-GTIP09,2025-04-02,9,1.6231493943472408,3.181247196052041,55.48038284421283,,
AP-GTIP09,2025-04-28,10,0.0,5.0,57.216937788298274,,
AP-GTIP09,2025-04-28,15,0.0,2.3333333333333335,51.91653423755586,,
AP-GTIP09,2025-04-28,20,0.0,2.0,52.207050002635214,,
AP-GTIP09,2025-04-28,21,0.0,2.0,52.56343421242585,,
AP-GTIP09,2025-04-28,23,0.21176470588235294,2.0588235294117645,53.08722964950021,,
AP-GTIP09,2025-04-29,12,0.0,2.0,54.447246071237885,,
AP-GTIP10,2025-03-20,21,1.0053811659192826,2.5811659192825114,57.05892740360834,,
AP-GTIP10,2025-04-28,10,0.0,3.0,54.515917415793425,,
AP-GTIP10,2025-04-28,15,0.0,2.0,53.59341785308637,,
AP-GTIP10,2025-04-28,20,0.0,2.0,54.55617247597944,,
AP-GTIP10,2025-04-28,22,0.0,1.3333333333333333,55.62028859807316,,
AP-GTIP10,2025-04-28,23,0.6705882352941176,1.8470588235294119,54.94534906592742,,
AP-GTIP10,2025-04-29,12,0.75,2.0,57.660890986303755,,
AP-GTIP11,2025-03-21,16,2.549636803874092,5.640032284100081,66.49884413070934,19.110573042776434,2.3696529459241322
AP-GTIP11,2025-04-14,16,3.228052472250252,7.470232088799193,67.30857408669772,19.12108980827447,2.7598385469223006
AP-GTIP11,2025-04-28,10,0.0,7.0,67.69538039844899,18.0,5.0
AP-GTIP11,2025-04-29,11,3.076923076923077,7.153846153846154,65.37711993823089,18.0,3.0
AP-GTIP12,2025-04-02,9,1.195067264573991,5.701793721973094,67.61081098456705,14.986547085201794,1.568609865470852
AP-GTIP12,2025-04-28,10,0.0,5.0,67.19731916031554,15.0,1.0
AP-GTIP12,2025-04-28,15,0.0,4.0,65.35070441158855,15.0,1.0
AP-GTIP12,2025-04-28,20,0.0,4.0,65.36301644604893,15.0,1.0
AP-GTIP12,2025-04-28,21,0.056179775280898875,4.033707865168539,65.78308535610853,15.0,1.0224719101123596
AP-GTIP12,2025-04-29,12,0.0,4.0,65.87536736978123,15.0,1.0
AP-GTIP13,2025-04-02,9,0.8138178555406012,5.544638851502916,66.55933209050936,17.91520861372813,1.3535217586361596
AP-GTIP13,2025-04-28,10,0.0,8.0,67.32267014306726,18.0,2.0
AP-GTIP13,2025-04-28,15,0.0,4.0,65.40869991531845,18.0,1.0
AP-GTIP13,2025-04-28,20,0.0,4.0,65.43279515978072,18.0,1.0
AP-GTIP13,2025-04-28,22,0.0,4.1022727272727275,65.81712004134778,18.0,1.0
AP-GTIP13,2025-04-29,12,0.25,4.0,65.77684198699066,18.0,1.0
AP-GTIP14,2025-03-20,21,0.5130044843049327,5.659641255605381,68.37990587987967,17.827354260089685,1.2896860986547085
AP-GTIP14,2025-04-28,10,0.0,7.0,68.80870604358871,18.0,3.0
AP-GTIP14,2025-04-28,15,0.0,4.666666666666667,65.38886682189296,18.0,1.0
AP-GTIP14,2025-04-28,20,0.0,4.0,65.3951898649552,18.0,1.0
AP-GTIP14,2025-04-28,21,0.0,9.75,65.7228986278768,18.0,1.0
AP-GTIP14,2025-04-28,23,0.0898876404494382,4.089887640449438,65.81170716383683,17.078651685393258,1.1348314606741574
AP-GTIP17,2025-04-02,9,0.7160161507402423,2.547779273216689,57.033515476539044,,
AP-GTIP17,2025-04-28,10,0.0,2.0,56.41422832879236,,
AP-GTIP17,2025-04-28,15,0.0,2.0,55.30974495890974,,
AP-GTIP17,2025-04-28,20,0.0,2.0,54.824620700875585,,
AP-GTIP17,2025-04-28,22,0.18478260869565216,1.9673913043478262,54.08538061231093,,
AP-GTIP18,2025-04-02,9,0.6304932735426009,2.3062780269058294,60.5245974586142,,
AP-GTIP18,2025-04-28,10,0.0,3.0,58.8560416318169,,
AP-GTIP18,2025-04-28,15,0.6666666666666666,1.6666666666666667,55.93669582971469,,
AP-GTIP18,2025-04-28,20,0.0,1.0,57.81616280588546,,
AP-GTIP18,2025-04-28,21,0.043010752688172046,1.086021505376344,55.61035579877068,,
AP-GTIP19,2025-04-02,9,1.6186630776132795,2.5809780170480034,58.98881031885705,,
AP-GTIP19,2025-04-28,10,0.0,5.0,57.34022002901029,,
AP-GTIP19,2025-04-28,15,0.6666666666666666,2.0,56.35202149648142,,
AP-GTIP19,2025-04-28,20,0.0,2.0,56.40431762821467,,
AP-GTIP19,2025-04-28,22,0.0,2.0,56.657462986684145,,
AP-GTIP19,2025-04-28,23,0.011235955056179775,1.9887640449438202,55.74397890342246,,
AP-HEMER01,2025-04-02,9,18.36012608353034,15.717888100866825,71.28899938154503,15.422379826635146,8.724980299448385
AP-HEMER01,2025-04-15,4,0.009345794392523364,8.0,73.55445181403763,15.0,1.0
AP-HEMER01,2025-04-15,20,0.0,5.0,70.99679232058097,15.0,1.0
AP-HEMER01,2025-04-15,21,16.529342723004696,15.89319248826291,73.20181036716234,15.737089201877934,5.556338028169014
AP-HEMER01,2025-04-28,10,0.0,17.0,75.84687156590537,15.0,4.0
AP-HEMER01,2025-04-28,23,1.0,5.0,66.36957741857124,15.0,1.0
AP-HEMER01,2025-04-29,5,2.282051282051282,6.333333333333333,67.19173729176738,15.0,1.3846153846153846
AP-HEMER02,2025-02-03,13,2.9905437352245863,3.862884160756501,59.3686184772946,,
AP-HEMER02,2025-04-15,4,0.0,2.0,60.0053391751089,,
AP-HEMER02,2025-04-15,20,2.4830011723329424,4.009378663540446,61.04484590231669,,
AP-HEMER02,2025-04-28,10,0.0,7.0,58.51821850287698,,
AP-HEMER02,2025-04-28,23,0.0,1.9090909090909092,48.32822580283966,,
AP-HEMER02,2025-04-29,5,0.17567567567567569,2.0405405405405403,51.15701434400886,,
AP-HEMER02,2025-04-29,12,2.75,2.0,53.2267413258455,,
AP-HEMER03,2025-03-31,14,15.932230102442869,13.49645390070922,70.81298706194252,15.0,7.613869188337273
AP-HEMER03,2025-04-15,4,0.037383177570093455,8.0,75.3325979409012,15.0,1.0
AP-HEMER03,2025-04-15,20,0.0,5.0,72.84296094167837,15.0,1.0
AP-HEMER03,2025-04-15,21,12.44718309859155,13.565727699530516,74.05329668929872,15.0,5.183098591549296
AP-HEMER03,2025-04-28,10,0.0,22.0,76.71897981013504,15.0,8.0
AP-HEMER03,2025-04-28,23,0.0,4.545454545454546,66.37630880195609,15.0,1.2727272727272727
AP-HEMER03,2025-04-29,5,0.9102564102564102,5.897435897435898,66.88917215231227,15.0,1.2692307692307692
AP-HEMER04,2025-02-21,15,6.130811662726557,3.7375886524822697,58.028344583111824,,
AP-HEMER04,2025-04-15,4,0.0,2.0,61.7863078229227,,
AP-HEMER04,2025-04-15,20,3.1137162954279014,3.406799531066823,59.93123694499637,,
AP-HEMER04,2025-04-28,10,0.0,8.0,57.082520331258,,
AP-HEMER04,2025-04-28,23,0.0,1.9090909090909092,47.82512624815978,,
AP-HEMER04,2025-04-29,5,0.0,2.0128205128205128,49.644088410323626,,
AP-HEMER05,2025-02-27,9,1.6146572104018913,2.7911741528762803,56.248454414175754,,
AP-HEMER05,2025-04-15,4,0.0,2.0,59.77658029844385,,
AP-HEMER05,2025-04-15,20,0.9261430246189918,2.7971864009378664,59.63148473967694,,
AP-HEMER05,2025-04-28,10,0.0,3.0,56.01520447551198,,
AP-HEMER05,2025-04-28,23,0.0,2.0,49.50391520846219,,
AP-HEMER05,2025-04-29,5,0.01282051282051282,1.9487179487179487,54.594689087353586,,
AP-HEMER06,2025-02-03,13,3.9432624113475176,3.830575256107171,59.212175421339595,,
AP-HEMER06,2025-04-15,4,0.0,2.0,62.08406565581339,,
AP-HEMER06,2025-04-15,20,2.9320843091334896,3.5948477751756442,60.697132821517094,,
AP-HEMER06,2025-04-28,10,0.0,4.0,58.6200180111229,,
AP-HEMER06,2025-04-28,23,0.0,2.0,48.40353221951571,,
AP-HEMER06,2025-04-29,5,0.3333333333333333,2.230769230769231,51.45010932103519,,
AP-HEMER07,2025-04-02,9,1.3230890464933018,3.242710795902285,57.28506273814707,,
AP-HEMER07,2025-04-15,4,0.0,3.0,58.4458646599312,,
AP-HEMER07,2025-04-15,20,0.0,15.0,59.4172278911175,,
AP-HEMER07,2025-04-15,21,1.0199296600234466,3.196951934349355,59.2927444768736,,
AP-HEMER07,2025-04-28,10,0.0,5.0,59.680824598931714,,
AP-HEMER07,2025-04-28,23,1.0,2.0,50.942221904596046,,
AP-HEMER07,2025-04-29,5,0.05128205128205128,2.141025641025641,53.53988715278543,,
AP-HEMER08,2025-02-03,13,6.256107171000788,5.074862096138692,55.573115158480924,,
AP-HEMER08,2025-04-15,4,0.0,2.0,60.87314412481184,,
AP-HEMER08,2025-04-15,20,6.100820633059789,4.6893317702227435,58.50958210862674,,
AP-HEMER08,2025-04-28,10,0.0,8.0,58.605810764052,,
AP-HEMER08,2025-04-28,23,2.1818181818181817,2.0,53.286192428099774,,
AP-HEMER08,2025-04-29,5,2.9871794871794872,3.5384615384615383,54.3774342598274,,
AP-HEMER09,2025-04-02,9,17.326241134751772,12.732860520094563,69.39251542630578,15.903861308116626,9.936170212765957
AP-HEMER09,2025-04-15,4,0.0,4.990654205607477,71.4954442532549,16.0,1.0
AP-HEMER09,2025-04-15,20,0.0,4.0,72.51637919507957,16.0,1.0
AP-HEMER09,2025-04-15,21,8.312206572769954,12.488262910798122,71.92363809930399,15.199530516431924,6.809859154929577
AP-HEMER09,2025-04-28,10,0.3333333333333333,26.0,73.00591721925558,15.0,10.0
AP-HEMER09,2025-04-28,23,0.0,4.0,66.38550031708101,15.0,1.0
AP-HEMER09,2025-04-29,5,0.44594594594594594,4.54054054054054,66.54849804466582,15.0,1.0135135135135136
AP-HEMER09,2025-04-29,12,1.5,8.5,67.2846478277197,15.0,1.75
AP-HEMER10,2025-02-21,15,4.289992119779354,7.916469661150512,68.33880549373121,15.245862884160756,2.2884160756501184
AP-HEMER10,2025-04-15,4,0.0,5.0,68.27517619452263,15.0,1.0
AP-HEMER10,2025-04-15,20,1.2403282532239155,7.049237983587338,68.07682983907549,15.0,2.5263774912075028
AP-HEMER10,2025-04-28,10,0.0,11.0,68.43294688669943,15.0,5.0
AP-HEMER10,2025-04-28,23,0.0,4.0,65.48812438321619,15.0,1.0
AP-HEMER10,2025-04-29,5,0.0,4.027027027027027,65.68531082378351,15.0,1.0
AP-HEMER10,2025-04-29,12,0.25,4.0,65.77187038421121,15.0,1.0
AP-HEMER11,2025-04-02,9,2.1268715524034674,7.353821907013397,70.09961730492311,15.0,2.316784869976359
AP-HEMER11,2025-04-15,4,0.0,4.0,69.7776005889407,15.0,1.0
AP-HEMER11,2025-04-15,20,1.040983606557377,5.625292740046838,69.90939123303177,15.0,1.6967213114754098
AP-HEMER11,2025-04-28,10,0.0,12.0,70.20031087043724,15.0,5.0
AP-HEMER11,2025-04-28,23,0.0,4.0,63.874120085956584,15.0,1.0
AP-HEMER11,2025-04-29,5,0.0,4.038461538461538,64.12730861757473,15.0,1.0
AP-HEMER12,2025-02-21,15,7.1867612293144205,11.691883372734436,72.90410738931836,16.90386130811663,4.2695035460992905
AP-HEMER12,2025-04-15,4,0.0,7.0,72.82590435462285,17.0,1.0
AP-HEMER12,2025-04-15,20,0.0,5.0,71.41078352720952,17.0,1.0
AP-HEMER12,2025-04-15,21,3.533117932148627,8.688206785137318,70.79824107268543,16.235864297253634,2.124394184168013
AP-HEMER12,2025-04-25,2,8.585470085470085,12.05982905982906,72.67345792248969,16.38888888888889,2.7435897435897436
AP-HEMER12,2025-04-28,10,0.0,15.0,72.85265442457631,17.0,4.0
AP-HEMER12,2025-04-28,23,1.0,4.7272727272727275,65.73562046172465,17.0,1.0
AP-HEMER12,2025-04-29,5,1.864864864864865,5.243243243243243,66.20009853956506,17.0,1.3243243243243243
AP-HEMER12,2025-04-29,12,3.0,5.5,66.52648166820222,17.0,1.75
AP-HEMER13,2025-03-31,14,4.70527974783294,8.099290780141844,68.93642594141659,18.0,4.119779353821907
AP-HEMER13,2025-04-15,4,0.0,5.0,68.30166131835807,18.0,1.0
AP-HEMER13,2025-04-15,20,3.840562719812427,10.11957796014068,68.55150570544869,18.0,4.60609613130129
AP-HEMER13,2025-04-28,10,0.13333333333333333,13.0,69.0023733119401,18.0,7.0
AP-HEMER13,2025-04-28,23,1.0,4.181818181818182,65.95604054990336,18.0,1.0
AP-HEMER13,2025-04-29,5,1.0,4.851351351351352,66.15820614055222,18.0,1.027027027027027
AP-HEMER13,2025-04-29,12,2.25,7.5,66.38316534343036,18.0,3.0
AP-HEMER14,2025-04-02,9,16.77383766745469,12.761229314420804,69.63689072941017,17.0,7.193065405831363
AP-HEMER14,2025-04-15,4,0.0,6.0,71.77958681504474,17.0,1.0
AP-HEMER14,2025-04-15,20,0.0,4.0,70.59566917577551,17.0,1.0
AP-HEMER14,2025-04-15,21,17.700704225352112,14.293427230046948,71.35473581081006,17.0,5.767605633802817
AP-HEMER14,2025-04-28,10,0.0,27.0,73.94872309132236,17.0,9.0
AP-HEMER14,2025-04-28,23,0.09090909090909091,4.0,65.8471294197617,17.0,1.0
AP-HEMER14,2025-04-29,5,1.2307692307692308,5.435897435897436,66.78983442802507,17.0,1.3333333333333333
AP-HEMER15,2025-03-31,14,17.20173364854216,17.828999211977937,73.57499558880278,15.0,7.869976359338062
AP-HEMER15,2025-04-15,4,0.0,9.0,75.79923819245971,15.0,1.0
AP-HEMER15,2025-04-15,20,11.929660023446658,13.84525205158265,74.40117513719014,15.0,5.232121922626026
AP-HEMER15,2025-04-28,10,0.13333333333333333,31.0,76.94983453670277,15.0,17.0
AP-HEMER15,2025-04-28,23,0.0,4.363636363636363,66.51440706563606,15.0,1.0
AP-HEMER15,2025-04-29,5,0.7564102564102564,5.435897435897436,67.04237258956488,15.0,1.1794871794871795
AP-HEMER16,2025-03-31,14,6.607565011820331,8.724980299448385,67.53345548522368,16.08589440504334,5.308904649330181
AP-HEMER16,2025-04-15,4,0.0,5.0,68.02964968578686,16.0,1.0
AP-HEMER16,2025-04-15,20,6.894490035169988,12.332942555685815,68.62326602797475,16.0,6.34232121922626
AP-HEMER16,2025-04-28,10,0.3333333333333333,70.0,70.11089383607434,16.0,60.0
AP-HEMER16,2025-04-28,23,0.09090909090909091,4.181818181818182,65.66411728170316,16.0,1.0909090909090908
AP-HEMER16,2025-04-29,5,0.2692307692307692,4.961538461538462,65.99336477975672,16.0,1.2179487179487178
AP-IBB01,2025-04-02,9,3.7825059101654848,5.732072498029945,67.75718184957891,15.771473601260835,2.0598896769109536
AP-IBB01,2025-04-15,4,0.0,5.0,68.79596202700895,16.0,1.0
AP-IBB01,2025-04-15,20,4.066822977725674,7.066822977725674,68.96665737840499,15.586166471277842,2.4361078546307153
AP-IBB01,2025-04-28,10,0.0,10.0,69.18092991104258,16.0,3.0
AP-IBB01,2025-04-28,21,0.0,4.25,65.16483621588364,16.0,1.5
AP-IBB01,2025-04-28,23,2.6741573033707864,5.98876404494382,66.45633805349031,16.0,2.348314606741573
AP-IBB02,2025-03-31,14,6.110323089046493,6.472813238770685,67.7347984896685,15.0,2.2056737588652484
AP-IBB02,2025-04-15,4,0.0,6.0,69.9784396309667,15.0,1.0
AP-IBB02,2025-04-15,20,7.108899297423887,7.5807962529274,69.14108108758755,15.0,2.2318501170960188
AP-IBB02,2025-04-28,10,0.0,12.0,70.88570327646578,15.0,4.0
AP-IBB02,2025-04-28,21,0.0,6.0,66.8807809979923,15.0,1.75
AP-IBB02,2025-04-28,23,6.325842696629214,7.157303370786517,66.46750227210394,15.0,3.5168539325842696
AP-IBB03,2025-04-02,9,0.0,4.0,65.70071207519074,16.0,1.0
AP-IBB03,2025-04-02,23,3.176050753370341,5.590800951625694,66.15470987095053,16.96669310071372,2.0309278350515463
AP-IBB03,2025-04-15,4,0.0,4.0,68.4536134771109,17.0,1.0
AP-IBB03,2025-04-15,20,0.0,4.0,70.17586742880064,17.0,1.0
AP-IBB03,2025-04-15,21,3.174882629107981,6.307511737089202,68.94478354527409,16.72887323943662,2.251173708920188
AP-IBB03,2025-04-28,10,0.45454545454545453,9.0,69.0023733119401,17.0,4.0
AP-IBB03,2025-04-28,21,0.0,5.25,66.42026792858546,17.0,1.75
AP-IBB03,2025-04-28,23,3.3707865168539324,5.067415730337078,66.03085263562413,17.0,1.4606741573033708
AP-IBB04,2025-03-31,14,2.1788810086682426,5.718676122931442,65.97185171223549,16.71315996847912,1.7998423955870764
AP-IBB04,2025-04-15,4,0.0,4.0,68.43606433952567,17.0,1.0
AP-IBB04,2025-04-15,20,2.848946135831382,6.553864168618267,68.66663591252839,16.38758782201405,1.8887587822014051
AP-IBB04,2025-04-28,10,0.0,9.0,69.39597539778045,17.0,2.0
AP-IBB04,2025-04-28,21,0.0,4.0,65.17076998538616,17.0,1.25
AP-IBB04,2025-04-28,23,0.898876404494382,4.303370786516854,65.87273591976307,17.0,1.0337078651685394
AP-IBB05,2025-03-31,14,1.872340425531915,6.281323877068558,65.85188834762832,18.119779353821908,3.6674546887312847
AP-IBB05,2025-04-15,4,0.0,4.0,68.15834336141195,21.0,1.0
AP-IBB05,2025-04-15,20,2.189695550351288,5.717798594847775,68.43793974596841,21.0,2.2154566744730677
AP-IBB05,2025-04-28,10,0.0,13.0,68.36809733921648,21.0,3.0
AP-IBB05,2025-04-28,21,0.0,6.25,66.25363436241267,21.0,1.5
AP-IBB05,2025-04-28,23,2.606741573033708,4.47191011235955,65.85209001578484,21.0,1.303370786516854
AP-IBB06,2025-03-31,14,1.8762805358550039,4.652482269503546,65.75245711005574,15.0,1.1576044129235619
AP-IBB06,2025-04-15,4,0.0,4.0,65.96029889946718,15.0,1.0
AP-IBB06,2025-04-15,20,1.0,5.0,67.4413357400722,15.0,1.0
AP-IBB06,2025-04-15,21,2.929660023446659,6.127784290738569,65.91609141666665,15.0,1.846424384525205
AP-IBB06,2025-04-28,10,0.0,10.0,65.90181675357668,15.0,3.0
AP-IBB06,2025-04-28,22,0.0,4.0,65.72497502555768,15.0,1.0
AP-IBB06,2025-04-28,23,3.4719101123595504,5.179775280898877,66.3507953942387,15.0,1.8089887640449438
AP-IBB07,2025-04-02,9,2.9897557131599686,5.59338061465721,65.92407265469727,15.0,1.839243498817967
AP-IBB07,2025-04-15,4,0.0,4.0,66.30565583634176,15.0,1.0
AP-IBB07,2025-04-15,20,2.298594847775176,5.721311475409836,66.20625834309378,15.0,2.072599531615925
AP-IBB07,2025-04-28,10,0.0,10.0,66.18615456611847,15.0,3.0
AP-IBB07,2025-04-28,21,0.0,3.75,65.27798669608237,15.0,1.5
AP-IBB07,2025-04-28,23,3.269662921348315,8.213483146067416,66.08756196158936,15.0,5.730337078651686
AP-IBB08,2025-03-31,14,1.7541371158392436,5.014972419227738,67.20558183347359,,
AP-IBB08,2025-04-15,4,0.0,4.0,66.59914361775472,,
AP-IBB08,2025-04-15,20,3.962485345838218,6.15474794841735,66.86011539970549,,
AP-IBB08,2025-04-28,10,0.0,8.0,67.24077416766947,,
AP-IBB08,2025-04-28,22,0.0,4.333333333333333,65.37809991239358,,
AP-IBB08,2025-04-28,23,2.588235294117647,5.235294117647059,66.06043966611414,,
AP-IBB08,2025-04-29,12,2.5,6.5,66.57933799926252,,
AP-ICTAICP01,2025-01-21,9,0.9613869188337274,3.2001576044129236,59.563227173395816,,
AP-ICTAICP01,2025-04-15,4,0.0,3.0,61.869259813885066,,
AP-ICTAICP01,2025-04-15,20,1.2785547785547786,3.312354312354312,61.35061038725843,,
AP-ICTAICP01,2025-04-28,15,0.3333333333333333,3.0,65.49046080747576,,
AP-ICTAICP01,2025-04-28,20,0.0,2.0,63.89365646418283,,
AP-ICTAICP01,2025-04-28,21,0.0,2.75,64.34055458676389,,
AP-ICTAICP01,2025-04-28,23,2.6179775280898876,3.0112359550561796,62.46570503025888,,
AP-ICTAICP02,2025-01-21,9,0.9030732860520094,3.1836091410559497,59.215117545598375,,
AP-ICTAICP02,2025-04-15,4,0.0,2.0,59.45847473745236,,
AP-ICTAICP02,2025-04-15,20,0.5407925407925408,3.18997668997669,59.52071070165052,,
AP-ICTAICP02,2025-04-28,15,0.0,3.0,58.44846168358933,,
AP-ICTAICP02,2025-04-28,20,0.0,3.0,58.62528844148792,,
AP-ICTAICP02,2025-04-28,21,0.0,3.0,58.7814643260609,,
AP-ICTAICP02,2025-04-28,23,1.0112359550561798,3.393258426966292,59.40952383727856,,
AP-ICTAICP03,2025-01-29,7,0.34200157604412923,3.9984239558707646,59.00383398867191,,
AP-ICTAICP03,2025-04-15,4,0.0,4.0,58.18343160012558,,
AP-ICTAICP03,2025-04-15,20,0.0,4.0,58.83488472079323,,
AP-ICTAICP03,2025-04-15,21,0.5052508751458576,3.765460910151692,58.808991590036484,,
AP-ICTAICP03,2025-04-28,15,0.0,2.6666666666666665,59.67378423010852,,
AP-ICTAICP03,2025-04-28,20,0.0,3.0,59.7881057844119,,
AP-ICTAICP03,2025-04-28,21,0.0,3.25,59.917958160803124,,
AP-ICTAICP03,2025-04-28,23,0.03529411764705882,3.1411764705882352,59.50542786088328,,
AP-ICTAICP03,2025-04-29,12,0.0,3.25,59.828803030841186,,
AP-ICTAICP04,2025-03-06,21,0.24901497241922774,3.2781717888100865,60.60992340932658,,
AP-ICTAICP04,2025-04-15,4,0.0,3.0,60.974983787697894,,
AP-ICTAICP04,2025-04-15,20,0.21794871794871795,3.026806526806527,61.405120955548945,,
AP-ICTAICP04,2025-04-28,12,0.0,2.0,64.81104671701837,,
AP-ICTAICP04,2025-04-28,20,0.0,2.0,66.55213028503863,,
AP-ICTAICP04,2025-04-28,22,0.0,2.0,64.7785678092425,,
AP-ICTAICP04,2025-04-28,23,0.0,2.0,63.86903383324065,,
AP-ICTAICP05,2025-01-21,9,0.508274231678487,3.4972419227738376,61.813716985000426,,
AP-ICTAICP05,2025-04-15,4,0.0,4.0,59.62804510571795,,
AP-ICTAICP05,2025-04-15,20,0.372960372960373,4.012820512820513,60.04730321420457,,
AP-ICTAICP05,2025-04-28,15,0.0,3.6666666666666665,59.16999147756135,,
AP-ICTAICP05,2025-04-28,20,0.0,3.0,59.333645740002794,,
AP-ICTAICP05,2025-04-28,21,0.0,4.0,59.47056235491995,,
AP-ICTAICP05,2025-04-28,23,0.03529411764705882,4.023529411764706,58.315629511795045,,
AP-ICTAICP05,2025-04-29,12,0.25,4.0,57.99621674759451,,
AP-ICTAICP06,2025-01-21,9,1.8148148148148149,2.9866036249014973,62.93293434365661,,
AP-ICTAICP06,2025-04-15,4,0.0,3.0,66.03935178289493,,
AP-ICTAICP06,2025-04-15,20,2.1235431235431235,3.132867132867133,64.62254242064147,,
AP-ICTAICP06,2025-04-28,15,0.0,2.0,64.36600923776592,,
AP-ICTAICP06,2025-04-28,20,0.0,2.0,64.57331283212304,,
AP-ICTAICP06,2025-04-28,21,0.0,2.25,65.13848682363765,,
AP-ICTAICP06,2025-04-28,23,2.7752808988764044,3.033707865168539,63.68823596140283,,
AP-ICTAICP07,2025-01-21,9,1.7076438140267927,3.284475965327029,56.822085103499205,,
AP-ICTAICP07,2025-04-15,4,0.0,3.0,58.76590366684464,,
AP-ICTAICP07,2025-04-15,20,0.0,3.0,59.59706342504646,,
AP-ICTAICP07,2025-04-15,21,0.9894982497082847,3.3010501750291716,59.48062398610694,,
AP-ICTAICP07,2025-04-28,15,1.0,3.0,60.14751070508428,,
AP-ICTAICP07,2025-04-28,20,0.0,3.0,60.40612103199609,,
AP-ICTAICP07,2025-04-28,21,1.0,2.75,61.85399991292332,,
AP-ICTAICP07,2025-04-28,23,1.404494382022472,3.2134831460674156,60.262502448226904,,
AP-ICTAICP08,2025-01-21,9,3.054373522458629,3.181245074862096,60.93458098364494,,
AP-ICTAICP08,2025-04-15,4,0.009345794392523364,3.0,62.996422981826186,,
AP-ICTAICP08,2025-04-15,20,3.1515151515151514,3.516317016317016,61.41007233729106,,
AP-ICTAICP08,2025-04-28,12,0.0,2.6666666666666665,60.07471885309324,,
AP-ICTAICP08,2025-04-28,20,0.0,3.0,60.06955822336084,,
AP-ICTAICP08,2025-04-28,21,0.0,2.25,59.977005241213845,,
AP-ICTAICP08,2025-04-28,23,2.411764705882353,3.5647058823529414,59.61826616589939,,
AP-ICTAICP08,2025-04-29,12,1.0,3.5,60.20574084491873,,
AP-ICTAICP09,2025-01-21,9,2.925925925925926,3.566587864460205,61.520144899167185,,
AP-ICTAICP09,2025-04-15,4,0.0,3.0,59.20916046627268,,
AP-ICTAICP09,2025-04-15,20,2.6736596736596736,3.7645687645687644,61.86118313690978,,
AP-ICTAICP09,2025-04-28,15,1.3333333333333333,2.6666666666666665,63.06992734444401,,
AP-ICTAICP09,2025-04-28,20,0.0,3.0,64.79300957614282,,
AP-ICTAICP09,2025-04-28,21,0.0,3.25,65.62535894065495,,
AP-ICTAICP09,2025-04-28,23,0.9887640449438202,3.404494382022472,65.2359057955501,,
AP-ICTAICP10,2025-01-21,9,2.003940110323089,3.504334121355398,60.05149192533303,,
AP-ICTAICP10,2025-04-15,4,0.0,2.0,59.64924140175116,,
AP-ICTAICP10,2025-04-15,20,1.4343786295005807,3.073170731707317,62.42530343721696,,
AP-ICTAICP10,2025-04-28,20,0.0,1.0,62.99355861749737,,
AP-ICTAICP10,2025-04-28,21,0.0,3.25,63.0252501234541,,
AP-ICTAICP10,2025-04-28,23,0.43820224719101125,2.0,63.08278243990441,,
AP-ICTAICP11,2025-01-21,9,0.8896769109535066,3.2419227738376675,59.24006170661024,,
AP-ICTAICP11,2025-04-15,4,0.0,2.0,59.26828094601934,,
AP-ICTAICP11,2025-04-15,20,0.0,17.0,62.93420898860441,,
AP-ICTAICP11,2025-04-15,21,1.0245040840140023,3.1668611435239207,62.47283244018955,,
AP-ICTAICP11,2025-04-28,15,0.0,3.0,60.334420025420265,,
AP-ICTAICP11,2025-04-28,20,0.0,4.0,61.40515402259869,,
AP-ICTAICP11,2025-04-28,21,0.0,3.0,61.3402824363481,,
AP-ICTAICP11,2025-04-28,23,1.0,3.460674157303371,60.104501456680524,,
AP-ICTAICP12,2025-01-21,9,0.7486209613869188,4.078014184397163,59.58812832944207,,
AP-ICTAICP12,2025-04-15,4,0.0,3.9906542056074765,61.39281905254795,,
AP-ICTAICP12,2025-04-15,20,1.207897793263647,3.8315911730545875,60.031982333541634,,
AP-ICTAICP12,2025-04-28,20,0.0,3.0,60.99583636001165,,
AP-ICTAICP12,2025-04-28,21,1.0,3.0,61.75374716141495,,
AP-ICTAICP12,2025-04-28,23,0.8314606741573034,3.7865168539325844,59.48644839305042,,
AP-ICTAICP13,2025-04-02,9,1.541371158392435,3.6989755713159966,60.480039099448874,,
AP-ICTAICP13,2025-04-15,4,0.0,3.0,60.36663935017884,,
AP-ICTAICP13,2025-04-15,20,2.4743589743589745,3.6305361305361306,63.961027352279686,,
AP-ICTAICP13,2025-04-28,15,1.0,3.0,64.74395256307139,,
AP-ICTAICP13,2025-04-28,20,0.0,3.0,64.10241133646657,,
AP-ICTAICP13,2025-04-28,21,1.0,3.0,63.03917003897828,,
AP-ICTAICP13,2025-04-28,23,2.635294117647059,3.7529411764705882,62.24132127936934,,
AP-ICTAICP13,2025-04-29,12,4.0,5.0,62.87400094552667,,
AP-ICTAICP14,2025-01-21,9,2.4933018124507487,3.541371158392435,60.250675261250294,,
AP-ICTAICP14,2025-04-15,4,0.0,3.0,53.67864582020499,,
AP-ICTAICP14,2025-04-15,20,0.8095238095238095,3.3960511033681766,59.162993383894595,,
AP-ICTAICP14,2025-04-28,20,0.0,2.0,60.48162567570355,,
AP-ICTAICP14,2025-04-28,21,0.0,2.25,57.52076628333833,,
AP-ICTAICP14,2025-04-28,23,1.0561797752808988,3.1235955056179776,58.920054099860565,,
AP-ICTAICP15,2025-01-21,9,1.1954294720252168,3.3207249802994485,59.83067316985353,,
AP-ICTAICP15,2025-04-15,4,0.0,3.0093457943925235,59.39305640394875,,
AP-ICTAICP15,2025-04-15,20,0.8048780487804879,3.5714285714285716,60.834459533354604,,
AP-ICTAICP15,2025-04-28,20,0.0,3.0,59.43412764065747,,
AP-ICTAICP15,2025-04-28,21,0.0,3.5,59.9488512252032,,
AP-ICTAICP15,2025-04-28,23,0.7640449438202247,3.359550561797753,59.5223084241045,,
AP-ICTAICP16,2025-01-21,9,0.5547675334909378,3.768321513002364,58.23241115516517,,
AP-ICTAICP16,2025-04-15,4,0.0,3.0,59.17138083926367,,
AP-ICTAICP16,2025-04-15,20,0.33916083916083917,3.6223776223776225,59.715410433622935,,
AP-ICTAICP16,2025-04-28,15,0.0,3.3333333333333335,58.883279349613616,,
AP-ICTAICP16,2025-04-28,20,0.0,2.0,59.67651015016144,,
AP-ICTAICP16,2025-04-28,21,0.0,3.0,59.67220286230199,,
AP-ICTAICP16,2025-04-28,23,0.9438202247191011,4.314606741573034,57.86328811632785,,
AP-ICTAICP17,2025-04-02,9,1.9219858156028369,3.9322301024428685,58.940722872705145,,
AP-ICTAICP17,2025-04-15,4,0.0,3.0,59.11635506201923,,
AP-ICTAICP17,2025-04-15,20,1.8426573426573427,3.8927738927738926,59.5520082844841,,
AP-ICTAICP17,2025-04-28,15,1.0,3.0,62.63953750827801,,
AP-ICTAICP17,2025-04-28,20,0.0,3.0,62.71239261498132,,
AP-ICTAICP17,2025-04-28,21,0.5,3.0,62.342179791279506,,
AP-ICTAICP17,2025-04-28,23,3.056179775280899,3.651685393258427,59.333414418445344,,
AP-ICTAICP18,2025-03-11,8,2.0354609929078014,3.57919621749409,57.67527065529774,,
AP-ICTAICP18,2025-04-15,4,0.0,3.0093457943925235,60.97658354856041,,
AP-ICTAICP18,2025-04-15,20,2.01981351981352,3.641025641025641,60.48366553793486,,
AP-ICTAICP18,2025-04-28,15,0.0,3.0,59.81292192086563,,
AP-ICTAICP18,2025-04-28,20,0.0,3.0,59.86320941711332,,
AP-ICTAICP18,2025-04-28,21,0.0,3.0,60.45825425300816,,
AP-ICTAICP18,2025-04-28,23,0.6067415730337079,3.146067415730337,59.2367292085706,,
AP-ICTAICP19,2025-01-21,9,0.3821907013396375,4.047281323877068,59.72919005931393,,
AP-ICTAICP19,2025-04-15,4,0.0,3.0,63.73534796667289,,
AP-ICTAICP19,2025-04-15,20,0.22996515679442509,3.507549361207898,62.35169855986308,,
AP-ICTAICP19,2025-04-28,20,0.0,3.0,62.66450044340359,,
AP-ICTAICP19,2025-04-28,21,0.0,4.5,62.98224974908168,,
AP-ICTAICP19,2025-04-28,23,0.24719101123595505,3.4831460674157304,61.823500507526745,,
AP-ICTAICP20,2025-04-02,9,0.2915681639085894,4.571315996847912,58.69432026793068,,
AP-ICTAICP20,2025-04-15,4,0.0,4.0,61.64360673132256,,
AP-ICTAICP20,2025-04-15,20,0.28088578088578087,4.248251748251748,60.522260927674104,,
AP-ICTAICP20,2025-04-28,15,0.0,5.0,59.115974340260514,,
AP-ICTAICP20,2025-04-28,20,0.0,5.0,58.97388158030416,,
AP-ICTAICP20,2025-04-28,21,0.0,5.75,56.890961491199526,,
AP-ICTAICP20,2025-04-28,23,0.5730337078651685,5.022471910112359,59.366282596820085,,
AP-ICTAICP21,2025-04-02,9,2.016548463356974,2.103230890464933,60.14579735700765,,
AP-ICTAICP21,2025-04-15,4,0.0,2.0,63.40104308691398,,
AP-ICTAICP21,2025-04-15,20,2.883855981416957,1.9465737514518002,61.24730235598031,,
AP-ICTAICP21,2025-04-28,20,0.0,2.0,59.256594339557786,,
AP-ICTAICP21,2025-04-28,21,0.0,3.0,60.667488906316954,,
AP-ICTAICP21,2025-04-28,23,1.9438202247191012,1.8426966292134832,60.88855123200751,,
AP-ICTAICP22,2025-01-21,9,0.661150512214342,4.4026792750197,63.41063001444219,,
AP-ICTAICP22,2025-04-15,4,0.0,4.0,62.20929566426901,,
AP-ICTAICP22,2025-04-15,20,0.0,5.0,64.48357945861223,,
AP-ICTAICP22,2025-04-15,21,0.763953488372093,4.174418604651163,64.06587915471383,,
AP-ICTAICP22,2025-04-28,20,0.0,3.0,62.68867567833875,,
AP-ICTAICP22,2025-04-28,21,0.0,3.75,62.634218741764954,,
AP-ICTAICP22,2025-04-28,23,0.4606741573033708,3.9101123595505616,61.48107637269415,,
AP-ICTAICP23,2025-04-02,9,1.2379826635145783,1.574468085106383,58.781480927636665,,
AP-ICTAICP23,2025-04-15,4,0.0,1.0,61.34625195063211,,
AP-ICTAICP23,2025-04-15,20,1.4006968641114983,1.8664343786295006,60.718397062658454,,
AP-ICTAICP23,2025-04-28,20,0.0,2.0,61.18156174309173,,
AP-ICTAICP23,2025-04-28,21,0.0,3.75,61.888899506928325,,
AP-ICTAICP23,2025-04-28,23,0.056179775280898875,1.7078651685393258,59.05464309692187,,
AP-ICTAICP24,2025-01-31,21,5.303388494877857,1.8242710795902286,58.008294193634384,,
AP-ICTAICP24,2025-04-15,4,0.009345794392523364,2.0,59.55877192676248,,
AP-ICTAICP24,2025-04-15,20,5.53962703962704,2.0524475524475525,62.29119078241229,,
AP-ICTAICP24,2025-04-28,12,4.0,1.6666666666666667,65.88575740667328,,
AP-ICTAICP24,2025-04-28,20,0.0,2.0,66.63181690066612,,
AP-ICTAICP24,2025-04-28,21,4.0,3.75,66.63984786215303,,
AP-ICTAICP24,2025-04-28,23,5.078651685393258,1.9775280898876404,63.78535842936592,,
AP-ICTAICP25,2025-01-21,9,2.728132387706856,2.9038613081166273,59.80218527496506,,
AP-ICTAICP25,2025-04-15,4,0.009345794392523364,2.0,62.38576198965621,,
AP-ICTAICP25,2025-04-15,20,2.3927738927738926,3.3997668997668997,60.0041204389979,,
AP-ICTAICP25,2025-04-28,12,1.0,3.0,58.79681493189306,,
AP-ICTAICP25,2025-04-28,20,0.0,3.0,57.65747702206935,,
AP-ICTAICP25,2025-04-28,21,1.0,2.25,59.30855390848241,,
AP-ICTAICP25,2025-04-28,23,1.0588235294117647,2.4705882352941178,58.98795272794645,,
AP-ICTAICP25,2025-04-29,12,1.0,2.25,59.327275214712756,,
AP-ICTAICP26,2025-03-21,5,2.5681639085894403,4.394011032308905,58.1006849619652,,
AP-ICTAICP26,2025-04-15,4,0.0,4.0,56.555155053769845,,
AP-ICTAICP26,2025-04-15,20,2.1445221445221447,4.531468531468532,59.53324779980898,,
AP-ICTAICP26,2025-04-28,15,0.0,3.0,56.52171360023098,,
AP-ICTAICP26,2025-04-28,20,0.0,4.0,56.56115947749411,,
AP-ICTAICP26,2025-04-28,21,0.0,3.0,60.37037376517254,,
AP-ICTAICP26,2025-04-28,23,4.341176470588235,5.08235294117647,58.80623981381497,,
AP-ICTAICP26,2025-04-29,12,4.75,5.75,58.029523038941605,,
AP-IDIOMES01,2025-02-17,5,12.23719464144996,10.281323877068559,75.63779580730811,16.0,1.7431048069345942
AP-IDIOMES01,2025-04-15,4,0.0,7.981308411214953,75.6242674191787,16.0,1.0
AP-IDIOMES01,2025-04-15,20,5.821138211382114,9.229268292682926,73.69433796670396,16.0,2.245528455284553
AP-IDIOMES01,2025-04-24,23,15.403361344537815,11.361344537815127,75.57399619769124,16.0,2.4873949579831933
AP-IDIOMES01,2025-04-28,10,0.0,11.0,75.91819594865623,16.0,3.0
AP-IDIOMES01,2025-04-28,21,0.0,4.0,65.05766194171807,16.0,1.5
AP-IDIOMES01,2025-04-28,23,0.0,4.0,65.38667347645377,16.0,1.0
AP-IDIOMES01,2025-04-29,5,0.46153846153846156,4.538461538461538,66.31524046577212,16.0,1.5769230769230769
AP-IDIOMES02,2025-02-17,5,4.141055949566588,68.75728920409772,78.86159733430384,20.0,10.263199369582349
AP-IDIOMES02,2025-04-15,4,0.0,67.0,81.32410417380797,20.0,10.0
AP-IDIOMES02,2025-04-15,20,2.5421545667447307,64.27634660421546,74.38978301542757,20.0,7.352459016393443
AP-IDIOMES02,2025-04-28,10,0.0,70.0,76.19584837545126,20.0,11.0
AP-IDIOMES02,2025-04-28,21,0.0,4.0,63.744567960863336,20.0,3.5
AP-IDIOMES02,2025-04-28,23,0.0,4.0,64.31104007651348,20.0,1.0
AP-IDIOMES02,2025-04-29,5,0.717948717948718,4.641025641025641,65.02585465297759,20.0,1.1794871794871795
AP-IDIOMES03,2025-02-17,5,1.1820330969267139,2.4562647754137115,56.4201107941359,,
AP-IDIOMES03,2025-04-15,4,0.0,2.0,57.12770567854499,,
AP-IDIOMES03,2025-04-15,20,1.505854800936768,2.789227166276347,59.84946227952558,,
AP-IDIOMES03,2025-04-28,10,0.0,5.0,57.473584832159716,,
AP-IDIOMES03,2025-04-28,21,0.0,1.25,48.05615106485608,,
AP-IDIOMES03,2025-04-28,23,0.0,1.1818181818181819,49.007915045870455,,
AP-IDIOMES03,2025-04-29,5,1.0256410256410255,1.935897435897436,51.995226450547875,,
AP-IDIOMES04,2025-02-17,5,1.6532702915681639,2.77698975571316,59.91253167167591,,
AP-IDIOMES04,2025-04-15,4,0.0,2.0,61.80982552562585,,
AP-IDIOMES04,2025-04-15,20,1.540983606557377,2.9601873536299768,61.743116780914505,,
AP-IDIOMES04,2025-04-28,10,0.0,4.0,59.32344860299223,,
AP-IDIOMES04,2025-04-28,21,0.0,1.75,52.19681616595669,,
AP-IDIOMES04,2025-04-28,23,0.0,1.2727272727272727,50.62999545138944,,
AP-IDIOMES04,2025-04-29,5,0.32051282051282054,2.0256410256410255,54.60647906798931,,
AP-IDIOMES05,2025-04-02,9,1.2962962962962963,2.203309692671395,63.11250118542699,,
AP-IDIOMES05,2025-04-15,4,0.0,2.0,67.69432420479518,,
AP-IDIOMES05,2025-04-15,20,1.3243559718969555,2.2798594847775178,67.23730601932775,,
AP-IDIOMES05,2025-04-28,10,0.0,3.0,61.88340619321398,,
AP-IDIOMES05,2025-04-28,21,0.0,1.75,48.77268880887128,,
AP-IDIOMES05,2025-04-28,23,0.0,2.0,51.71362125802048,,
AP-IDIOMES05,2025-04-29,5,1.6538461538461537,2.2051282051282053,54.32773721739961,,
AP-IGOP01,2025-01-27,16,0.16233183856502242,2.0470852017937218,61.47403730924194,,
AP-IGOP01,2025-04-28,10,0.0,2.0,60.764166573097434,,
AP-IGOP01,2025-04-28,18,0.19298245614035087,1.4736842105263157,53.773266578166854,,
AP-IGOP01,2025-04-29,8,0.07142857142857142,1.8333333333333333,53.108980019503875,,
AP-IGOP02,2025-01-27,14,0.43276283618581907,2.1858190709046457,58.53639733290731,,
AP-IGOP02,2025-04-06,8,0.7862637362637362,2.4846153846153847,59.11110534911351,,
AP-IGOP02,2025-04-28,10,0.0,3.0,56.51100445809665,,
AP-IGOP02,2025-04-28,18,2.1403508771929824,2.456140350877193,51.74499292280902,,
AP-IGOP02,2025-04-29,8,0.0,21.023809523809526,45.124870411383824,,
AP-IGOP03,2025-01-27,13,0.28257686676427524,2.9180087847730602,63.40165121914005,,
AP-IGOP03,2025-04-08,11,0.14027149321266968,2.48480930833872,64.0465202654891,,
AP-IGOP03,2025-04-28,10,0.0,2.0,66.0105362777471,,
AP-IGOP03,2025-04-28,18,0.2982456140350877,2.2280701754385963,56.90855887991334,,
AP-IGOP03,2025-04-29,8,0.16666666666666666,2.4523809523809526,51.679809018099185,,
AP-IGOP04,2025-03-24,14,0.0,4.0,56.950781054865175,,
AP-IGOP04,2025-04-08,7,0.606875,2.733125,57.60238075490179,,
AP-IGOP04,2025-04-28,10,0.0,2.0,60.52180196587052,,
AP-IGOP04,2025-04-28,18,0.7142857142857143,3.5,54.300183980166814,,
AP-IGOP04,2025-04-29,8,0.5581395348837209,3.1627906976744184,54.62825886723264,,
AP-IUEE01,2025-04-02,9,1.2513790386130812,2.84160756501182,58.505910886315796,,
AP-IUEE01,2025-04-15,4,0.0,2.0,59.62659502127649,,
AP-IUEE01,2025-04-15,20,1.243559718969555,3.373536299765808,58.20285911764517,,
AP-IUEE01,2025-04-28,10,0.0,5.0,58.29256388105326,,
AP-IUEE01,2025-04-28,21,0.0,2.75,52.62174103368034,,
AP-IUEE01,2025-04-28,23,1.1573033707865168,2.2134831460674156,53.547355669702156,,
AP-IUEE03,2025-03-27,13,0.6107171000788022,27.49960598896769,56.76429528632189,,
AP-IUEE03,2025-04-15,4,0.0,28.0,58.449531046272085,,
AP-IUEE03,2025-04-15,20,0.8114754098360656,27.6288056206089,59.18950800056267,,
AP-IUEE03,2025-04-28,10,0.0,28.0,60.04681517059009,,
AP-IUEE03,2025-04-28,22,0.0,2.0,50.28577166165976,,
AP-IUEE03,2025-04-28,23,0.058823529411764705,2.4352941176470586,51.0584169918675,,
AP-IUEE03,2025-04-29,12,0.5,2.0,52.33042444007406,,
AP-IUEE04,2025-03-06,21,0.8928289992119779,2.9479905437352247,59.604874125042336,,
AP-IUEE04,2025-04-15,4,0.0,3.0,59.366013056918355,,
AP-IUEE04,2025-04-15,20,0.0,3.0,60.79015351847057,,
AP-IUEE04,2025-04-15,21,1.4049295774647887,3.5657276995305165,58.17614452867926,,
AP-IUEE04,2025-04-28,10,0.0,7.0,55.68576319268923,,
AP-IUEE04,2025-04-28,21,0.25,3.25,51.678288347536764,,
AP-IUEE04,2025-04-28,23,0.36470588235294116,2.376470588235294,52.04532946693573,,
AP-IUEE04,2025-04-29,12,1.5,3.5,55.8464656680156,,
AP-IUEE05,2025-04-02,9,0.7399527186761229,4.210401891252955,58.39176742369527,,
AP-IUEE05,2025-04-15,4,0.0,3.0,61.46902934713117,,
AP-IUEE05,2025-04-15,20,0.35873388042203985,4.16295427901524,59.600596654544425,,
AP-IUEE05,2025-04-28,10,0.0,6.0,60.3685405720021,,
AP-IUEE05,2025-04-28,21,0.0,3.0,53.28768873296562,,
AP-IUEE05,2025-04-28,23,0.12941176470588237,2.0,53.29115848911994,,
AP-IUEE05,2025-04-29,12,0.0,2.0,55.578567938138896,,
AP-IUEE06,2025-01-21,9,3.10795902285264,2.771473601260835,58.29724393692531,,
AP-IUEE06,2025-04-15,4,0.0,2.0,60.619458519121714,,
AP-IUEE06,2025-04-15,20,3.049237983587339,3.0504103165298946,60.80513092024113,,
AP-IUEE06,2025-04-28,10,0.0,6.0,57.43216612396511,,
AP-IUEE06,2025-04-28,21,0.0,17.25,50.90867124716715,,
AP-IUEE06,2025-04-28,23,1.4269662921348314,20.95505617977528,51.716152347415445,,
AP-LLET01,2025-04-02,14,10.41765169424744,39.314420803782504,72.92620246661183,17.23404255319149,16.383766745468872
AP-LLET01,2025-04-15,4,0.0,76.99065420560747,74.51033713737444,17.0,48.0
AP-LLET01,2025-04-15,20,10.042203985932005,64.13599062133646,77.32826869995078,16.644783118405627,10.610785463071512
AP-LLET01,2025-04-28,10,0.3333333333333333,76.0,86.15414828185585,17.0,14.0
AP-LLET01,2025-04-28,23,1.9775280898876404,5.146067415730337,66.07416830297821,17.0,1.146067415730337
AP-LLET02,2025-04-02,14,1.7336485421591805,8.674546887312845,68.0940856552335,17.112687155240348,3.6713947990543736
AP-LLET02,2025-04-15,4,0.0,5.981308411214953,68.35283654044409,17.0,1.0
AP-LLET02,2025-04-15,20,3.477751756440281,9.398126463700235,69.3913444511735,17.285714285714285,3.8044496487119437
AP-LLET02,2025-04-28,10,0.0,18.0,73.79078085305521,17.0,8.0
AP-LLET02,2025-04-29,4,2.4210526315789473,7.328947368421052,66.15147525919798,17.0,4.776315789473684
AP-LLET02,2025-04-29,12,1.5,8.25,66.83923318625484,17.0,6.0
AP-LLET03,2025-04-02,14,13.952919020715632,10.03201506591337,67.02684381865288,15.607344632768362,6.323917137476459
AP-LLET03,2025-04-11,14,0.014492753623188406,4.004830917874396,67.23997602657408,15.859903381642512,1.0
AP-LLET03,2025-04-15,4,0.0,4.0,67.20055120092684,16.0,1.0
AP-LLET03,2025-04-15,20,12.50293083235639,14.698710433763189,67.46530586648257,16.0,8.069167643610786
AP-LLET03,2025-04-28,10,0.0,35.0,68.33404365556892,16.0,10.0
AP-LLET03,2025-04-28,21,0.0,4.0,65.14515627480904,16.0,3.25
AP-LLET03,2025-04-28,23,0.023529411764705882,4.011764705882353,65.77811995062892,16.0,1.0
AP-LLET03,2025-04-29,12,0.0,4.0,65.85334770691269,16.0,1.0
AP-LLET04,2025-04-02,14,2.9692671394799053,8.3672182821119,66.88861087937478,17.340425531914892,6.070133963750985
AP-LLET04,2025-04-15,4,0.0,5.0,67.92101997743214,17.0,2.0
AP-LLET04,2025-04-15,20,2.6814988290398127,8.736533957845433,68.68298261357955,17.0,4.716627634660422
AP-LLET04,2025-04-28,10,0.0,16.0,69.07730643196784,17.0,10.0
AP-LLET04,2025-04-29,4,0.8289473684210527,6.25,65.31497640350217,17.0,2.1578947368421053
AP-LLET04,2025-04-29,12,0.25,6.25,66.08934133412095,17.0,1.0
AP-LLET05,2025-01-31,9,7.085894405043341,12.662726556343578,73.41971034372462,16.76201733648542,2.727344365642238
AP-LLET05,2025-04-15,4,0.0,7.0,73.3665934538583,17.0,1.0
AP-LLET05,2025-04-15,20,5.446808510638298,11.055646481178396,71.6133160475277,17.219312602291325,2.765957446808511
AP-LLET05,2025-04-24,21,9.008230452674898,56.96707818930041,77.8853370334893,17.374485596707817,7.995884773662551
AP-LLET05,2025-04-28,10,0.2857142857142857,70.0,84.18237732317155,18.0,10.0
AP-LLET05,2025-04-28,23,1.611764705882353,4.905882352941177,66.04878947511365,18.0,1.7647058823529411
AP-LLET05,2025-04-29,12,4.5,5.5,66.29667234924455,18.0,2.0
AP-LLET06,2025-04-02,14,7.754137115839243,8.898345153664303,69.72229270385385,16.44523246650906,4.434200157604413
AP-LLET06,2025-04-15,4,0.0,6.0,70.99252908142799,16.0,1.0
AP-LLET06,2025-04-15,20,11.344665885111372,12.134818288393904,71.43793380451623,16.413833528722158,4.412661195779601
AP-LLET06,2025-04-28,10,0.0,38.0,73.18575344297366,16.0,17.0
AP-LLET06,2025-04-28,21,0.5,4.0,65.39594229728658,16.0,5.0
AP-LLET06,2025-04-28,23,4.48314606741573,8.730337078651685,66.17019043478575,16.0,4.370786516853933
AP-LLET07,2025-01-21,9,7.562146892655368,3.853107344632768,58.395011198871565,,
AP-LLET07,2025-04-11,14,0.0,2.004830917874396,61.049199692316904,,
AP-LLET07,2025-04-15,4,0.0,2.0,61.33732587529246,,
AP-LLET07,2025-04-15,20,8.699882766705745,3.9460726846424383,60.415316006672846,,
AP-LLET07,2025-04-28,10,0.0,11.0,59.03477796593468,,
AP-LLET07,2025-04-28,21,0.0,2.0,47.52139662251344,,
AP-LLET07,2025-04-28,23,0.0,2.0,50.692134094128235,,
AP-LLET08,2025-04-02,14,5.504708097928437,7.748587570621469,67.04584071939213,15.059322033898304,3.034839924670433
AP-LLET08,2025-04-11,14,0.08695652173913043,4.458937198067633,65.55071399369724,15.0,1.0289855072463767
AP-LLET08,2025-04-15,4,0.0,4.0,65.60034764005883,15.0,1.0
AP-LLET08,2025-04-15,20,0.0,4.0,65.60034764005883,15.0,1.0
AP-LLET08,2025-04-15,21,6.6658851113716295,9.847596717467761,68.38010195215713,15.0,3.3001172332942557
AP-LLET08,2025-04-28,10,0.4,39.0,70.64864955207916,15.0,13.0
AP-LLET08,2025-04-28,21,0.25,4.25,65.26018620366192,15.0,4.0
AP-LLET08,2025-04-28,23,1.3707865168539326,4.786516853932584,66.3344516815271,15.0,1.449438202247191
AP-LLET10,2025-01-29,12,7.468085106382978,4.031520882584712,57.70796275253038,,
AP-LLET10,2025-04-15,4,0.0,2.0,61.34898303501791,,
AP-LLET10,2025-04-15,20,8.188524590163935,2.0081967213114753,63.1469535195884,,
AP-LLET10,2025-04-28,10,0.0,2.0,63.13494364076746,,
AP-LLET10,2025-04-28,23,0.0,2.0,63.13494364076746,,
AP-LLET10,2025-04-29,12,0.0,2.0,63.13494364076746,,
AP-LLET100,2025-01-29,7,3.8770685579196216,7.178092986603625,70.88168296246317,16.0,2.5169424743892828
AP-LLET100,2025-04-15,4,0.0,5.0,70.75018384810802,16.0,1.0
AP-LLET100,2025-04-15,20,4.339578454332552,8.467213114754099,70.85110038720488,16.0,3.0526932084309135
AP-LLET100,2025-04-28,10,0.0,20.0,71.26286936756252,16.0,11.0
AP-LLET100,2025-04-28,23,0.0,4.0,65.39351951702513,16.0,1.0
AP-LLET100,2025-04-29,12,0.0,4.0,65.69060034764004,16.0,1.0
AP-LLET101,2025-04-02,15,5.793538219070134,9.781717888100866,67.41098138516051,18.08195429472025,6.1166272655634355
AP-LLET101,2025-04-15,4,0.0,5.0,68.45166466105096,19.0,1.0
AP-LLET101,2025-04-15,20,0.0,4.0,69.93080625752106,19.0,1.0
AP-LLET101,2025-04-15,21,0.0,4.8,69.66693460439231,19.0,1.0
AP-LLET101,2025-04-15,23,6.733175914994097,11.742621015348288,69.37040240484443,18.58913813459268,6.903187721369539
AP-LLET101,2025-04-28,10,0.0,21.0,70.7401557694879,19.0,11.0
AP-LLET101,2025-04-28,23,0.02247191011235955,5.022471910112359,65.58393834695246,19.0,1.1235955056179776
AP-LLET102,2025-04-02,15,11.260835303388495,10.420015760441292,67.60279854605174,15.249802994483845,6.68006304176517
AP-LLET102,2025-04-15,4,0.0,4.0,68.92075480616559,15.0,1.0
AP-LLET102,2025-04-15,20,0.0,4.0,70.23728941034898,15.0,1.0
AP-LLET102,2025-04-15,21,12.475967174677608,17.54865181711606,69.43841309751848,15.04337631887456,10.634232121922626
AP-LLET102,2025-04-28,10,0.0,28.0,69.99745119668404,15.0,22.0
AP-LLET102,2025-04-28,23,0.011764705882352941,4.0,66.0271721143958,15.0,1.0
AP-LLET102,2025-04-29,12,0.0,4.0,66.09168187200201,15.0,1.0
AP-LLET103,2025-03-11,13,9.598108747044916,3.5973207249802996,57.84313910529354,,
AP-LLET103,2025-04-15,4,0.0,2.9813084112149535,61.066677544201745,,
AP-LLET103,2025-04-15,20,9.271662763466042,4.215456674473068,61.40532000228168,,
AP-LLET103,2025-04-28,10,0.0,6.0,58.672321303766985,,
AP-LLET103,2025-04-28,23,1.0674157303370786,2.044943820224719,54.48012171224722,,
AP-LLET104,2025-04-02,15,12.89204097714736,10.379038613081166,68.63310894297373,17.01497241922774,7.092986603624902
AP-LLET104,2025-04-15,4,0.0,4.0,69.74904733253109,16.0,1.0
AP-LLET104,2025-04-15,20,13.862467866323907,15.65038560411311,70.54021317084943,16.84190231362468,9.559125964010283
AP-LLET104,2025-04-27,18,31.894736842105264,37.19736842105263,71.11683070498987,17.0,30.5
AP-LLET104,2025-04-28,10,0.0,69.0,72.33790420468979,17.0,70.0
AP-LLET104,2025-04-28,23,0.0,4.0,66.65697012114961,17.0,1.0
AP-LLET105,2025-04-02,15,13.303388494877856,9.85657998423956,68.06758016014251,17.74152876280536,6.0638297872340425
AP-LLET105,2025-04-15,4,0.0,4.0,67.10804249293855,17.0,1.0
AP-LLET105,2025-04-15,20,13.603044496487119,14.510538641686182,67.6028673779826,17.791569086651055,7.714285714285714
AP-LLET105,2025-04-28,10,0.0,75.0,68.73370437224227,17.0,30.0
AP-LLET105,2025-04-28,23,0.0449438202247191,4.0,65.8094199558741,17.0,1.0
AP-LLET106,2025-04-02,15,10.760441292356186,8.962962962962964,67.09534564349377,15.538219070133964,5.331757289204098
AP-LLET106,2025-04-15,4,0.0,4.0,68.5399685525722,15.0,1.0
AP-LLET106,2025-04-15,20,7.870179948586118,9.94344473007712,68.86807637370741,15.0,4.74293059125964
AP-LLET106,2025-04-27,18,23.86842105263158,23.5,69.3839868631208,15.0,14.776315789473685
AP-LLET106,2025-04-28,10,0.0,29.0,69.30969213798636,15.0,22.0
AP-LLET106,2025-04-28,23,0.0,3.9213483146067416,65.60686610389475,15.0,1.0
AP-LLET107,2025-04-02,15,7.5776201733648545,8.094562647754136,68.01881918451484,15.049645390070921,3.6509062253743103
AP-LLET107,2025-04-15,4,0.0,4.0,67.71627222890761,15.0,1.0
AP-LLET107,2025-04-15,20,0.0,4.0,69.0540185697035,15.0,1.0
AP-LLET107,2025-04-15,21,9.110199296600234,10.40797186400938,68.16803905434655,15.0,4.815943728018757
AP-LLET107,2025-04-28,10,0.0,37.0,69.6632243458768,15.0,31.0
AP-LLET107,2025-04-28,23,0.02247191011235955,4.191011235955056,65.25595256371398,15.0,1.0
AP-LLET108,2025-04-02,15,8.243531202435312,7.821917808219178,66.67232601351961,15.095890410958905,4.566210045662101
AP-LLET108,2025-04-08,9,7.073529411764706,8.158496732026144,67.2153205861881,15.0,3.9901960784313726
AP-LLET108,2025-04-15,4,0.0,4.0,67.31013504479209,15.0,1.0
AP-LLET108,2025-04-15,20,7.587822014051523,9.727166276346605,68.181755815526,15.0,4.7330210772833725
AP-LLET108,2025-04-28,10,0.0,6.0,67.34968915567757,15.0,1.0
AP-LLET108,2025-04-28,23,0.033707865168539325,4.0,65.67671887065619,15.0,1.0
AP-LLET109,2025-04-02,15,5.87391646966115,6.873128447596533,67.14449878081929,15.049645390070921,3.1386918833727346
AP-LLET109,2025-04-15,4,0.0,4.0,68.57994050006685,15.0,1.0
AP-LLET109,2025-04-15,20,5.892271662763466,9.718969555035128,68.92093145940488,15.0,4.612412177985949
AP-LLET109,2025-04-28,10,0.0,30.0,69.54277641458584,15.0,30.0
AP-LLET109,2025-04-28,23,0.07865168539325842,4.033707865168539,65.8012847592524,15.0,1.0224719101123596
AP-LLET110,2025-04-02,15,5.66903073286052,6.9637509850275805,66.36408915634581,15.049645390070921,3.327029156816391
AP-LLET110,2025-04-15,4,0.0,4.0,66.62488300574942,15.0,1.0
AP-LLET110,2025-04-15,20,6.415005861664713,10.099648300117233,66.99982944318633,15.0,5.562719812426729
AP-LLET110,2025-04-28,10,0.0,78.0,68.06976200026742,15.0,52.0
AP-LLET110,2025-04-28,23,0.011235955056179775,4.01123595505618,65.72167984301502,15.0,1.0
AP-LLET111,2025-04-02,15,8.648775894538607,8.468926553672317,67.38654085321119,16.587570621468927,4.77683615819209
AP-LLET111,2025-04-11,14,0.00966183574879227,4.0,69.51268927708232,16.85990338164251,1.0
AP-LLET111,2025-04-15,4,0.0,4.0,69.48037839283326,17.0,1.0
AP-LLET111,2025-04-15,20,14.79976580796253,14.649882903981265,70.30923502652482,17.0,7.902810304449648
AP-LLET111,2025-04-28,10,0.0,35.0,71.5999231441787,17.0,12.0
AP-LLET111,2025-04-28,21,0.0,4.0,65.73931993305213,17.0,3.75
AP-LLET111,2025-04-28,23,0.011235955056179775,4.01123595505618,66.4892562573497,17.0,1.0
AP-LLET112,2025-04-02,15,6.236994219653179,6.889210019267823,67.52344769395029,15.922928709055876,3.388246628131021
AP-LLET112,2025-04-11,10,0.0,12.0,67.52540577157708,16.0,6.0
AP-LLET112,2025-04-16,20,0.0,4.0,67.5260733308472,16.0,1.0
AP-LLET112,2025-04-16,22,0.0,4.0,67.29413622792256,16.0,1.0
AP-LLET112,2025-04-18,14,0.0,4.0,67.24662388019789,16.0,1.0
AP-LLET112,2025-04-22,6,9.609215017064846,12.54778156996587,67.48112945191004,16.0,7.039249146757679
AP-LLET112,2025-04-28,10,0.9090909090909091,22.0,67.69705174488567,16.0,10.0
AP-LLET112,2025-04-28,21,0.0,4.0,65.13746873406998,16.0,3.25
AP-LLET112,2025-04-28,23,0.011235955056179775,4.0,65.6809683922098,16.0,1.0
AP-LLET113,2025-01-29,7,9.82391713747646,3.7900188323917137,59.95200566204884,,
AP-LLET113,2025-04-11,14,0.01932367149758454,2.4830917874396135,62.473874022256844,,
AP-LLET113,2025-04-15,4,0.0,2.0,63.41542219584462,,
AP-LLET113,2025-04-15,20,10.724824355971897,4.070257611241217,62.381701422007026,,
AP-LLET113,2025-04-28,10,0.0,7.0,61.69909509002125,,
AP-LLET113,2025-04-28,21,0.0,2.0,48.03212441882047,,
AP-LLET113,2025-04-28,23,0.0,2.0823529411764707,50.62047986459712,,
AP-LLET113,2025-04-29,12,0.0,2.25,50.090353687410776,,
AP-LLET114,2025-01-21,9,6.468926553672317,4.0141242937853105,60.78458234670816,,
AP-LLET114,2025-04-11,14,0.01932367149758454,2.78743961352657,65.39689734989456,,
AP-LLET114,2025-04-15,4,0.0,2.0,66.03620098213324,,
AP-LLET114,2025-04-15,20,0.0,2.0,67.04308233099678,,
AP-LLET114,2025-04-15,21,4.623681125439625,3.7362250879249705,62.72953040814007,,
AP-LLET114,2025-04-28,10,0.4,6.0,58.57275599969752,,
AP-LLET114,2025-04-28,21,0.0,2.0,47.55489804868044,,
AP-LLET114,2025-04-28,23,0.02247191011235955,2.0,50.149491455929486,,
AP-LLET115,2025-04-02,16,12.832151300236406,9.612293144208039,67.82113074555876,17.016548463356973,6.1591804570527975
AP-LLET115,2025-04-15,4,0.0,4.0,68.98844433685152,17.0,1.0
AP-LLET115,2025-04-15,20,0.0,4.0,70.3767227925692,17.0,1.0
AP-LLET115,2025-04-15,21,12.994138335287222,15.40797186400938,69.48929678813235,16.871043376318873,9.028135990621337
AP-LLET115,2025-04-28,10,0.2857142857142857,28.0,69.76400457740006,17.0,20.0
AP-LLET115,2025-04-28,23,0.0,4.0,65.75917862601067,17.0,1.0
AP-LLET115,2025-04-29,12,0.0,4.0,65.78051927558622,17.0,1.0
AP-LLET116,2025-01-26,13,3.9527186761229314,3.494877856579984,57.8239933182989,,
AP-LLET116,2025-04-15,4,0.0,2.0,61.21250460761111,,
AP-LLET116,2025-04-15,20,4.289227166276347,3.234192037470726,60.60237072353693,,
AP-LLET116,2025-04-28,10,0.0,5.0,59.88629619360353,,
AP-LLET116,2025-04-28,23,0.0898876404494382,1.9887640449438202,54.459090398771785,,
AP-LLET117,2025-01-26,7,2.458628841607565,2.6643026004728134,58.83786812045169,,
AP-LLET117,2025-04-15,4,0.0,1.0,62.223388336766746,,
AP-LLET117,2025-04-15,20,3.201641266119578,2.902696365767878,61.281703391347726,,
AP-LLET117,2025-04-28,10,0.0,5.0,55.69848097030914,,
AP-LLET117,2025-04-28,23,2.5842696629213484,1.9325842696629214,56.79703312135921,,
AP-LLET118,2025-04-02,16,4.520882584712372,5.975571315996848,66.4621374677209,18.0,2.728132387706856
AP-LLET118,2025-04-15,4,0.0,4.0,67.81460419904901,18.0,1.0
AP-LLET118,2025-04-15,20,4.256740914419695,8.031652989449004,68.18382482760542,18.0,3.8335287221570926
AP-LLET118,2025-04-28,10,0.3333333333333333,19.0,68.5928934349512,18.0,14.0
AP-LLET118,2025-04-28,23,0.02247191011235955,4.0,65.44661758506683,18.0,1.0
AP-LLET119,2025-02-25,20,3.3364854215918047,2.6792750197005515,61.55165410026923,,
AP-LLET119,2025-04-15,4,0.0,2.0,62.866963886672764,,
AP-LLET119,2025-04-15,20,2.997658079625293,2.730679156908665,61.48701545044559,,
AP-LLET119,2025-04-28,10,0.0,3.0,56.187599823096846,,
AP-LLET119,2025-04-29,10,0.0,2.52,48.509349285169236,,
AP-LLET12,2025-04-02,14,1.5200945626477542,5.108747044917258,67.22523944694458,15.237982663514579,1.979511426319937
AP-LLET12,2025-04-15,4,0.0,4.0,67.58172884075411,15.0,1.0
AP-LLET12,2025-04-15,20,1.6733021077283372,5.695550351288056,67.86852979536717,15.137002341920375,1.9964871194379392
AP-LLET12,2025-04-28,10,0.0,10.0,67.87066285599678,15.0,3.0
AP-LLET12,2025-04-28,23,0.4044943820224719,4.01123595505618,65.41889196937755,15.0,1.0224719101123596
AP-LLET120,2025-01-29,7,3.512214342001576,2.6343577620173364,60.64737357911571,,
AP-LLET120,2025-04-15,4,0.0,2.0,66.12259021029017,,
AP-LLET120,2025-04-15,20,0.0,2.0,67.44569738105442,,
AP-LLET120,2025-04-15,21,3.922626025791325,2.881594372801876,62.97636998439027,,
AP-LLET120,2025-04-28,10,0.0,4.0,58.987515954509306,,
AP-LLET120,2025-04-29,10,0.0,1.72,47.71424299433773,,
AP-LLET121,2025-01-29,8,1.9535066981875493,2.4144996059889676,59.07224887640761,,
AP-LLET121,2025-04-15,4,0.0,2.0,60.74143426169291,,
AP-LLET121,2025-04-15,20,0.0,2.0,61.5584440601104,,
AP-LLET121,2025-04-15,21,1.6506447831184057,2.6553341148886282,60.33284009875055,,
AP-LLET121,2025-04-28,10,0.0,3.0,58.26674521708444,,
AP-LLET121,2025-04-29,10,0.0,2.142857142857143,45.96023064052533,,
AP-LLET121,2025-04-29,12,0.0,2.0,47.66163590005201,,
AP-LLET122,2025-03-07,14,4.745468873128448,3.207249802994484,61.354671689197026,,
AP-LLET122,2025-04-15,4,0.0,2.0,60.0948090672561,,
AP-LLET122,2025-04-15,20,5.64947245017585,3.5099648300117234,63.08667362830549,,
AP-LLET122,2025-04-28,10,0.0,12.0,61.774639118738214,,
AP-LLET122,2025-04-28,23,0.0,1.9411764705882353,51.92661453939201,,
AP-LLET122,2025-04-29,12,0.0,1.75,53.60271689253135,,
AP-LLET123,2025-04-02,9,1.7423167848699763,2.768321513002364,54.853913272786784,,
AP-LLET123,2025-04-15,4,0.0,2.0,58.48264309791313,,
AP-LLET123,2025-04-15,20,1.3911007025761124,3.011709601873536,58.281659201612236,,
AP-LLET123,2025-04-28,10,0.0,6.0,56.58694949781964,,
AP-LLET123,2025-04-29,4,0.5625,2.8,52.13788656923913,,
AP-LLET124,2025-01-29,12,2.7368006304176515,2.6430260047281324,58.04626433075783,,
AP-LLET124,2025-04-15,4,0.0,2.9906542056074765,58.68428327067319,,
AP-LLET124,2025-04-15,20,3.946135831381733,3.022248243559719,60.394086903346,,
AP-LLET124,2025-04-28,10,0.0,8.0,56.927980714807845,,
AP-LLET124,2025-04-28,21,0.0,2.0,52.67350546778506,,
AP-LLET124,2025-04-28,23,0.2247191011235955,2.0112359550561796,52.07210883358888,,
AP-LLET125,2025-04-02,9,0.706855791962175,2.6721828211189913,57.47769795155543,,
AP-LLET125,2025-04-15,4,0.0,2.0093457943925235,60.23522823758244,,
AP-LLET125,2025-04-15,20,1.825526932084309,3.050351288056206,59.41439941100163,,
AP-LLET125,2025-04-28,10,0.0,5.0,57.9025520340424,,
AP-LLET125,2025-04-28,21,0.0,2.0,52.26841632303842,,
AP-LLET125,2025-04-28,23,0.011764705882352941,2.0,52.47111954117871,,
AP-LLET125,2025-04-29,12,0.25,2.0,53.31565119461178,,
AP-LLET126,2025-01-29,7,0.11899133175728921,2.442868400315209,59.24443983613593,,
AP-LLET126,2025-04-15,4,0.0,2.0,62.30840267004585,,
AP-LLET126,2025-04-15,20,1.7139507620164127,2.902696365767878,60.43277384133602,,
AP-LLET126,2025-04-28,10,0.0,3.0,57.4369782560375,,
AP-LLET126,2025-04-28,21,0.0,2.25,54.32032340248672,,
AP-LLET126,2025-04-28,23,0.0,2.0,53.940408439734924,,
AP-LLET126,2025-04-29,3,0.0,2.0,52.90074031430454,,
AP-LLET126,2025-04-29,12,0.0,2.0,52.57331805958795,,
AP-LLET127,2025-04-02,16,6.895193065405832,7.1292356185973205,68.05122462425837,15.46414499605989,3.843183609141056
AP-LLET127,2025-04-15,4,0.0,4.0,68.4018572314982,16.0,1.0
AP-LLET127,2025-04-15,20,7.264947245017585,9.427901524032825,68.78628768436784,15.152403282532239,4.724501758499414
AP-LLET127,2025-04-28,10,0.0,16.0,68.83544758657574,15.0,12.0
AP-LLET127,2025-04-28,23,0.011235955056179775,3.966292134831461,65.26868491666647,15.0,1.0
AP-LLET128,2025-04-02,16,9.626477541371159,8.4026792750197,67.22191701283928,15.368006304176516,5.111899133175729
AP-LLET128,2025-04-15,4,0.0,4.0,67.39955207915497,16.0,1.0
AP-LLET128,2025-04-15,20,8.875878220140516,11.078454332552694,67.8494288537753,15.152224824355972,5.907494145199063
AP-LLET128,2025-04-28,10,0.0,9.0,68.39191402593929,15.0,4.0
AP-LLET128,2025-04-28,23,0.0,4.0,65.34599715990824,15.0,1.0
AP-LLET129,2025-04-02,16,0.1702127659574468,4.382978723404255,66.09017281629139,15.049645390070921,1.0693459416863673
AP-LLET129,2025-04-15,4,0.0,4.0,67.71644404956932,15.0,1.0
AP-LLET129,2025-04-15,20,0.16060961313012895,4.797186400937866,67.94871927635901,15.0,1.1254396248534584
AP-LLET129,2025-04-28,10,0.0,7.0,67.90722355929937,15.0,2.0
AP-LLET129,2025-04-28,23,0.06741573033707865,4.01123595505618,65.28081622603449,15.0,1.0
AP-LLET13,2025-04-02,14,3.541431261770245,5.552730696798493,67.02572631105147,15.448210922787194,2.8342749529190208
AP-LLET13,2025-04-11,14,0.06763285024154589,3.753623188405797,65.61266079417497,16.198067632850243,1.0
AP-LLET13,2025-04-15,4,0.0,4.0,65.61538975798904,17.0,1.0
AP-LLET13,2025-04-15,20,2.019929660023447,5.7092614302461895,66.57348550170524,15.196951934349356,2.2227432590855805
AP-LLET13,2025-04-28,10,0.0,9.0,67.42253309265945,15.0,4.0
AP-LLET13,2025-04-28,22,0.0,4.0,65.47950907506295,15.0,1.0
AP-LLET13,2025-04-28,23,0.4044943820224719,4.01123595505618,65.76698089446799,15.0,1.0
AP-LLET130,2025-04-02,16,0.4428684003152088,4.372734436564224,66.25066435640147,15.049645390070921,1.0685579196217494
AP-LLET130,2025-04-15,4,0.0,4.0,67.69003339559099,15.0,1.0
AP-LLET130,2025-04-15,20,0.0,4.0,67.69003339559099,15.0,1.0
AP-LLET130,2025-04-15,21,0.5662368112543963,5.110199296600235,67.92957963184224,15.0,1.3939038686987104
AP-LLET130,2025-04-28,10,0.0,5.0,67.8767214868298,15.0,1.0
AP-LLET130,2025-04-28,23,0.10112359550561797,4.01123595505618,65.24565226043502,15.0,1.0
AP-LLET131,2025-04-02,16,6.998423955870765,8.797478329393224,67.93844172796567,15.777777777777779,4.265563435776202
AP-LLET131,2025-04-15,4,0.0,4.0,68.39429218009803,16.0,1.0
AP-LLET131,2025-04-15,20,6.3610785463071515,11.42086752637749,68.81102590088439,15.576787807737398,5.9237983587338805
AP-LLET131,2025-04-28,10,0.0,25.0,69.4406839149619,16.0,20.0
AP-LLET131,2025-04-28,21,0.25,4.0,65.3587540229831,16.0,6.25
AP-LLET131,2025-04-28,23,4.49438202247191,5.808988764044944,66.4338648845865,16.0,2.460674157303371
AP-LLET132,2025-04-02,9,2.0646178092986602,2.4483845547675336,66.11095237166278,,
AP-LLET132,2025-04-15,4,0.0,2.0,67.95979349078935,,
AP-LLET132,2025-04-15,20,0.0,2.0,70.98353105085506,,
AP-LLET132,2025-04-15,21,1.8450704225352113,2.6607981220657275,68.86885549927855,,
AP-LLET132,2025-04-28,10,0.0,8.0,66.57928445887575,,
AP-LLET132,2025-04-28,23,0.29411764705882354,1.2352941176470589,56.140901965075244,,
AP-LLET132,2025-04-29,12,0.75,1.75,58.78053698810945,,
AP-LLET133,2025-01-26,7,2.8951930654058313,3.9936958234830575,56.45372323205489,,
AP-LLET133,2025-04-15,4,0.018691588785046728,2.0,59.5482439155173,,
AP-LLET133,2025-04-15,20,1.9285714285714286,3.0971896955503513,59.8987051213074,,
AP-LLET133,2025-04-28,10,0.0,5.0,57.890292554715096,,
AP-LLET133,2025-04-28,23,0.2808988764044944,1.4831460674157304,52.416992660829166,,
AP-LLET134,2025-04-02,9,3.6556473829201104,4.033057851239669,58.54499175275336,,
AP-LLET134,2025-04-09,0,3.2191528545119708,3.860036832412523,58.0810718132493,,
AP-LLET134,2025-04-15,4,0.0,2.0,59.61602909735859,,
AP-LLET134,2025-04-15,20,3.971896955503513,4.225995316159251,60.05357749371196,,
AP-LLET134,2025-04-28,10,0.0,10.0,58.7789902313719,,
AP-LLET134,2025-04-28,23,0.0,1.9550561797752808,51.915172001666456,,
AP-LLET135,2025-04-02,9,8.196798493408663,3.9096045197740112,58.47887817824849,,
AP-LLET135,2025-04-11,14,3.9420289855072466,1.9710144927536233,58.00763936898126,,
AP-LLET135,2025-04-15,4,0.04672897196261682,1.9906542056074767,57.87346009765951,,
AP-LLET135,2025-04-15,20,12.05158264947245,3.651817116060961,58.405040911772794,,
AP-LLET135,2025-04-28,10,0.0,5.0,56.40271358419054,,
AP-LLET135,2025-04-28,21,1.25,2.0,53.44812177902231,,
AP-LLET135,2025-04-28,23,3.5168539325842696,2.033707865168539,57.41457514538161,,
AP-LLET136,2025-03-22,23,2.4649330181245075,4.251379038613081,59.08878440419145,,
AP-LLET136,2025-04-15,4,0.0,2.0,60.79540604655853,,
AP-LLET136,2025-04-15,20,2.4168618266978923,3.8840749414519906,60.88106771695227,,
AP-LLET136,2025-04-28,10,0.0,6.0,60.56182787691024,,
AP-LLET136,2025-04-28,23,0.6067415730337079,2.4269662921348316,53.5637517014646,,
AP-LLET137,2025-02-17,9,2.524482109227872,3.443502824858757,57.87348760295782,,
AP-LLET137,2025-04-11,14,1.0,2.028985507246377,54.080598088183216,,
AP-LLET137,2025-04-15,4,0.009345794392523364,2.0,55.33241520908714,,
AP-LLET137,2025-04-15,20,2.889929742388759,2.9953161592505855,58.88235781138502,,
AP-LLET137,2025-04-28,10,0.0,4.0,57.251310160243996,,
AP-LLET137,2025-04-28,21,0.0,2.0,47.45996137834358,,
AP-LLET137,2025-04-28,23,1.3932584269662922,2.0786516853932584,52.76154785053853,,
AP-LLET138,2025-02-08,0,0.4066193853427896,2.1631205673758864,55.59242799389404,,
AP-LLET138,2025-04-15,4,0.0,2.0,57.60499992675794,,
AP-LLET138,2025-04-15,20,0.0,2.0,57.606033038723915,,
AP-LLET138,2025-04-15,21,0.27230046948356806,2.3262910798122065,59.847418646398296,,
AP-LLET138,2025-04-28,10,0.0,2.0,56.64755944701728,,
AP-LLET138,2025-04-28,21,0.0,1.0,50.64810270951679,,
AP-LLET138,2025-04-28,23,0.011235955056179775,1.7752808988764044,51.40546030038672,,
AP-LLET139,2025-03-31,15,0.18360914105594955,2.4562647754137115,55.102706357753725,,
AP-LLET139,2025-04-15,4,0.0,2.0,58.70266566337532,,
AP-LLET139,2025-04-15,20,0.23798358733880423,2.6729191090269637,59.15488825895141,,
AP-LLET139,2025-04-28,10,0.0,4.0,50.93256899680796,,
AP-LLET139,2025-04-28,21,0.0,2.0,51.25611505979647,,
AP-LLET139,2025-04-28,23,0.02247191011235955,2.0112359550561796,53.69135257484984,,
AP-LLET140,2025-02-22,7,0.23325453112687156,1.9424743892829,59.556971440638094,,
AP-LLET140,2025-04-15,4,0.0,3.0,63.28732782306019,,
AP-LLET140,2025-04-15,20,0.26025791324736225,2.036342321219226,60.308534489905576,,
AP-LLET140,2025-04-28,10,0.0,3.0,57.45598689381457,,
AP-LLET140,2025-04-28,21,0.0,1.0,49.683361530613176,,
AP-LLET140,2025-04-28,23,0.0,1.0,52.87780753083479,,
AP-LLET141,2025-03-06,21,0.05358550039401103,2.0858944050433412,57.457048748544736,,
AP-LLET141,2025-04-15,4,0.0,2.0,58.55315300632222,,
AP-LLET141,2025-04-15,20,0.15105386416861827,2.1885245901639343,59.411519571894225,,
AP-LLET141,2025-04-28,10,0.0,2.0,56.49351393341384,,
AP-LLET141,2025-04-28,21,0.0,2.0,47.88617968558446,,
AP-LLET141,2025-04-28,23,0.011235955056179775,2.0,50.46573184103084,,
AP-LLET142,2025-04-02,9,1.6627265563435776,1.8329393223010244,58.917418924242156,,
AP-LLET142,2025-04-15,4,0.0,1.0,63.78366487395651,,
AP-LLET142,2025-04-15,20,0.3358208955223881,1.771144278606965,61.74629336577766,,
AP-LLET142,2025-04-23,7,0.0,3.0,56.142113717555354,,
AP-LLET142,2025-04-24,7,1.6759259259259258,2.287037037037037,55.30907583367784,,
AP-LLET142,2025-04-28,10,0.0,3.0,51.4045696922756,,
AP-LLET142,2025-04-28,21,2.25,2.0,54.17474208547492,,
AP-LLET142,2025-04-28,23,2.2941176470588234,2.0,55.22095272565495,,
AP-LLET142,2025-04-29,12,1.25,2.0,55.66371922383747,,
AP-LLET15,2025-02-18,10,2.3609141055949565,2.9700551615445234,57.69476753289053,,
AP-LLET15,2025-04-15,4,0.0,2.0,59.59030660375288,,
AP-LLET15,2025-04-15,20,2.3536299765807964,3.3723653395784545,60.142270958746984,,
AP-LLET15,2025-04-28,10,0.0,6.0,59.47740102475498,,
AP-LLET15,2025-04-28,22,0.0,2.0,48.02150359458628,,
AP-LLET15,2025-04-28,23,3.9101123595505616,2.247191011235955,54.932971235628585,,
AP-LLET16,2025-04-02,16,5.23404255319149,5.819542947202522,66.53309968399518,15.265563435776201,2.500394011032309
AP-LLET16,2025-04-15,4,0.0,4.0,67.86335071533627,15.0,1.0
AP-LLET16,2025-04-15,20,4.566236811254396,6.901524032825322,68.1381559069466,15.056271981242674,2.750293083235639
AP-LLET16,2025-04-28,10,0.0,7.0,68.02825580897346,15.0,3.0
AP-LLET16,2025-04-28,22,2.0,7.0,65.86926684647568,15.0,1.6666666666666667
AP-LLET16,2025-04-28,23,0.6235294117647059,4.188235294117647,65.90426916260135,15.0,1.1647058823529413
AP-LLET16,2025-04-29,12,0.25,4.0,66.00301645388338,15.0,1.0
AP-LLET17,2025-02-25,1,3.078802206461781,3.5555555555555554,57.581112394730056,,
AP-LLET17,2025-04-15,4,0.0,2.0,58.73654035201892,,
AP-LLET17,2025-04-15,20,1.0459558823529411,3.0441176470588234,60.29181960678487,,
AP-LLET17,2025-04-24,9,3.3333333333333335,4.035598705501618,55.15530807487924,,
AP-LLET17,2025-04-28,10,0.0,7.0,53.252657557224275,,
AP-LLET17,2025-04-28,21,0.0,3.25,49.53844707342168,,
AP-LLET17,2025-04-28,23,0.7529411764705882,2.152941176470588,53.17547852407462,,
AP-LLET17,2025-04-29,12,4.5,3.5,55.44024241401751,,
AP-LLET20,2025-01-30,1,2.2214342001576046,2.825847123719464,57.776537186374924,,
AP-LLET20,2025-04-15,4,0.0,3.0,58.800014665545355,,
AP-LLET20,2025-04-15,20,1.0,2.0,58.259842099052015,,
AP-LLET20,2025-04-15,21,2.5082159624413145,2.9448356807511735,59.237837350643304,,
AP-LLET20,2025-04-28,10,0.0,5.0,55.45672862095751,,
AP-LLET20,2025-04-28,21,1.0,2.0,49.29564117506537,,
AP-LLET20,2025-04-28,23,1.0674157303370786,1.9775280898876404,52.68730948115149,,
AP-LLET21,2025-02-28,9,2.490937746256895,2.8857368006304176,57.89564978220367,,
AP-LLET21,2025-04-15,4,0.0,2.0,57.60167920494412,,
AP-LLET21,2025-04-15,20,1.0,2.0,61.21174140175116,,
AP-LLET21,2025-04-15,21,2.6295427901524033,3.1453692848769053,58.562105244591045,,
AP-LLET21,2025-04-28,10,0.0,4.0,58.50269364821481,,
AP-LLET21,2025-04-28,22,0.0,1.0,49.71590876541314,,
AP-LLET21,2025-04-28,23,0.9647058823529412,1.8941176470588235,54.07648167838001,,
AP-LLET21,2025-04-29,12,0.0,2.0,55.98612043620832,,
AP-LLET22,2025-01-21,9,2.0693459416863673,3.049645390070922,60.43933813290103,,
AP-LLET22,2025-04-15,4,0.018691588785046728,2.0,66.17634817169713,,
AP-LLET22,2025-04-15,20,2.1826697892271665,3.340749414519906,61.91511568320289,,
AP-LLET22,2025-04-28,10,0.0,4.0,56.266197980279436,,
AP-LLET22,2025-04-28,21,0.0,2.5,52.02918461429616,,
AP-LLET22,2025-04-28,23,0.39325842696629215,2.0112359550561796,54.250281095519846,,
AP-LLET23,2025-04-02,9,1.3775894538606404,3.2937853107344632,58.315462299291724,,
AP-LLET23,2025-04-11,14,0.028985507246376812,1.9082125603864735,54.649966379973414,,
AP-LLET23,2025-04-15,4,0.0,2.0,54.86039366666882,,
AP-LLET23,2025-04-15,20,1.0480093676814988,2.7166276346604215,58.28628864241468,,
AP-LLET23,2025-04-28,10,0.0,3.0,55.50863090259556,,
AP-LLET23,2025-04-28,21,0.0,2.25,49.76973912229002,,
AP-LLET23,2025-04-28,23,1.146067415730337,2.0112359550561796,53.13806174271839,,
AP-LLET24,2025-01-29,7,3.0386064030131825,3.2467043314500943,57.28435180637624,,
AP-LLET24,2025-04-11,14,0.855072463768116,1.8454106280193237,55.61951532348569,,
AP-LLET24,2025-04-15,4,0.009345794392523364,2.0,56.20147653055515,,
AP-LLET24,2025-04-15,20,2.2833723653395785,2.8747072599531616,58.16193771122875,,
AP-LLET24,2025-04-28,10,0.3,5.0,55.956961207341024,,
AP-LLET24,2025-04-28,21,0.0,2.0,50.20818199941796,,
AP-LLET24,2025-04-28,23,0.0898876404494382,2.0,51.185607545062624,,
AP-LLET25,2025-04-02,9,7.0464933018124505,9.265563435776201,70.74503584446254,15.41371158392435,2.6587864460204886
AP-LLET25,2025-04-15,4,0.0,5.0,70.40496593587045,15.0,1.0
AP-LLET25,2025-04-15,20,8.028103044496486,14.274004683840749,70.47688128610775,15.843091334894613,5.96135831381733
AP-LLET25,2025-04-28,10,0.0,20.0,70.97539778045193,16.0,16.0
AP-LLET25,2025-04-28,21,0.0,4.0,65.4620445385099,16.0,4.75
AP-LLET25,2025-04-28,23,3.303370786516854,5.741573033707865,66.35182454429284,16.0,2.696629213483146
AP-LLET26,2025-01-29,7,11.847911741528764,6.051221434200158,61.01009151013374,,
AP-LLET26,2025-04-15,4,0.0,2.0,60.56022383288611,,
AP-LLET26,2025-04-15,20,10.479484173505275,5.651817116060961,63.17993917564658,,
AP-LLET26,2025-04-28,10,0.0,13.0,58.27533114916005,,
AP-LLET26,2025-04-28,21,0.75,4.75,57.991966747021635,,
AP-LLET26,2025-04-28,23,3.0224719101123596,2.438202247191011,55.83309338113504,,
AP-LLET27,2025-04-02,9,2.1702127659574466,3.548463356973995,58.655595867951,,
AP-LLET27,2025-04-15,4,0.0,3.0,64.06696840835295,,
AP-LLET27,2025-04-15,20,1.6166471277842906,3.6506447831184055,61.35345074376373,,
AP-LLET27,2025-04-28,10,0.0,7.0,59.98958517130043,,
AP-LLET27,2025-04-28,21,0.0,2.0,53.36182385247836,,
AP-LLET27,2025-04-28,23,0.0,2.0,53.87321627082107,,
AP-LLET27,2025-04-29,3,0.12987012987012986,2.0,54.23485385150165,,
AP-LLET27,2025-04-29,12,1.25,2.0,56.509642989926604,,
AP-LLET29,2025-01-21,9,3.2711864406779663,3.608286252354049,57.707081794247266,,
AP-LLET29,2025-04-11,14,0.10628019323671498,2.183574879227053,58.16703828611206,,
AP-LLET29,2025-04-15,4,0.0,2.0,59.138217322758855,,
AP-LLET29,2025-04-15,20,2.5058548009367683,2.9730679156908666,59.51967891647111,,
AP-LLET29,2025-04-28,10,0.0,6.0,56.32820430708737,,
AP-LLET29,2025-04-28,21,0.0,3.0,51.08225978151775,,
AP-LLET29,2025-04-28,23,2.0224719101123596,2.0,56.103481408267236,,
AP-LLET30,2025-04-02,14,3.825847123719464,6.210401891252955,66.6336044291991,16.918833727344367,2.672970843183609
AP-LLET30,2025-04-15,4,0.0,4.0,67.13681772504681,16.0,1.0
AP-LLET30,2025-04-15,20,7.437280187573271,10.209847596717468,67.58860307269768,17.04337631887456,4.491207502930832
AP-LLET30,2025-04-28,10,0.0,19.0,67.72496192463899,17.0,5.0
AP-LLET30,2025-04-28,21,0.0,4.0,65.25780567751161,17.0,2.0
AP-LLET30,2025-04-28,23,0.4157303370786517,4.134831460674158,65.85672271316851,17.0,1.0898876404494382
AP-LLET31,2025-02-14,0,5.807909604519774,5.370998116760829,59.237162398899756,,
AP-LLET31,2025-04-11,14,0.18840579710144928,1.9130434782608696,54.54889564142715,,
AP-LLET31,2025-04-15,4,0.0,2.0,55.81788915826644,,
AP-LLET31,2025-04-15,20,5.355971896955504,4.001170960187354,57.4111058894301,,
AP-LLET31,2025-04-28,10,0.8,9.0,56.813520716228574,,
AP-LLET31,2025-04-28,21,0.5,3.0,52.68477405607738,,
AP-LLET31,2025-04-28,23,0.5617977528089888,2.1235955056179776,53.46290527826521,,
AP-LLET32,2025-04-02,9,3.3120567375886525,6.757289204097715,70.0144880785017,17.825847123719463,1.9164696611505123
AP-LLET32,2025-04-15,4,0.0,5.0,69.94522162053751,17.0,1.0
AP-LLET32,2025-04-15,20,2.110070257611241,7.128805620608899,69.53757532122584,18.29625292740047,2.199063231850117
AP-LLET32,2025-04-28,10,0.0,16.0,69.63873846770959,18.0,3.0
AP-LLET32,2025-04-28,21,0.75,4.0,65.11193826437984,18.0,1.5
AP-LLET32,2025-04-28,23,2.6179775280898876,4.51685393258427,65.77257701479874,18.0,1.1348314606741574
AP-LLET33,2025-04-02,9,3.815442561205273,2.987758945386064,58.24523976457221,,
AP-LLET33,2025-04-11,14,0.0,1.2705314009661837,50.117709529966504,,
AP-LLET33,2025-04-15,4,0.0,2.0,50.548100129781936,,
AP-LLET33,2025-04-15,20,6.528722157092615,3.6846424384525207,53.376788038464795,,
AP-LLET33,2025-04-28,10,0.0,10.0,54.48639656092962,,
AP-LLET33,2025-04-28,22,0.0,1.0,48.93976389808668,,
AP-LLET33,2025-04-28,23,0.011235955056179775,1.0224719101123596,51.45059934313238,,
AP-LLET34,2025-04-02,14,10.932203389830509,10.409604519774012,68.15917352335264,16.236346516007533,6.315442561205273
AP-LLET34,2025-04-11,14,0.0966183574879227,4.019323671497585,65.95874954628395,16.26086956521739,1.0
AP-LLET34,2025-04-15,4,0.0,4.0,65.9801611177965,16.0,1.0
AP-LLET34,2025-04-15,20,0.0,24.0,67.91683380131033,16.0,1.0
AP-LLET34,2025-04-15,21,15.440140845070422,16.480046948356808,68.2117054174505,16.0,10.030516431924882
AP-LLET34,2025-04-28,10,0.0,27.0,69.5834991622376,16.0,6.0
AP-LLET34,2025-04-28,21,0.0,9.75,66.78783846723952,16.0,2.25
AP-LLET34,2025-04-28,23,0.0,4.0,66.14344475192303,16.0,1.0
AP-LLET34,2025-04-29,12,0.0,4.0,66.1538138493511,16.0,1.0
AP-LLET35,2025-04-02,15,10.764595103578154,9.936911487758945,67.97262397942522,16.96045197740113,6.1807909604519775
AP-LLET35,2025-04-11,14,0.004830917874396135,4.0144927536231885,65.76699744124026,18.71014492753623,1.0
AP-LLET35,2025-04-15,4,0.0,4.0,65.81965456598179,19.0,1.0
AP-LLET35,2025-04-15,20,14.764637002341921,16.7423887587822,67.84689984372568,17.56440281030445,10.15456674473068
AP-LLET35,2025-04-28,10,0.0,25.0,68.62765874657374,17.0,11.0
AP-LLET35,2025-04-28,21,0.0,4.0,65.47106964605061,17.0,3.5
AP-LLET35,2025-04-28,23,0.011235955056179775,4.0,65.97491512635192,17.0,1.0
AP-LLET36,2025-04-02,16,1.1386918833727344,5.041765169424744,66.23522451529077,15.049645390070921,1.7856579984239558
AP-LLET36,2025-04-15,4,0.0,4.0,67.7179435753443,15.0,1.0
AP-LLET36,2025-04-15,20,0.4900351699882767,4.82883939038687,67.9106167443348,15.0,1.413833528722157
AP-LLET36,2025-04-28,10,0.0,5.0,68.063912287739,15.0,1.0
AP-LLET36,2025-04-28,22,0.0,4.0,65.51421780464466,15.0,1.0
AP-LLET36,2025-04-28,23,0.42696629213483145,4.348314606741573,65.76872537698252,15.0,1.1123595505617978
AP-LLET37,2025-03-13,11,30.110091743119266,6.440366972477064,50.61587956931965,15.807339449541285,20.321100917431192
AP-LLET37,2025-04-03,15,16.324137931034482,4.617241379310345,44.30747336358955,15.775,13.097413793103449
AP-LLET37,2025-04-15,4,0.0,2.0,43.96680706057262,16.0,3.0
AP-LLET37,2025-04-15,20,15.166276346604215,4.991803278688525,46.287806315652674,15.57728337236534,15.026932084309134
AP-LLET37,2025-04-28,10,0.4,11.0,47.79786217153791,16.0,65.0
AP-LLET37,2025-04-28,21,0.25,2.25,41.84316132498733,16.0,18.0
AP-LLET37,2025-04-28,23,3.2823529411764705,2.4941176470588236,44.501406264318476,16.0,5.047058823529412
AP-LLET37,2025-04-29,12,8.25,3.5,46.45702586370071,16.0,7.75
AP-LLET38,2025-04-02,15,11.058313632781719,8.724980299448385,66.98928148898179,18.0,6.361702127659575
AP-LLET38,2025-04-15,4,0.0,4.0,67.04752473592725,18.0,1.0
AP-LLET38,2025-04-15,20,9.758782201405152,11.144028103044496,67.68336174380698,18.0,5.428571428571429
AP-LLET38,2025-04-28,10,0.0,82.0,69.53469715202567,18.0,60.0
AP-LLET38,2025-04-28,22,0.0,4.0,65.67639390292821,18.0,1.0
AP-LLET38,2025-04-28,23,0.1797752808988764,4.168539325842697,65.75845507636738,18.0,1.0112359550561798
AP-LLET39,2025-04-02,15,12.790386130811664,8.951930654058314,69.33496171188887,15.918045705279749,4.531914893617022
AP-LLET39,2025-04-15,4,0.0,6.0,70.06033560636449,16.0,1.0
AP-LLET39,2025-04-15,20,0.0,6.0,70.06033560636449,16.0,1.0
AP-LLET39,2025-04-15,21,16.861664712778428,13.762016412661195,69.47752274037477,16.0,6.825322391559203
AP-LLET39,2025-04-28,10,0.0,53.0,72.8452166064982,16.0,50.0
AP-LLET39,2025-04-28,21,0.0,16.0,67.40375084742487,16.0,13.25
AP-LLET39,2025-04-28,23,0.6853932584269663,4.224719101123595,65.78860412238302,16.0,1.1573033707865168
AP-LLET40,2025-01-21,9,8.167848699763594,8.862096138691884,58.34040105920591,,
AP-LLET40,2025-04-15,4,0.0,2.0,56.02811201726867,,
AP-LLET40,2025-04-15,20,7.412177985948477,8.805620608899297,60.00144704398916,,
AP-LLET40,2025-04-28,10,0.4,19.0,58.45073407929019,,
AP-LLET40,2025-04-28,21,1.0,1.5,50.19984132853801,,
AP-LLET40,2025-04-28,23,2.2134831460674156,3.258426966292135,55.20759892426577,,
AP-LLET41,2025-04-02,15,4.30575256107171,6.639873916469661,66.51160596323486,15.049645390070921,3.2088258471237197
AP-LLET41,2025-04-15,4,0.009345794392523364,4.0,67.96155092172803,15.0,1.0
AP-LLET41,2025-04-15,20,1.0,17.0,69.29151624548737,15.0,1.0
AP-LLET41,2025-04-15,21,4.127784290738569,6.351699882766706,68.20639138748324,15.0,2.4044548651817115
AP-LLET41,2025-04-28,10,0.0,7.0,68.05304853590053,15.0,5.0
AP-LLET41,2025-04-28,23,1.4,3.988235294117647,65.67801893402016,15.0,1.2470588235294118
AP-LLET41,2025-04-29,12,0.75,5.5,65.94903229041316,15.0,1.0
AP-LLET42,2025-04-02,15,3.3877068557919623,5.63672182821119,66.44622519383651,15.0,1.9330181245074862
AP-LLET42,2025-04-15,4,0.0,4.0,67.85415830993449,15.0,1.0
AP-LLET42,2025-04-15,20,2.913247362250879,6.323563892145369,68.18894082709993,15.0,1.835873388042204
AP-LLET42,2025-04-28,10,0.0,11.0,68.43912956277578,15.0,3.0
AP-LLET42,2025-04-28,23,1.7191011235955056,4.53932584269663,65.98033515525353,15.0,1.2134831460674158
AP-LLET43,2025-04-02,15,1.9692671394799055,4.6729708431836094,67.21037230992741,15.159180457052797,1.6335697399527187
AP-LLET43,2025-04-15,4,0.0,4.0,67.61933413557962,15.0,1.0
AP-LLET43,2025-04-15,20,1.0,4.0,67.61933413557962,15.0,1.0
AP-LLET43,2025-04-15,21,1.4185228604923799,5.563892145369285,67.89395345067008,15.0,1.8944900351699883
AP-LLET43,2025-04-28,10,0.0,8.0,68.45500735392432,15.0,4.0
AP-LLET43,2025-04-28,21,0.0,4.0,65.06167219386157,15.0,1.75
AP-LLET43,2025-04-28,23,0.21348314606741572,4.056179775280899,65.44505711644524,15.0,1.0224719101123596
AP-LLET44,2025-04-02,15,1.6390858944050433,4.6304176516942475,66.76672504243741,15.0,1.5279747832939323
AP-LLET44,2025-04-15,4,0.018691588785046728,4.0,66.126821767616,15.0,1.0
AP-LLET44,2025-04-15,20,2.373536299765808,5.425058548009368,66.398300757129,15.0,1.6323185011709602
AP-LLET44,2025-04-28,10,0.0,18.142857142857142,66.81745205399524,15.0,5.0
AP-LLET44,2025-04-28,23,0.7640449438202247,4.382022471910112,65.65646461514291,15.0,1.0898876404494382
AP-LLET45,2025-04-02,15,4.832939322301025,5.692671394799055,66.52490432741408,15.049645390070921,2.2403467297084316
AP-LLET45,2025-04-15,4,0.0,4.0,67.80819628292552,15.0,1.0
AP-LLET45,2025-04-15,20,4.5369284876905045,7.902696365767878,68.09785925053441,15.0,3.3083235638921455
AP-LLET45,2025-04-28,10,0.0,11.0,68.2302112581896,15.0,15.0
AP-LLET45,2025-04-28,23,3.741573033707865,5.561797752808989,65.8469725809866,15.0,1.6404494382022472
AP-LLET46,2025-04-02,15,3.5602836879432624,5.980299448384555,66.09629606527612,15.159180457052797,2.9156816390858946
AP-LLET46,2025-04-15,4,0.0,4.0,66.59463475925739,15.0,1.0
AP-LLET46,2025-04-15,20,4.769320843091335,7.514051522248243,66.78785457683765,15.0,3.110070257611241
AP-LLET46,2025-04-28,10,0.0,14.0,67.17275167343561,15.0,21.0
AP-LLET46,2025-04-28,21,0.0,4.0,65.11411150439983,15.0,6.0
AP-LLET46,2025-04-28,23,2.823529411764706,6.6117647058823525,66.20784973354314,15.0,2.7411764705882353
AP-LLET46,2025-04-29,12,0.5,4.25,66.33465386023575,15.0,1.0
AP-LLET47,2025-04-02,15,6.75886524822695,6.79511426319937,66.95093602049539,15.69739952718676,3.38849487785658
AP-LLET47,2025-04-15,4,0.0,4.0,68.45333600748764,15.0,1.0
AP-LLET47,2025-04-15,20,6.707259953161593,7.68384074941452,68.92748588514664,15.0,3.2517564402810306
AP-LLET47,2025-04-28,10,0.0,14.0,69.68073104693141,15.0,4.0
AP-LLET47,2025-04-28,23,2.6741573033707864,4.292134831460674,65.53240833169485,15.0,1.202247191011236
AP-LLET48,2025-04-02,15,1.7407407407407407,4.892828999211978,67.24194950033738,15.159180457052797,1.446808510638298
AP-LLET48,2025-04-15,4,0.0,4.0,67.62936221419976,15.0,1.0
AP-LLET48,2025-04-15,20,1.1405152224824355,5.985948477751757,67.86682536586683,15.0,1.7857142857142858
AP-LLET48,2025-04-28,10,0.0,10.0,68.43829388955743,15.0,4.0
AP-LLET48,2025-04-28,22,0.0,4.0,65.44808754442995,15.0,1.0
AP-LLET48,2025-04-28,23,0.3595505617977528,4.359550561797753,65.6799487417766,15.0,1.0
AP-LLET49,2025-04-02,15,2.5350669818754925,4.969267139479905,66.25891972657651,15.049645390070921,1.5122143420015761
AP-LLET49,2025-04-15,4,0.009345794392523364,4.0,67.6341901856448,15.0,1.0
AP-LLET49,2025-04-15,20,0.0,4.0,69.0765817465988,15.0,1.0
AP-LLET49,2025-04-15,21,2.3587338804220397,6.520515826494725,68.07693456611102,15.0,1.9976553341148886
AP-LLET49,2025-04-28,10,0.0,12.0,68.49177697553148,15.0,4.0
AP-LLET49,2025-04-28,22,0.0,4.0,65.39577418333835,15.0,1.0
AP-LLET49,2025-04-28,23,0.07058823529411765,4.141176470588236,65.64121179160719,15.0,1.011764705882353
AP-LLET49,2025-04-29,12,0.5,5.0,65.7673574223973,15.0,1.25
AP-LLET50,2025-01-30,1,1.6082862523540489,20.995291902071564,59.274361223478344,,
AP-LLET50,2025-04-11,14,0.14009661835748793,1.9565217391304348,59.526798803778355,,
AP-LLET50,2025-04-15,4,0.0,2.0,59.77240906789002,,
AP-LLET50,2025-04-15,20,1.946135831381733,3.0550351288056206,58.85235739770239,,
AP-LLET50,2025-04-28,10,0.0,4.0,60.38350329516473,,
AP-LLET50,2025-04-28,22,0.0,2.0,50.5903717448409,,
AP-LLET50,2025-04-28,23,0.8876404494382022,2.0112359550561796,55.49836151279941,,
AP-LLET51,2025-04-02,9,1.0236406619385343,2.8045705279747835,56.44692153204432,,
AP-LLET51,2025-04-15,4,0.0,3.0,57.42145340137535,,
AP-LLET51,2025-04-15,20,1.31615925058548,2.9250585480093676,58.701758701317665,,
AP-LLET51,2025-04-28,10,0.0,4.0,58.45067679200362,,
AP-LLET51,2025-04-28,21,0.0,2.0,47.8707344960552,,
AP-LLET51,2025-04-28,23,0.898876404494382,2.067415730337079,53.029353725642,,
AP-LLET52,2025-01-21,9,5.275019700551615,3.7990543735224587,56.07150489659674,,
AP-LLET52,2025-04-15,4,0.0,2.0,57.766163318794064,,
AP-LLET52,2025-04-15,20,6.34192037470726,4.220140515222482,58.44941356205484,,
AP-LLET52,2025-04-28,10,0.0,7.0,53.51356534302481,,
AP-LLET52,2025-04-28,21,0.5,1.0,55.38691779646743,,
AP-LLET52,2025-04-28,23,3.056179775280899,2.662921348314607,54.57856838549467,,
AP-LLET53,2025-01-21,9,0.9598108747044918,2.9598108747044916,57.55724992343774,,
AP-LLET53,2025-04-15,4,0.0,2.0,57.434035121689654,,
AP-LLET53,2025-04-15,20,0.0,2.0,60.47960987930714,,
AP-LLET53,2025-04-15,21,0.5432780847145487,2.848987108655617,59.305383556983536,,
AP-LLET53,2025-04-24,9,1.8258064516129033,2.8096774193548386,55.57968738484794,,
AP-LLET53,2025-04-28,10,0.0,4.0,55.096391588393146,,
AP-LLET53,2025-04-28,21,0.0,2.5,49.52614194328788,,
AP-LLET53,2025-04-28,23,0.0898876404494382,2.0,52.04144935367454,,
AP-LLET54,2025-04-02,15,5.95665878644602,7.661150512214342,69.5375149561799,16.498029944838457,2.818754925137904
AP-LLET54,2025-04-15,4,0.0,4.0,70.27465717043155,17.0,1.0
AP-LLET54,2025-04-15,20,7.715456674473068,10.954332552693208,71.7847117515377,16.538641686182668,3.560889929742389
AP-LLET54,2025-04-28,10,0.0,25.0,74.69351684717208,16.0,4.0
AP-LLET54,2025-04-28,23,0.9294117647058824,4.964705882352941,65.9975931612805,16.0,1.0588235294117647
AP-LLET54,2025-04-29,12,1.0,5.0,66.37439077463773,16.0,1.25
AP-LLET55,2025-04-03,8,17.171641791044777,12.7106135986733,71.52380172415106,16.028192371475953,11.14179104477612
AP-LLET55,2025-04-15,4,0.0,6.981308411214953,71.09064258428272,15.0,2.0
AP-LLET55,2025-04-15,20,15.559718969555036,15.60655737704918,73.71538460644955,15.305620608899297,9.800936768149883
AP-LLET55,2025-04-28,10,0.0,30.0,83.01299138890978,16.0,18.0
AP-LLET55,2025-04-29,4,5.1625,8.1125,66.81313649491362,16.0,6.475
AP-LLET56,2025-04-02,15,11.230890464933019,12.066193853427896,68.8551121197453,16.1371158392435,9.315996847911741
AP-LLET56,2025-04-15,4,0.0,5.0,68.30512247352361,15.0,2.0
AP-LLET56,2025-04-15,20,0.0,5.0,68.30542184784062,15.0,2.0
AP-LLET56,2025-04-15,21,10.977725674091442,14.851113716295428,70.52217565640171,15.0,8.971864009378663
AP-LLET56,2025-04-28,10,0.17391304347826086,30.0,79.62127289744618,15.0,18.0
AP-LLET56,2025-04-29,4,1.5875,7.0625,65.9725083831734,15.0,4.5375
AP-LLET57,2025-01-29,7,2.7525610717100077,3.0598896769109536,56.49823336865246,,
AP-LLET57,2025-04-15,4,0.0,3.0,56.98778864199341,,
AP-LLET57,2025-04-15,20,2.488970588235294,2.7591911764705883,57.904179989453496,,
AP-LLET57,2025-04-24,9,3.2483870967741937,3.1580645161290324,59.07446249787576,,
AP-LLET57,2025-04-28,10,0.0,5.0,58.412638033717016,,
AP-LLET57,2025-04-28,21,1.0,2.75,52.86963475917571,,
AP-LLET57,2025-04-28,23,2.2808988764044944,2.0786516853932584,54.071061681530416,,
AP-LLET58,2025-01-30,1,8.408195429472025,5.12608353033885,60.69867100643639,,
AP-LLET58,2025-04-15,4,0.0,3.0,62.32306821540936,,
AP-LLET58,2025-04-15,20,6.0520673813169985,4.891271056661562,62.08181836899281,,
AP-LLET58,2025-04-25,8,0.0,10.0,59.869263967213335,,
AP-LLET58,2025-04-25,12,14.032467532467532,4.181818181818182,59.0759513199348,,
AP-LLET58,2025-04-28,10,0.0,7.0,56.182558541878144,,
AP-LLET58,2025-04-28,21,0.0,3.25,52.247723976104325,,
AP-LLET58,2025-04-28,23,0.0,2.0,50.16409846356846,,
AP-LLET58,2025-04-29,12,0.25,2.0,49.907939330472026,,
AP-LLET59,2025-01-29,7,7.614657210401892,11.066981875492514,71.02252030264873,16.0,4.706855791962175
AP-LLET59,2025-04-15,4,0.0,5.0,70.74266278914294,16.0,1.0
AP-LLET59,2025-04-15,20,0.0,5.0,72.00962826121473,16.0,1.0
AP-LLET59,2025-04-15,21,6.3458382180539274,10.0,70.9837681517187,16.0,4.0293083235638925
AP-LLET59,2025-04-28,10,0.0,34.0,71.76995652932378,16.0,19.0
AP-LLET59,2025-04-28,21,0.0,4.0,65.4391043293618,16.0,5.5
AP-LLET59,2025-04-28,23,0.0,4.112359550561798,65.68889529405415,16.0,1.0
AP-LLET60,2025-01-21,9,8.710795902285264,11.821907013396375,72.40463278345845,16.0,5.447596532702915
AP-LLET60,2025-04-15,4,0.0,5.0,70.92966694253646,16.0,1.0
AP-LLET60,2025-04-15,20,7.682669789227166,11.750585480093676,71.11911915200848,16.0,5.282201405152225
AP-LLET60,2025-04-28,10,0.4,31.0,71.8902934727654,16.0,16.0
AP-LLET60,2025-04-28,21,0.0,4.0,65.50144604110258,16.0,4.75
AP-LLET60,2025-04-28,23,0.0,4.0,65.67838079082809,16.0,1.0
AP-LLET61,2025-01-21,9,0.5240346729708432,2.652482269503546,58.59981730741219,,
AP-LLET61,2025-04-15,4,0.0,2.0,59.85161948294786,,
AP-LLET61,2025-04-15,20,0.5011709601873536,2.7037470725995316,61.12282561726756,,
AP-LLET61,2025-04-28,10,0.0,5.0,62.72664640797257,,
AP-LLET61,2025-04-28,21,0.0,2.75,51.49809745340825,,
AP-LLET61,2025-04-28,23,0.1797752808988764,1.9550561797752808,52.4979920564676,,
AP-LLET62,2025-01-29,12,3.012608353033885,2.959022852639874,55.5640768306444,,
AP-LLET62,2025-04-15,4,0.0,2.0,54.38511263826287,,
AP-LLET62,2025-04-15,20,0.0,2.0,59.250085071620575,,
AP-LLET62,2025-04-15,21,2.5199530516431925,3.214788732394366,55.660786469448375,,
AP-LLET62,2025-04-28,10,0.0,8.0,53.980091522169026,,
AP-LLET62,2025-04-28,21,2.0,3.5,50.28499798491969,,
AP-LLET62,2025-04-28,23,2.0470588235294116,1.988235294117647,52.467407704115615,,
AP-LLET62,2025-04-29,12,2.0,2.0,54.09475739693444,,
AP-LLET63,2025-01-21,9,5.1867612293144205,3.045705279747833,57.90483055799317,,
AP-LLET63,2025-04-15,4,0.009345794392523364,2.0,60.74824070742925,,
AP-LLET63,2025-04-15,20,2.7833723653395785,3.0644028103044496,59.62796798337922,,
AP-LLET63,2025-04-28,10,0.0,8.0,56.574632731205746,,
AP-LLET63,2025-04-28,21,0.0,1.75,50.60640830625554,,
AP-LLET63,2025-04-28,23,1.202247191011236,1.3146067415730338,55.57250956620445,,
AP-LLET64,2025-04-02,9,3.465721040189125,7.598896769109535,70.20942310765834,15.545311268715524,2.4286840031520884
AP-LLET64,2025-04-15,4,0.0,4.0,69.92495654499264,15.0,1.0
AP-LLET64,2025-04-15,20,0.0,4.0,71.14069459591022,15.0,1.0
AP-LLET64,2025-04-15,21,4.098591549295775,22.24413145539906,71.93417051593738,15.45774647887324,9.158450704225352
AP-LLET64,2025-04-28,10,0.0,71.0,78.20021058965102,15.0,10.0
AP-LLET64,2025-04-28,23,2.134831460674157,4.269662921348314,64.78417681340619,15.0,1.0898876404494382
AP-LLET65,2025-01-21,9,1.628053585500394,3.15839243498818,58.052270430439954,,
AP-LLET65,2025-04-15,4,0.0,3.0,63.45437755071644,,
AP-LLET65,2025-04-15,20,0.0,3.0,64.07326284896551,,
AP-LLET65,2025-04-15,21,1.897887323943662,3.2687793427230045,60.54901291850232,,
AP-LLET65,2025-04-28,10,0.0,8.0,60.25838786128227,,
AP-LLET65,2025-04-28,21,1.0,2.0,57.958085792581066,,
AP-LLET65,2025-04-28,23,1.247191011235955,2.0112359550561796,57.83558886844169,,
AP-LLET66,2025-01-21,9,0.48226950354609927,2.735224586288416,57.876812094948974,,
AP-LLET66,2025-04-15,4,0.0,2.0,61.57365741515179,,
AP-LLET66,2025-04-15,20,0.0,2.0,64.33201878106402,,
AP-LLET66,2025-04-15,21,1.2570422535211268,2.915492957746479,60.82763119586076,,
AP-LLET66,2025-04-28,10,0.0,4.0,55.99855177739536,,
AP-LLET66,2025-04-28,21,0.0,2.0,47.03043383518906,,
AP-LLET66,2025-04-28,23,0.11235955056179775,2.0224719101123596,51.16112929900212,,
AP-LLET67,2025-01-23,19,1.540583136327817,3.3790386130811663,58.43163038874532,,
AP-LLET67,2025-04-15,4,0.0,3.0,58.12413925851919,,
AP-LLET67,2025-04-15,20,0.8266978922716628,2.9730679156908666,60.21734092929794,,
AP-LLET67,2025-04-28,10,0.0,6.0,59.276072016993695,,
AP-LLET67,2025-04-28,21,0.0,2.0,47.507280677055526,,
AP-LLET67,2025-04-28,23,0.3411764705882353,2.023529411764706,55.43055250116967,,
AP-LLET67,2025-04-29,12,0.5,2.25,53.2159140286826,,
AP-LLET68,2025-01-21,9,5.445232466509062,4.607565011820331,58.31591802642894,,
AP-LLET68,2025-04-15,4,0.0,2.0,58.92341148083054,,
AP-LLET68,2025-04-15,20,3.6172566371681416,3.825221238938053,60.52638357840108,,
AP-LLET68,2025-04-23,11,6.723880597014926,5.054726368159204,60.37763937314222,,
AP-LLET68,2025-04-28,10,0.0,9.0,60.18252875248913,,
AP-LLET68,2025-04-28,22,1.0,2.0,49.95205412159112,,
AP-LLET68,2025-04-28,23,3.9213483146067416,3.0898876404494384,52.577702649077416,,
AP-LLET69,2025-04-02,15,4.587076438140268,6.504334121355398,66.57052141645248,20.900709219858157,3.870764381402679
AP-LLET69,2025-04-15,4,0.009345794392523364,4.0,66.79814483157006,21.0,1.0
AP-LLET69,2025-04-15,20,0.0,4.0,68.18529382270357,21.0,1.0
AP-LLET69,2025-04-15,21,3.5885111371629543,8.03282532239156,67.19254747496414,21.0,3.566236811254396
AP-LLET69,2025-04-28,10,0.2857142857142857,20.0,67.46682377323172,21.0,8.0
AP-LLET69,2025-04-28,23,1.7191011235955056,6.438202247191011,65.70593035176631,21.0,5.797752808988764
AP-LLET70,2025-04-02,15,0.8739164696611506,5.454688731284476,67.31718831412698,15.049645390070921,1.4806934594168637
AP-LLET70,2025-04-15,4,0.0,4.0,67.79733253108704,15.0,1.0
AP-LLET70,2025-04-15,20,0.6475409836065574,5.823185011709602,68.16738412750496,15.0,1.4578454332552693
AP-LLET70,2025-04-28,10,0.0,12.0,68.21416698526707,15.0,2.0
AP-LLET70,2025-04-28,23,0.07865168539325842,4.01123595505618,65.30478028525518,15.0,1.0
AP-LLET71,2025-01-26,7,7.250591016548463,21.08668242710796,56.09722068666111,,
AP-LLET71,2025-04-15,4,0.0,21.0,54.52878915299601,,
AP-LLET71,2025-04-15,20,6.610785463071513,21.10902696365768,58.095201682088515,,
AP-LLET71,2025-04-28,10,0.0,22.0,58.1558083866296,,
AP-LLET71,2025-04-28,23,0.03529411764705882,1.0235294117647058,53.8885068425957,,
AP-LLET71,2025-04-29,12,0.0,1.0,55.66933337792193,,
AP-LLET72,2025-01-29,7,3.102442868400315,2.6595744680851063,59.23568826073781,,
AP-LLET72,2025-04-15,4,0.0,2.0,61.74211232097696,,
AP-LLET72,2025-04-15,20,1.0,2.0,61.746758112452646,,
AP-LLET72,2025-04-15,21,0.8,2.0,63.594397704383844,,
AP-LLET72,2025-04-15,23,3.1568396226415096,2.893867924528302,60.64640603218671,,
AP-LLET72,2025-04-28,10,0.0,5.0,57.63715077670103,,
AP-LLET72,2025-04-28,21,1.0,2.75,52.11498933310724,,
AP-LLET72,2025-04-28,23,1.6235294117647059,2.2823529411764705,55.69766260457121,,
AP-LLET72,2025-04-29,12,1.25,2.75,56.62441538324049,,
AP-LLET73,2025-01-21,9,2.792750197005516,2.747832939322301,59.77757517693244,,
AP-LLET73,2025-04-15,4,0.009345794392523364,3.0,62.03754837911351,,
AP-LLET73,2025-04-15,20,0.0,3.0,62.03754837911352,,
AP-LLET73,2025-04-15,21,2.686987104337632,2.988276670574443,62.9173558941194,,
AP-LLET73,2025-04-28,10,0.0,3.0,65.09096075362571,,
AP-LLET73,2025-04-28,21,0.0,1.25,48.46303938844676,,
AP-LLET73,2025-04-28,23,0.47191011235955055,1.6179775280898876,53.961811326033846,,
AP-LLET74,2025-01-30,1,2.732072498029945,2.888888888888889,59.17994939839257,,
AP-LLET74,2025-04-15,4,0.0,2.0,62.53349352072223,,
AP-LLET74,2025-04-15,20,1.794841735052755,2.917936694021102,61.40264180634339,,
AP-LLET74,2025-04-28,10,0.0,3.0,58.90637925444034,,
AP-LLET74,2025-04-28,21,0.0,2.25,52.12685227699778,,
AP-LLET74,2025-04-28,23,1.1123595505617978,2.0898876404494384,54.61931300255594,,
AP-LLET75,2025-01-30,1,1.38849487785658,2.364854215918046,58.81602808731466,,
AP-LLET75,2025-04-15,4,0.0,2.0,60.266396804641516,,
AP-LLET75,2025-04-15,20,1.2162698412698412,2.2916666666666665,61.74620056308356,,
AP-LLET75,2025-04-24,5,1.653295128939828,2.673352435530086,58.934336835279446,,
AP-LLET75,2025-04-28,10,0.0,3.0,57.176883233615264,,
AP-LLET75,2025-04-28,21,0.0,1.5,52.16530010231509,,
AP-LLET75,2025-04-28,23,0.011235955056179775,1.0112359550561798,51.607283893752765,,
AP-LLET76,2025-01-26,7,7.332545311268715,3.371946414499606,58.13405206956232,,
AP-LLET76,2025-04-15,4,0.0,2.0,59.649585125470615,,
AP-LLET76,2025-04-15,20,4.056206088992974,3.1545667447306793,59.80379876535325,,
AP-LLET76,2025-04-28,10,0.0,7.0,58.8560416318169,,
AP-LLET76,2025-04-28,23,1.5056179775280898,1.9775280898876404,53.70182464256016,,
AP-LLET77,2025-01-21,9,1.103230890464933,2.6698187549251378,58.89573992131133,,
AP-LLET77,2025-04-15,4,0.0,2.0,60.83886919479282,,
AP-LLET77,2025-04-15,20,1.2813599062133645,2.774912075029308,59.93115322614154,,
AP-LLET77,2025-04-28,10,0.0,4.0,58.07630437422806,,
AP-LLET77,2025-04-28,21,0.0,2.25,47.19025372825661,,
AP-LLET77,2025-04-28,23,0.3595505617977528,1.9213483146067416,49.65193463640326,,
AP-LLET78,2025-01-21,9,2.2364066193853427,2.7163120567375887,58.611341066635795,,
AP-LLET78,2025-04-15,4,0.0,2.0,59.79027032028775,,
AP-LLET78,2025-04-15,20,2.0294117647058822,2.582720588235294,61.21728700722697,,
AP-LLET78,2025-04-24,9,2.267741935483871,2.970967741935484,60.37963986827768,,
AP-LLET78,2025-04-28,10,0.0,5.0,57.976166197292834,,
AP-LLET78,2025-04-28,22,0.0,2.0,52.01476403175701,,
AP-LLET78,2025-04-28,23,1.7882352941176471,2.0,54.05523921553351,,
AP-LLET78,2025-04-29,12,3.0,2.25,55.615048303207864,,
AP-LLET79,2025-04-02,9,0.6343577620173365,2.735224586288416,58.4628307170225,,
AP-LLET79,2025-04-15,4,0.0,2.0,59.97055598773252,,
AP-LLET79,2025-04-15,20,1.0363423212192262,2.9167643610785463,60.91597037322225,,
AP-LLET79,2025-04-28,10,0.0,5.0,56.57582502285763,,
AP-LLET79,2025-04-28,21,0.0,2.0,48.00209513928831,,
AP-LLET79,2025-04-28,23,0.12359550561797752,1.9887640449438202,51.92944518543869,,
AP-LLET80,2025-03-14,10,7.695035460992908,5.735224586288416,55.7214011780321,,
AP-LLET80,2025-04-15,4,0.009345794392523364,3.0,58.847906837123084,,
AP-LLET80,2025-04-15,20,8.42271662763466,7.016393442622951,57.058590642613304,,
AP-LLET80,2025-04-28,10,0.0,14.0,55.73329015781502,,
AP-LLET80,2025-04-28,21,1.25,2.75,54.18277394207568,,
AP-LLET80,2025-04-28,23,2.460674157303371,3.4831460674157304,54.46940862758894,,
AP-LLET81,2025-01-21,9,2.9653270291568163,3.2009456264775413,57.75226727957148,,
AP-LLET81,2025-04-15,4,0.0,2.0,61.16196949108266,,
AP-LLET81,2025-04-15,20,2.511709601873536,3.2365339578454333,60.82442147444205,,
AP-LLET81,2025-04-28,10,0.0,4.0,58.00337765841654,,
AP-LLET81,2025-04-28,21,0.0,2.0,50.58816857127798,,
AP-LLET81,2025-04-28,23,3.0112359550561796,2.0224719101123596,55.64475209319377,,
AP-LLET82,2025-01-29,16,2.31284475965327,2.840031520882585,60.56765493689295,,
AP-LLET82,2025-04-15,4,0.0,2.0,64.87606526646329,,
AP-LLET82,2025-04-15,20,2.1535756154747947,2.757327080890973,61.63135516547213,,
AP-LLET82,2025-04-28,10,0.0,4.0,63.8908135825865,,
AP-LLET82,2025-04-28,22,0.0,1.0,49.48650063283356,,
AP-LLET82,2025-04-28,23,0.33707865168539325,1.0898876404494382,56.9025886480208,,
AP-LLET83,2025-04-02,9,0.5397951142631994,2.5405831363278173,59.49044926514839,,
AP-LLET83,2025-04-15,4,0.0,2.0,59.55173843999844,,
AP-LLET83,2025-04-15,20,0.0,2.0,60.33909490670193,,
AP-LLET83,2025-04-15,21,0.9941944847605225,2.830188679245283,60.23524246198002,,
AP-LLET83,2025-04-25,11,1.2331288343558282,3.214723926380368,63.30360620982448,,
AP-LLET83,2025-04-28,10,0.0,5.0,60.97055476435447,,
AP-LLET83,2025-04-28,21,0.0,1.75,47.17027120660775,,
AP-LLET83,2025-04-28,23,0.8823529411764706,1.9294117647058824,52.634848880855785,,
AP-LLET83,2025-04-29,12,0.75,2.0,54.113892245764745,,
AP-LLET84,2025-01-21,9,2.46414499605989,21.020488573680062,56.21874446950838,,
AP-LLET84,2025-04-15,4,0.0,21.0,57.6096994250648,,
AP-LLET84,2025-04-15,20,2.2459016393442623,20.973067915690866,59.09833120041272,,
AP-LLET84,2025-04-28,10,0.0,21.0,57.96872959140417,,
AP-LLET84,2025-04-28,21,0.0,6.75,54.27246345500771,,
AP-LLET84,2025-04-28,23,0.6853932584269663,2.3146067415730336,54.56055784995072,,
AP-LLET85,2025-01-21,9,0.6225374310480694,2.5019700551615447,60.17975793425895,,
AP-LLET85,2025-04-15,4,0.0,2.0,62.931120829081316,,
AP-LLET85,2025-04-15,20,0.0,2.0,63.43393673077495,,
AP-LLET85,2025-04-15,21,0.6506447831184057,2.562719812426729,60.884401065522304,,
AP-LLET85,2025-04-28,10,0.0,3.0,59.7631070447322,,
AP-LLET85,2025-04-28,21,0.0,1.5,47.39301670841,,
AP-LLET85,2025-04-28,23,0.2808988764044944,1.8089887640449438,52.29770206468273,,
AP-LLET86,2025-01-23,4,2.486997635933806,3.0559495665878647,59.61964029841391,,
AP-LLET86,2025-04-15,4,0.0,2.0,58.2047997580185,,
AP-LLET86,2025-04-15,20,1.711943793911007,3.1370023419203745,59.45524747258554,,
AP-LLET86,2025-04-28,10,0.0,5.0,58.41727830392968,,
AP-LLET86,2025-04-28,21,2.75,2.0,51.43280158319145,,
AP-LLET86,2025-04-28,23,2.550561797752809,2.0224719101123596,58.152844252307325,,
AP-LLET87,2025-01-21,9,1.2170626349892009,3.193304535637149,58.708240405384196,,
AP-LLET87,2025-04-10,11,0.6763848396501457,2.4518950437317786,58.69854830667098,,
AP-LLET87,2025-04-15,4,0.0,2.0,60.83084897467215,,
AP-LLET87,2025-04-15,20,1.6194379391100702,3.0327868852459017,59.867260731758876,,
AP-LLET87,2025-04-28,10,0.0,5.0,57.47778470635683,,
AP-LLET87,2025-04-28,21,0.0,2.0,49.34888344214099,,
AP-LLET87,2025-04-28,23,1.2921348314606742,2.0786516853932584,53.830065693326915,,
AP-LLET88,2025-04-02,9,2.800630417651694,2.966903073286052,58.989568435760916,,
AP-LLET88,2025-04-15,4,0.0,2.0,60.69320552730656,,
AP-LLET88,2025-04-15,20,6.030480656506448,3.3528722157092616,60.32582403476946,,
AP-LLET88,2025-04-28,10,0.9090909090909091,5.0,58.591832666127395,,
AP-LLET88,2025-04-28,21,0.25,2.75,53.58197889479075,,
AP-LLET88,2025-04-28,23,1.188235294117647,2.0,55.46100199979808,,
AP-LLET88,2025-04-29,12,0.5,2.0,57.73634997920472,,
AP-LLET89,2025-01-21,9,3.0929866036249014,2.9613869188337274,60.047471246016606,,
AP-LLET89,2025-04-15,4,0.009345794392523364,2.0,62.54259169215701,,
AP-LLET89,2025-04-15,20,4.947306791569087,3.4836065573770494,62.23561225051649,,
AP-LLET89,2025-04-28,10,0.0,6.0,57.88731361581311,,
AP-LLET89,2025-04-28,21,0.25,2.0,53.78696444264053,,
AP-LLET89,2025-04-28,23,0.39325842696629215,2.0224719101123596,56.28285474160949,,
AP-LLET90,2025-02-16,2,5.983050847457627,3.993408662900188,58.57553442298219,,
AP-LLET90,2025-04-11,14,0.004830917874396135,1.357487922705314,55.81327856951022,,
AP-LLET90,2025-04-15,4,0.0,2.0,57.82190010086631,,
AP-LLET90,2025-04-15,20,7.973067915690867,3.7903981264637,58.32930092578429,,
AP-LLET90,2025-04-28,10,0.4,7.0,57.33934997834539,,
AP-LLET90,2025-04-28,21,0.0,2.0,49.0396010183961,,
AP-LLET90,2025-04-28,23,0.0449438202247191,1.9775280898876404,53.288386398782905,,
AP-LLET91,2025-03-26,12,9.257683215130024,3.78408195429472,58.898819005748656,,
AP-LLET91,2025-04-15,4,0.0,2.0,60.705962689936,,
AP-LLET91,2025-04-15,20,10.528103044496486,4.425058548009368,60.34088945275529,,
AP-LLET91,2025-04-28,10,0.0,10.0,58.413096332009616,,
AP-LLET91,2025-04-28,23,0.0,2.0,50.3486489375989,,
AP-LLET92,2025-04-02,9,15.446808510638299,4.488573680063042,60.568683359931875,,
AP-LLET92,2025-04-15,4,0.0,2.0,62.778004460388125,,
AP-LLET92,2025-04-15,20,0.0,2.0,62.778004460388125,,
AP-LLET92,2025-04-15,21,14.077464788732394,5.299295774647887,62.01248323711463,,
AP-LLET92,2025-04-28,10,0.0,8.0,56.82944658189676,,
AP-LLET92,2025-04-28,23,0.0,1.75,50.344907358341906,,
AP-LLET92,2025-04-29,5,0.1038961038961039,1.6493506493506493,51.96035053339226,,
AP-LLET93,2025-02-26,13,6.4247438928289995,3.9684791174152876,58.79454865315621,,
AP-LLET93,2025-04-15,4,0.0,3.0,61.79468669090407,,
AP-LLET93,2025-04-15,20,8.737397420867527,4.460726846424384,59.512616709380865,,
AP-LLET93,2025-04-28,10,0.3333333333333333,9.0,56.77781283441454,,
AP-LLET93,2025-04-28,23,0.0,2.0,48.47189952373259,,
AP-LLET93,2025-04-29,5,0.14285714285714285,1.9870129870129871,50.64464779091742,,
AP-LLET94,2025-02-17,11,8.304176516942475,3.685579196217494,57.701239244135884,,
AP-LLET94,2025-04-15,4,0.0,2.0,62.18641036368561,,
AP-LLET94,2025-04-15,20,8.09016393442623,3.898126463700234,59.6425990741964,,
AP-LLET94,2025-04-28,10,0.0,5.0,57.69512551071616,,
AP-LLET94,2025-04-28,23,0.0,2.0,50.26452883311616,,
AP-LLET95,2025-03-26,12,10.152876280535855,3.764381402679275,59.80693182178449,,
AP-LLET95,2025-04-15,4,0.0,2.0,63.35217703146447,,
AP-LLET95,2025-04-15,20,9.736533957845433,3.930913348946136,61.93653375784304,,
AP-LLET95,2025-04-28,10,0.0,9.0,61.26861693595511,,
AP-LLET95,2025-04-28,23,0.011235955056179775,2.0,49.26058221056474,,
AP-LLET97,2025-02-13,16,8.220338983050848,4.263653483992467,58.21803471253112,,
AP-LLET97,2025-04-11,14,0.0,2.135265700483092,51.93205611715362,,
AP-LLET97,2025-04-15,4,0.0,2.0,53.03954885116076,,
AP-LLET97,2025-04-15,20,8.88407494145199,3.8817330210772836,57.93271678392028,,
AP-LLET97,2025-04-28,10,1.2,10.0,60.24124822122976,,
AP-LLET97,2025-04-28,21,0.0,2.0,48.296252824263235,,
AP-LLET97,2025-04-28,23,0.0,2.0,52.439912885798016,,
AP-LLET98,2025-04-02,15,13.560283687943262,10.182033096926714,67.94593599046236,17.124507486209612,5.643026004728132
AP-LLET98,2025-04-15,4,0.0,4.0,67.18612244492914,17.0,1.0
AP-LLET98,2025-04-15,20,14.182669789227166,14.021077283372366,67.66005866830253,17.285714285714285,7.540983606557377
AP-LLET98,2025-04-28,10,0.0,42.0,68.64336679159982,17.0,22.0
AP-LLET98,2025-04-28,23,0.011235955056179775,4.0,65.63353931563151,17.0,1.0
AP-LLET99,2025-04-02,15,8.92434988179669,8.223798266351459,67.04038956977324,16.96690307328605,4.157604412923562
AP-LLET99,2025-04-15,4,0.0,4.0,67.29518353541395,17.0,1.0
AP-LLET99,2025-04-15,20,9.62485345838218,10.193434935521688,67.80552097519816,17.0,4.584994138335287
AP-LLET99,2025-04-28,10,0.3333333333333333,42.0,68.63321466773633,17.0,71.0
AP-LLET99,2025-04-28,23,0.0,4.01123595505618,65.345319019014,17.0,1.0
AP-LLETEXT01,2025-04-03,9,0.001352569882777277,7.0009017132551845,54.90384854217557,18.0,10.005410279531109
AP-LLETEXT02,2025-04-03,9,0.0018034265103697023,2.000901713255185,55.471473048683784,18.0,4.008566275924256
AP-MED01,2025-04-01,14,4.291616038882139,6.944106925880924,66.3391509514853,20.888213851761847,5.155528554070474
AP-MED01,2025-04-09,15,5.365470852017937,7.134529147982063,66.87361571275927,21.0,3.993273542600897
AP-MED01,2025-04-15,4,0.009345794392523364,4.0,66.95539176360477,21.0,2.0
AP-MED01,2025-04-15,20,6.562937062937063,9.052447552447552,68.38647921286731,21.0,4.576923076923077
AP-MED01,2025-04-28,15,3.6666666666666665,7.0,70.55739360138945,21.0,1.3333333333333333
AP-MED01,2025-04-28,20,1.0,5.0,70.47211358470385,21.0,1.0
AP-MED01,2025-04-28,21,4.75,6.5,70.6250834041044,21.0,1.0
AP-MED01,2025-04-28,23,8.303370786516854,10.764044943820224,70.86746825891288,21.0,5.49438202247191
AP-MED02,2025-04-02,9,1.2411347517730495,4.96769109535067,67.49805253238092,15.875492513790386,1.1599684791174152
AP-MED02,2025-04-15,4,0.0,5.0,67.34941168605428,17.0,1.0
AP-MED02,2025-04-15,20,0.9742388758782201,6.601873536299766,67.46224572321357,16.144028103044498,1.4063231850117095
AP-MED02,2025-04-28,10,0.0,9.0,67.26584436421982,16.0,2.0
AP-MED02,2025-04-29,11,0.45454545454545453,8.090909090909092,64.86907273842137,16.0,1.2727272727272727
AP-MED03,2025-04-01,14,3.7549251379038613,6.757289204097715,68.22892182252183,15.9204097714736,2.3412135539795114
AP-MED03,2025-04-15,4,0.0,5.0,68.33592392031021,16.0,1.0
AP-MED03,2025-04-15,20,4.840749414519906,8.532786885245901,68.51584538786446,16.0,2.6920374707259955
AP-MED03,2025-04-28,10,0.0,8.0,68.9736829528931,16.0,3.0
AP-MED03,2025-04-28,21,0.0,4.25,65.39803066424531,16.0,1.5
AP-MED03,2025-04-28,23,3.033707865168539,5.707865168539326,66.055558508874,16.0,2.6292134831460676
AP-MED04,2025-04-01,14,0.2899921197793538,4.414499605988968,65.48454464260996,15.31678486997636,1.0937746256895193
AP-MED04,2025-04-15,4,0.0,4.0,65.75912555154433,15.0,1.0
AP-MED04,2025-04-15,20,0.12895662368112543,4.906213364595545,66.44025393773164,15.22860492379836,1.071512309495897
AP-MED04,2025-04-28,10,0.2,11.8,64.84523331996256,15.0,1.4
AP-MED04,2025-04-28,15,0.0,4.0,65.48569283925548,15.0,1.0
AP-MED04,2025-04-28,20,0.0,4.0,65.53767214868299,15.0,1.0
AP-MED04,2025-04-28,21,0.0,4.0,65.1503792324237,15.0,1.0
AP-MED04,2025-04-28,23,0.011235955056179775,4.033707865168539,65.37662195721053,15.0,1.0
AP-MED05,2025-04-01,14,4.745468873128448,7.137115839243499,67.6822294701522,16.016548463356973,2.4704491725768323
AP-MED05,2025-04-15,4,0.0,5.0,68.30375050140394,16.0,1.0
AP-MED05,2025-04-15,20,6.88056206088993,9.490632318501172,69.00615426080174,16.0,2.989461358313817
AP-MED05,2025-04-28,10,0.0,10.0,69.99933146142531,16.0,2.0
AP-MED05,2025-04-28,21,0.0,4.75,65.53494152115508,16.0,1.25
AP-MED05,2025-04-28,23,1.0,4.831460674157303,66.03581418861154,16.0,1.4157303370786516
AP-MED06,2025-04-01,14,11.915681639085895,9.44286840031521,67.88771988211167,15.40977147360126,4.275019700551615
AP-MED06,2025-04-15,4,0.009345794392523364,5.0,68.480011165219,15.0,1.0
AP-MED06,2025-04-15,20,14.141686182669789,13.788056206088992,68.85545722684977,15.450819672131148,5.912177985948477
AP-MED06,2025-04-28,10,15.428571428571429,12.571428571428571,65.9937109621225,15.0,4.0
AP-MED06,2025-04-28,20,0.0,4.0,66.85866258858137,15.0,1.0
AP-MED06,2025-04-28,21,0.0,6.75,65.41328251656722,15.0,1.0
AP-MED06,2025-04-28,23,0.5176470588235295,4.270588235294118,65.8337453709234,15.91764705882353,1.0235294117647058
AP-MED06,2025-04-29,12,5.5,9.25,66.66215370485276,16.0,2.25
AP-MED07,2025-04-02,9,0.15524034672970843,5.729708431836092,65.62022147738978,15.072498029944839,1.2411347517730495
AP-MED07,2025-04-15,4,0.0,5.0,65.8848943709052,15.0,1.0
AP-MED07,2025-04-15,20,0.0,5.0,67.19247160277945,15.0,1.0
AP-MED07,2025-04-15,21,1.05978898007034,6.173505275498242,66.78895853773282,15.0,3.033997655334115
AP-MED07,2025-04-28,10,0.75,14.5,64.43495890054652,15.0,2.5
AP-MED07,2025-04-28,12,0.3333333333333333,4.0,66.02854746763158,15.0,1.0
AP-MED07,2025-04-28,20,0.0,4.0,66.08357567856665,15.0,1.0
AP-MED07,2025-04-28,21,0.0,4.0,65.63808840534747,15.0,1.0
AP-MED07,2025-04-28,23,0.06741573033707865,4.53932584269663,65.52952580192704,15.0,1.0786516853932584
AP-MED08,2025-02-22,9,0.8920409771473601,5.944050433412135,68.12032997157523,16.82821118991332,1.3349093774625689
AP-MED08,2025-04-15,4,0.0,5.0,69.85860539719549,17.0,1.0
AP-MED08,2025-04-15,20,1.5772833723653397,6.587822014051523,69.97967800400255,16.82903981264637,1.6522248243559718
AP-MED08,2025-04-28,10,3.0,13.0,64.68670545757287,17.0,2.5
AP-MED08,2025-04-28,15,0.0,4.0,66.09161141648003,17.0,1.0
AP-MED08,2025-04-28,20,0.0,4.0,66.13183580692605,17.0,1.0
AP-MED08,2025-04-28,22,0.0,4.0,65.35326692516826,17.0,1.0
AP-MED08,2025-04-28,23,0.9325842696629213,4.606741573033708,65.71122182402158,17.0,1.2359550561797752
AP-MED09,2025-02-22,9,2.8037825059101653,3.0354609929078014,59.23237624355238,,
AP-MED09,2025-04-15,4,0.0,2.0,63.42743599569876,,
AP-MED09,2025-04-15,20,2.9662004662004664,3.5687645687645686,60.92744749168831,,
AP-MED09,2025-04-28,15,2.0,1.6666666666666667,55.173401216858345,,
AP-MED09,2025-04-28,20,0.0,2.0,55.365870984447646,,
AP-MED09,2025-04-28,21,0.0,1.5,55.341798687605554,,
AP-MED09,2025-04-28,23,2.3146067415730336,1.8764044943820224,56.194494854932245,,
AP-MED11,2025-04-02,9,3.8486997635933804,5.588652482269503,67.60238273904932,15.886524822695035,1.8518518518518519
AP-MED11,2025-04-15,4,0.018691588785046728,4.0,66.93552954527546,17.0,1.0
AP-MED11,2025-04-15,20,3.298594847775176,7.364168618266979,67.08043580585847,16.144028103044498,2.530444964871194
AP-MED11,2025-04-28,10,0.0,10.0,67.14851715010363,16.0,4.0
AP-MED11,2025-04-29,11,1.0909090909090908,7.636363636363637,65.25729636495444,16.0,1.6363636363636365
AP-MED12,2025-04-02,9,2.8772782503037666,3.138517618469016,60.420496856304815,,
AP-MED12,2025-04-09,15,2.905829596412556,3.190582959641256,62.916703114525326,,
AP-MED12,2025-04-15,4,0.018691588785046728,4.0,61.05197790085632,,
AP-MED12,2025-04-15,20,2.0,4.0,61.05197790085632,,
AP-MED12,2025-04-15,21,3.046674445740957,3.423570595099183,62.87865475525028,,
AP-MED12,2025-04-28,15,1.0,2.0,61.45731171005607,,
AP-MED12,2025-04-28,20,0.0,3.0,60.674626544178814,,
AP-MED12,2025-04-28,21,1.0,3.75,61.656920010621064,,
AP-MED12,2025-04-28,23,2.9887640449438204,3.359550561797753,60.754258688608274,,
AP-MED13,2025-02-22,9,3.5169424743892828,5.947990543735225,69.47841597017641,19.0,1.9558707643814026
AP-MED13,2025-04-15,4,0.0,4.0,68.09665504563478,19.0,1.0
AP-MED13,2025-04-15,20,3.5644028103044496,6.447306791569087,68.29373754810821,19.0,2.2939110070257613
AP-MED13,2025-04-28,10,6.75,14.0,63.27466907340554,19.0,2.25
AP-MED13,2025-04-28,15,0.0,3.6666666666666665,64.76623369218534,19.0,1.0
AP-MED13,2025-04-28,20,0.0,4.0,64.82087344564782,19.0,1.0
AP-MED13,2025-04-28,21,0.0,5.25,63.781462443800976,19.0,1.0
AP-MED13,2025-04-28,23,2.4831460674157304,4.719101123595506,64.59585541089254,19.0,1.7752808988764044
AP-MED14,2025-04-02,9,1.3814026792750198,2.525610717100079,58.09066919237329,,
AP-MED14,2025-04-15,4,0.0,2.0,56.60815275399047,,
AP-MED14,2025-04-15,20,1.4900351699882766,2.7772567409144195,59.297649709181655,,
AP-MED14,2025-04-28,10,0.0,4.0,58.760393345967096,,
AP-MED14,2025-04-28,21,0.0,1.25,47.329037550670606,,
AP-MED14,2025-04-28,23,1.146067415730337,2.044943820224719,52.48291154034494,,
AP-MED15,2025-02-22,9,3.830575256107171,7.5626477541371155,68.37876141530687,17.3672182821119,2.0181245074862098
AP-MED15,2025-04-15,4,0.009345794392523364,5.0,68.41599625368477,19.0,1.0
AP-MED15,2025-04-15,20,1.0,5.0,69.26460822072636,19.0,1.0
AP-MED15,2025-04-15,21,3.2312206572769955,8.268779342723004,68.5906929767014,19.0,2.494131455399061
AP-MED15,2025-04-28,10,0.18181818181818182,7.0,68.42492311806392,19.0,3.0
AP-MED15,2025-04-28,21,0.0,4.5,63.817188289972336,19.0,1.5
AP-MED15,2025-04-28,23,0.07058823529411765,3.4,63.89620932483503,19.0,1.0
AP-MED15,2025-04-29,12,0.25,4.0,64.1988404120078,19.0,1.0
AP-MED17,2025-04-01,14,0.1434200157604413,4.425531914893617,65.5930482120936,15.0,1.0527974783293932
AP-MED17,2025-04-15,4,0.0,4.0,65.90369701831796,15.0,1.0
AP-MED17,2025-04-15,20,0.0,4.0,67.20584237427296,15.0,1.0
AP-MED17,2025-04-15,21,0.09976525821596244,4.881455399061033,67.59291360601964,15.0,1.0481220657276995
AP-MED17,2025-04-28,10,0.0,5.0,68.84401323706378,15.0,1.0
AP-MED17,2025-04-28,22,0.0,4.0,65.54976111932856,15.0,1.0
AP-MED17,2025-04-28,23,0.0,4.044943820224719,65.52034296950234,15.0,1.0
AP-MED18,2025-04-01,14,0.39952718676122934,4.987391646966115,65.75488320525076,15.0,1.1126871552403468
AP-MED18,2025-04-15,4,0.0,5.0,65.90202567188128,15.0,1.0
AP-MED18,2025-04-15,20,0.8077373974208675,5.998827667057444,66.75936294767322,15.0,1.518171160609613
AP-MED18,2025-04-28,10,0.0,16.0,67.36696082363953,15.0,9.0
AP-MED18,2025-04-28,21,0.0,4.5,65.34149786067655,15.0,3.0
AP-MED18,2025-04-28,23,0.07865168539325842,4.134831460674158,65.53714072008131,15.0,1.0561797752808988
AP-MED19,2025-04-02,9,1.5681639085894405,5.9763593380614655,69.56972870483868,15.0,2.1055949566587864
AP-MED19,2025-04-15,4,0.0,5.0,70.41152727637385,15.0,2.0
AP-MED19,2025-04-15,20,1.0,5.0,70.41152727637385,15.0,2.0
AP-MED19,2025-04-15,21,1.4806565064478312,6.235638921453693,70.3154269457534,15.0,2.1090269636576786
AP-MED19,2025-04-28,10,0.0,7.0,70.48435489161318,15.0,1.0
AP-MED19,2025-04-28,21,0.0,4.5,63.9719551332272,15.0,1.0
AP-MED19,2025-04-28,23,0.8764044943820225,4.584269662921348,64.37387417388068,15.0,1.0561797752808988
AP-MED20,2025-02-22,9,0.6028368794326241,3.2474389282899923,58.875172117937055,,
AP-MED20,2025-04-15,4,0.0,3.0,61.22806509951637,,
AP-MED20,2025-04-15,20,0.0,3.0,61.22613125204802,,
AP-MED20,2025-04-15,21,0.6975381008206331,3.3188745603751464,60.92129527436085,,
AP-MED20,2025-04-28,10,0.0,3.0,59.75866011911173,,
AP-MED20,2025-04-28,21,0.0,2.75,46.06549752146554,,
AP-MED20,2025-04-28,23,0.07865168539325842,2.1123595505617976,47.709845052565655,,
AP-MED21,2025-02-22,9,6.55397951142632,3.84160756501182,58.08579949650949,,
AP-MED21,2025-04-15,4,0.018691588785046728,2.0,57.932975330980774,,
AP-MED21,2025-04-15,20,6.763403263403263,3.9428904428904428,57.82772578648274,,
AP-MED21,2025-04-28,15,0.0,1.6666666666666667,57.88192861087496,,
AP-MED21,2025-04-28,20,0.0,2.0,58.19710177888482,,
AP-MED21,2025-04-28,21,1.0,2.0,48.78840790323948,,
AP-MED21,2025-04-28,23,6.449438202247191,2.3820224719101124,53.67153495529906,,
AP-MED22,2025-03-07,13,3.372734436564224,2.8620961386918835,58.35187937852848,,
AP-MED22,2025-04-15,4,0.0,2.0,60.50591548521186,,
AP-MED22,2025-04-15,20,3.3454332552693207,2.9508196721311477,62.06254283398591,,
AP-MED22,2025-04-28,10,9.5,4.75,47.98958323785452,,
AP-MED22,2025-04-28,15,0.0,1.6666666666666667,57.56383856519026,,
AP-MED22,2025-04-28,20,0.0,2.0,57.49397910618084,,
AP-MED22,2025-04-28,21,0.0,2.0,47.56604669171649,,
AP-MED22,2025-04-28,23,1.247191011235955,2.0112359550561796,55.5586523991671,,
AP-MED23,2025-04-01,14,1.5200945626477542,4.6729708431836094,66.02632443086259,15.0,1.7226162332545312
AP-MED23,2025-04-15,4,0.0,4.0,66.09130565583634,15.0,1.0
AP-MED23,2025-04-15,20,1.639344262295082,5.161592505854801,67.08802049286255,15.0,1.6826697892271663
AP-MED23,2025-04-28,10,0.0,5.0,67.8748412220885,15.0,1.0
AP-MED23,2025-04-28,21,0.0,5.5,65.0308779622004,15.0,1.0
AP-MED23,2025-04-28,23,1.2705882352941176,5.976470588235294,65.42254172590116,15.0,1.588235294117647
AP-MED23,2025-04-29,12,2.5,7.0,66.55514591246114,15.0,1.75
AP-MED24,2025-04-01,14,0.5831363278171788,4.297872340425532,65.70322650040237,15.0,1.2576832151300237
AP-MED24,2025-04-15,4,0.0,4.0,65.72235592993717,15.0,1.0
AP-MED24,2025-04-15,20,1.9976553341148886,4.856975381008207,67.58991079061035,15.0,1.5920281359906214
AP-MED24,2025-04-28,10,0.0,7.0,68.85195213263806,15.0,1.0
AP-MED24,2025-04-28,21,0.0,6.5,65.1552684104033,15.0,1.0
AP-MED24,2025-04-28,23,0.30337078651685395,5.382022471910112,65.68772346629552,15.0,1.595505617977528
AP-MED25,2025-02-22,9,5.6158833063209075,7.0907617504051865,69.33185967795863,17.0,2.700162074554295
AP-MED25,2025-04-08,6,5.895705521472393,9.056748466257668,69.29395861902591,17.0,3.526073619631902
AP-MED25,2025-04-15,4,0.0,5.0,68.90668872843963,17.0,1.0
AP-MED25,2025-04-15,20,5.648018648018648,8.235431235431236,69.06031471422966,16.972027972027973,2.768065268065268
AP-MED25,2025-04-28,15,1.6666666666666667,4.0,64.67436622020826,17.0,1.0
AP-MED25,2025-04-28,20,0.0,4.0,64.7139072736997,17.0,1.0
AP-MED25,2025-04-28,21,1.25,4.0,65.37284539941001,17.0,1.0
AP-MED25,2025-04-28,23,5.977528089887641,5.797752808988764,66.1829621799888,16.078651685393258,2.235955056179775
AP-MED26,2025-02-22,9,6.300236406619385,2.976359338061466,59.32581533762699,,
AP-MED26,2025-04-15,4,0.0,2.0,59.258703227794875,,
AP-MED26,2025-04-15,20,6.079718640093787,3.2555685814771396,59.89663984385692,,
AP-MED26,2025-04-28,10,8.6,4.4,50.81969370779359,,
AP-MED26,2025-04-28,15,0.0,1.3333333333333333,58.64317759020647,,
AP-MED26,2025-04-28,20,0.0,1.0,59.87586990744666,,
AP-MED26,2025-04-28,21,0.0,1.75,49.72093035412709,,
AP-MED26,2025-04-28,23,0.03529411764705882,2.0,51.32253804684591,,
AP-MED26,2025-04-29,12,10.75,3.25,54.618054381961834,,
AP-MED27,2025-04-02,9,7.650118203309693,3.46414499605989,59.22019983417637,,
AP-MED27,2025-04-15,4,0.0,2.0,64.0849029095067,,
AP-MED27,2025-04-15,20,6.201641266119578,3.6623681125439624,62.435811841046274,,
AP-MED27,2025-04-28,10,3.375,4.0,53.67728569470574,,
AP-MED27,2025-04-28,20,0.0,2.0,60.370030041453084,,
AP-MED27,2025-04-28,21,0.0,2.0,53.09853148337408,,
AP-MED27,2025-04-28,23,0.056179775280898875,2.0,56.27635661733686,,
AP-MED28,2025-03-24,9,5.121355397951143,3.10795902285264,56.769410002144994,,
AP-MED28,2025-04-15,4,0.009345794392523364,2.0186915887850465,60.13407066818327,,
AP-MED28,2025-04-15,20,5.17096018735363,3.6334894613583137,59.05997238966105,,
AP-MED28,2025-04-28,10,0.0,5.0,54.340428554733414,,
AP-MED28,2025-04-29,11,2.0,2.857142857142857,50.169946316083745,,
AP-MED28,2025-04-29,12,11.0,4.5,53.98397542117613,,
AP-MED29,2025-03-24,9,5.930654058313633,3.0764381402679275,56.26605381404642,,
AP-MED29,2025-04-15,4,0.0,2.9906542056074765,56.899202586937534,,
AP-MED29,2025-04-15,20,4.017564402810304,3.104215456674473,59.1499336335841,,
AP-MED29,2025-04-28,10,0.0,5.0,57.992149350247594,,
AP-MED29,2025-04-29,11,5.363636363636363,2.727272727272727,51.279491690427,,
AP-MED30,2025-03-24,9,4.271079590228527,2.4830575256107172,57.863753815737326,,
AP-MED30,2025-04-15,4,0.0,3.0,59.03959009800709,,
AP-MED30,2025-04-15,20,0.0,16.0,59.67616642644198,,
AP-MED30,2025-04-15,21,12.246478873239436,4.265258215962441,58.16049913622068,,
AP-MED30,2025-04-28,10,0.0,3.0,57.60351239811457,,
AP-MED30,2025-04-29,11,1.0,3.7142857142857144,49.17194961157583,,
AP-MED30,2025-04-29,12,5.25,2.5,55.60564155172928,,
AP-MED31,2025-04-02,9,3.3585500394011034,2.732072498029945,58.51788135037946,,
AP-MED31,2025-04-15,4,0.0,2.0,59.496304591223726,,
AP-MED31,2025-04-15,20,0.0,2.0,59.49750528188782,,
AP-MED31,2025-04-15,21,0.0,2.0,62.55587372277995,,
AP-MED31,2025-04-15,23,6.907910271546635,3.1723730814639906,60.434055406935215,,
AP-MED31,2025-04-28,10,0.0,3.0,57.127247380252385,,
AP-MED31,2025-04-28,21,0.0,1.25,50.096907711040636,,
AP-MED31,2025-04-28,23,0.1797752808988764,1.6629213483146068,50.37650214506774,,
AP-MED32,2025-02-22,9,0.26083530338849487,2.070133963750985,57.57189657618546,,
AP-MED32,2025-04-15,4,0.0,2.0,60.53490285221943,,
AP-MED32,2025-04-15,20,0.2259953161592506,1.9074941451990632,60.27996151383739,,
AP-MED32,2025-04-28,10,0.0,2.0,58.58381244600673,,
AP-MED32,2025-04-28,21,0.0,1.0,49.462186953622506,,
AP-MED32,2025-04-28,23,0.0449438202247191,1.348314606741573,51.3474734169611,,
AP-MED33,2025-02-22,9,4.062253743104807,3.10795902285264,59.703840262893806,,
AP-MED33,2025-04-15,4,0.0,2.9906542056074765,61.474386879603045,,
AP-MED33,2025-04-15,20,3.63231850117096,3.2927400468384076,61.622300924753915,,
AP-MED33,2025-04-28,10,0.0,5.0,59.70137283253551,,
AP-MED33,2025-04-28,21,0.0,1.0,51.22443608543368,,
AP-MED33,2025-04-28,23,0.14606741573033707,1.2921348314606742,53.26267579215379,,
AP-MED34,2025-03-10,1,5.33806146572104,2.4806934594168637,59.523746597597906,,
AP-MED34,2025-04-15,4,0.0,2.0,61.51909843559877,,
AP-MED34,2025-04-15,20,8.772833723653395,3.2763466042154565,61.2311407284251,,
AP-MED34,2025-04-28,10,0.0,3.0,62.548665549946485,,
AP-MED34,2025-04-28,21,0.0,2.0,49.7085795731868,,
AP-MED34,2025-04-28,23,0.10112359550561797,1.0898876404494382,53.681330719235056,,
AP-MED36,2025-02-22,9,1.4759653270291568,2.6556343577620174,59.545450931756996,,
AP-MED36,2025-04-15,4,0.0,2.0,61.08011669993149,,
AP-MED36,2025-04-15,20,2.522248243559719,2.84192037470726,58.90714169858463,,
AP-MED36,2025-04-28,10,0.0,5.0,55.35550198557735,,
AP-MED36,2025-04-28,21,0.0,2.0,48.66326919639686,,
AP-MED36,2025-04-28,23,0.0,2.067415730337079,51.66962513394605,,
AP-MED37,2025-02-22,9,3.2797478329393224,2.9850275807722615,58.3337468068071,,
AP-MED37,2025-04-15,4,0.0,2.9906542056074765,60.535943125096225,,
AP-MED37,2025-04-15,20,3.250585480093677,3.17096018735363,61.1495246707807,,
AP-MED37,2025-04-28,10,0.0,5.0,57.20920400461048,,
AP-MED37,2025-04-28,22,0.0,2.0,48.14283090664387,,
AP-MED37,2025-04-28,23,0.07865168539325842,2.0112359550561796,49.617458069182085,,
AP-MED38,2025-03-10,1,1.584931506849315,1.9287671232876713,59.55183629924003,,
AP-MED38,2025-04-09,2,1.7365491651205938,1.6066790352504638,57.92230322107217,,
AP-MED38,2025-04-15,4,0.0,1.0,62.36975735396898,,
AP-MED38,2025-04-15,20,0.0,1.0,62.36975735396898,,
AP-MED38,2025-04-15,21,2.0140845070422535,2.068075117370892,60.65263095349923,,
AP-MED38,2025-04-28,10,0.0,4.0,59.76937284170148,,
AP-MED38,2025-04-28,21,0.25,1.25,50.04514238182205,,
AP-MED38,2025-04-28,23,2.070588235294118,1.9294117647058824,53.2677744505846,,
AP-MED38,2025-04-29,12,1.75,2.0,54.96130816664642,,
AP-MED39,2025-02-22,9,1.5366430260047281,2.242710795902285,56.65755876457176,,
AP-MED39,2025-04-15,4,0.018691588785046728,2.0,55.774787636028655,,
AP-MED39,2025-04-15,20,1.8114754098360655,2.4473067915690865,58.91451760024158,,
AP-MED39,2025-04-28,10,0.0,3.0,59.60245559089545,,
AP-MED39,2025-04-28,21,0.0,2.0,47.41862323039572,,
AP-MED39,2025-04-28,23,0.0449438202247191,1.7640449438202248,47.96598290739185,,
AP-MED40,2025-04-02,9,2.8573680063041764,2.504334121355398,59.645229548017504,,
AP-MED40,2025-04-15,4,0.0,1.9906542056074767,62.265537223629806,,
AP-MED40,2025-04-15,20,2.0971896955503513,2.4824355971896956,61.272804601386234,,
AP-MED40,2025-04-28,10,0.0,3.0,60.651425193115436,,
AP-MED40,2025-04-28,21,0.75,2.75,49.279715309397176,,
AP-MED40,2025-04-28,23,2.0588235294117645,1.988235294117647,55.15243338196238,,
AP-MED40,2025-04-29,12,3.5,2.5,54.94985070933119,,
AP-MED41,2025-02-22,9,0.7163120567375887,1.9763593380614657,58.4754931767474,,
AP-MED41,2025-04-15,4,0.0,2.0,59.46099537806172,,
AP-MED41,2025-04-15,20,0.3786635404454865,2.159437280187573,60.2972289815773,,
AP-MED41,2025-04-28,10,0.0,2.0,57.62466930913823,,
AP-MED41,2025-04-28,21,0.0,2.0,48.49515428325584,,
AP-MED41,2025-04-28,23,0.03529411764705882,1.0588235294117647,52.09035087148791,,
AP-MED41,2025-04-29,12,0.5,1.5,53.98845636112301,,
AP-MED42,2025-02-22,9,1.3404255319148937,2.6067769897557134,58.45383156822762,,
AP-MED42,2025-04-15,4,0.0,2.0,57.13788133282309,,
AP-MED42,2025-04-15,20,1.2177985948477752,2.730679156908665,59.0601128407808,,
AP-MED42,2025-04-28,10,0.0,4.0,56.89147081098174,,
AP-MED42,2025-04-28,22,0.0,2.0,47.60510856513679,,
AP-MED42,2025-04-28,23,0.5730337078651685,1.9775280898876404,54.45123005201969,,
AP-MED43,2025-04-02,9,3.045705279747833,21.04728132387707,56.718529154745205,,
AP-MED43,2025-04-15,4,0.018691588785046728,21.0,58.62643418721943,,
AP-MED43,2025-04-15,20,2.5257611241217797,21.046838407494146,58.87209006729064,,
AP-MED43,2025-04-28,10,0.0,21.0,58.32143667348769,,
AP-MED43,2025-04-28,21,1.75,3.0,50.3817508412638,,
AP-MED43,2025-04-28,23,2.932584269662921,2.1123595505617976,53.24216151253164,,
AP-MED44,2025-02-22,9,0.6871552403467297,2.561859732072498,58.58080641809579,,
AP-MED44,2025-04-15,4,0.0,2.0,57.99690847819503,,
AP-MED44,2025-04-15,20,0.9168618266978923,2.810304449648712,59.901339481205476,,
AP-MED44,2025-04-28,10,0.0,4.0,58.790275826827404,,
AP-MED44,2025-04-28,21,0.0,3.0,48.564953471265845,,
AP-MED44,2025-04-28,23,0.02247191011235955,2.0224719101123596,49.64905824335346,,
AP-MED45,2025-04-01,14,2.05043341213554,5.06461780929866,65.999188642551,15.0,1.5516154452324664
AP-MED45,2025-04-15,4,0.0,4.0,65.9787383804813,15.0,1.0
AP-MED45,2025-04-15,20,1.810304449648712,6.029274004683841,66.85540477641406,15.0,1.7740046838407495
AP-MED45,2025-04-28,10,10.0,15.5,64.73454856541024,15.0,4.75
AP-MED45,2025-04-28,15,0.0,4.0,65.78603357630533,15.0,1.0
AP-MED45,2025-04-28,20,0.0,4.0,65.8082637896527,15.0,1.0
AP-MED45,2025-04-28,22,0.0,4.0,65.19460000153207,15.0,1.0
AP-MED45,2025-04-28,23,0.3707865168539326,4.123595505617978,65.53323461532648,15.0,1.0561797752808988
AP-MED46,2025-04-01,14,0.7628053585500394,4.766745468873128,65.78242812524218,15.0,1.3356973995271868
AP-MED46,2025-04-15,4,0.0,4.0,65.84129899656538,15.0,1.0
AP-MED46,2025-04-15,20,2.0468384074941453,5.76112412177986,66.45474906032265,15.0,1.6416861826697893
AP-MED46,2025-04-28,10,4.714285714285714,10.0,65.11740033552279,15.0,2.857142857142857
AP-MED46,2025-04-28,20,0.0,4.0,65.74976666436856,15.0,1.0
AP-MED46,2025-04-28,21,0.0,3.75,65.08185402851944,15.0,1.0
AP-MED46,2025-04-28,23,0.23595505617977527,4.044943820224719,65.3594134488905,15.0,1.0561797752808988
AP-MED47,2025-04-01,14,0.5634357762017337,4.5626477541371155,65.59770891976157,15.0,1.211189913317573
AP-MED47,2025-04-15,4,0.0,5.0,65.80508757855328,15.0,1.0
AP-MED47,2025-04-15,20,0.0,4.0,67.18879594635814,15.0,1.0
AP-MED47,2025-04-15,21,2.60093896713615,6.18075117370892,66.68489186155605,15.0,1.6889671361502347
AP-MED47,2025-04-28,10,1.0,12.4,65.10392510487699,15.0,3.0
AP-MED47,2025-04-28,15,0.0,4.0,65.6905448537154,15.0,1.0
AP-MED47,2025-04-28,20,0.0,4.0,65.70229977269688,15.0,1.0
AP-MED47,2025-04-28,21,0.0,4.0,65.04959736872618,15.0,1.0
AP-MED47,2025-04-28,23,0.011764705882352941,4.152941176470589,65.24712139763396,15.0,1.011764705882353
AP-MED47,2025-04-29,12,1.25,5.0,65.22634307049321,15.0,1.25
AP-MED48,2025-04-02,9,2.625,6.798611111111111,72.03447558663751,15.0,1.5416666666666667
AP-MED48,2025-04-03,23,5.557333333333333,7.144888888888889,72.22337100159382,15.0,1.6382222222222222
AP-MED48,2025-04-15,4,0.0,5.0,70.87567519784564,15.0,1.0
AP-MED48,2025-04-15,20,2.635404454865182,7.548651817116061,70.01775177058386,15.0,1.977725674091442
AP-MED48,2025-04-28,10,0.0,7.0,70.29181708784597,15.0,3.0
AP-MED48,2025-04-28,21,0.0,4.75,66.95606013896202,15.0,1.5
AP-MED48,2025-04-28,23,0.2808988764044944,4.49438202247191,66.20211891751961,15.0,1.1235955056179776
AP-MED49,2025-02-22,9,2.211977935382191,5.93538219070134,68.66798947658086,15.0,1.375886524822695
AP-MED49,2025-04-15,4,0.0,5.0,68.53936348879668,15.0,1.0
AP-MED49,2025-04-15,20,4.304449648711944,7.395784543325527,68.63085619122815,15.0,2.439110070257611
AP-MED49,2025-04-28,10,0.0,9.0,69.37926193341356,15.0,3.0
AP-MED49,2025-04-28,22,0.0,4.0,63.98850157176204,15.0,1.0
AP-MED49,2025-04-28,23,0.3707865168539326,4.123595505617978,64.15579115583793,15.0,1.0674157303370786
AP-MED50,2025-02-27,3,3.045705279747833,7.720252167060678,70.20891130977415,15.0,1.7415287628053586
AP-MED50,2025-04-15,4,0.0,5.0,70.12234190629596,15.0,1.0
AP-MED50,2025-04-15,20,5.927400468384075,8.90046838407494,70.40751872903063,15.0,2.756440281030445
AP-MED50,2025-04-28,10,0.0,9.0,70.99085773499131,15.0,3.0
AP-MED50,2025-04-28,21,0.0,4.25,65.99687376607626,15.0,1.5
AP-MED50,2025-04-28,23,1.0786516853932584,4.808988764044944,66.667585085618,15.0,1.5280898876404494
AP-MED51,2025-02-22,9,4.215130023640662,6.360914105594957,71.43093435184275,15.0,1.3711583924349882
AP-MED51,2025-04-15,4,0.0,5.0,71.47982681678091,15.0,1.0
AP-MED51,2025-04-15,20,4.318874560375146,7.383352872215709,71.02903108194751,15.0,2.1512309495896833
AP-MED51,2025-04-28,10,0.0,10.0,71.6376688059901,15.0,4.0
AP-MED51,2025-04-28,21,0.0,5.5,66.93635979570924,15.0,1.75
AP-MED51,2025-04-28,23,0.16853932584269662,4.033707865168539,65.72028636966043,15.0,1.0224719101123596
AP-MED52,2025-02-22,9,1.1788810086682426,5.639873916469661,70.40827797370743,15.0,1.297872340425532
AP-MED52,2025-04-15,4,0.0,5.0,70.63450949262297,15.0,1.0
AP-MED52,2025-04-15,20,0.0,5.0,70.63402527075813,15.0,1.0
AP-MED52,2025-04-15,21,3.5082159624413145,6.730046948356808,70.87048369981503,15.0,1.8438967136150235
AP-MED52,2025-04-28,10,0.0,7.0,71.09122339425392,15.0,3.0
AP-MED52,2025-04-28,21,0.0,4.0,63.65912037428759,15.0,1.5
AP-MED52,2025-04-28,23,0.15730337078651685,4.022471910112359,63.99197331032274,15.0,1.0224719101123596
AP-MED53,2025-04-02,9,0.0,4.0,65.64823984475079,18.0,1.0
AP-MED53,2025-04-03,5,0.9353796445880452,4.710016155088853,66.27868322863404,18.0,1.1954765751211631
AP-MED53,2025-04-15,4,0.0,4.0,66.64828185586309,18.0,1.0
AP-MED53,2025-04-15,20,1.3325526932084308,5.353629976580796,67.2702607487159,18.0,1.3185011709601873
AP-MED53,2025-04-28,10,0.2857142857142857,9.142857142857142,65.00262630827628,18.0,1.2857142857142858
AP-MED53,2025-04-28,20,0.0,4.0,65.79673084636983,18.0,1.0
AP-MED53,2025-04-28,22,0.0,4.0,65.73060167427128,18.0,1.0
AP-MED53,2025-04-28,23,0.02247191011235955,4.01123595505618,65.8361588213618,18.0,1.0
AP-MED54,2025-04-01,14,7.213553979511427,7.98896769109535,66.98190283432649,15.40977147360126,4.569739952718676
AP-MED54,2025-04-15,4,0.0,4.0,66.94160315550207,15.0,1.0
AP-MED54,2025-04-15,20,0.0,4.0,66.94160315550207,15.0,1.0
AP-MED54,2025-04-15,21,7.223915592028136,11.361078546307152,67.80765218912289,15.451348182883939,5.94841735052755
AP-MED54,2025-04-28,10,15.5,15.5,64.90623697524944,15.0,7.5
AP-MED54,2025-04-28,15,0.0,4.0,66.31746624924789,15.0,1.0
AP-MED54,2025-04-28,20,0.0,4.0,66.3479422069294,15.0,1.0
AP-MED54,2025-04-28,21,0.0,4.0,65.16813728831353,15.0,1.0
AP-MED54,2025-04-28,23,0.23529411764705882,4.023529411764706,65.72940546336113,15.91764705882353,1.0941176470588236
AP-MED54,2025-04-29,12,3.75,5.5,66.08792134251948,16.0,2.5
AP-MED55,2025-02-22,9,0.780929866036249,2.6209613869188337,58.71135154912579,,
AP-MED55,2025-04-15,4,0.0,3.0,59.4200922554463,,
AP-MED55,2025-04-15,20,1.5480093676814988,2.847775175644028,60.71404979833024,,
AP-MED55,2025-04-28,10,0.0,4.0,57.25176845853661,,
AP-MED55,2025-04-28,22,0.0,2.0,49.149253957214796,,
AP-MED55,2025-04-28,23,0.0,2.0,51.924072209221514,,
AP-MED56,2025-02-21,11,0.3110492107706592,4.113277623026927,69.2278037672779,21.0,1.041782729805014
AP-MED56,2025-04-11,18,0.0,21.0,68.94471185987432,21.0,1.0
AP-MED56,2025-04-22,5,0.6290050590219224,4.408094435075886,64.91309199014161,21.0,1.4435075885328836
AP-MED56,2025-04-28,10,0.0,4.0,66.68271093958919,21.0,2.0
AP-MED56,2025-04-28,21,0.0,3.25,63.52202834603556,21.0,1.25
AP-MED56,2025-04-28,23,0.9887640449438202,3.7865168539325844,64.13069150679488,21.0,1.1685393258426966
AP-MED57,2025-03-24,21,5.044917257683215,7.488573680063042,70.21780716364782,18.0,2.260047281323877
AP-MED57,2025-04-15,4,0.0,6.0,68.91312275935118,18.0,1.0
AP-MED57,2025-04-15,20,4.656506447831184,8.32590855803048,69.00474819627823,18.0,2.9120750293083235
AP-MED57,2025-04-28,10,4.8,6.4,65.12432646697211,18.0,2.6
AP-MED57,2025-04-28,15,0.0,4.0,64.68952041410394,18.0,1.0
AP-MED57,2025-04-28,20,0.0,4.0,64.67651089717876,18.0,1.0
AP-MED57,2025-04-28,21,0.0,4.25,63.72923368374156,18.0,1.0
AP-MED57,2025-04-28,23,4.820224719101123,6.98876404494382,64.58927712511934,18.0,3.0898876404494384
AP-MED58,2025-04-01,14,1.9992119779353823,4.721040189125295,65.65384869667015,17.09613869188337,1.6587864460204886
AP-MED58,2025-04-15,4,0.0,4.0,65.75870771493516,17.0,1.0
AP-MED58,2025-04-15,20,2.118405627198124,6.083235638921454,66.00905958001768,17.0,2.6541617819460726
AP-MED58,2025-04-28,10,1.2,8.4,64.88497741593127,17.0,2.6
AP-MED58,2025-04-28,15,0.0,5.0,65.89428154910136,17.0,1.0
AP-MED58,2025-04-28,20,0.0,5.0,65.93127423452333,17.0,1.0
AP-MED58,2025-04-28,21,0.0,5.5,65.27660750883726,17.0,1.0
AP-MED58,2025-04-28,23,0.6179775280898876,4.112359550561798,65.4799300048563,17.0,1.0786516853932584
AP-MED59,2025-04-02,9,3.896719319562576,5.667071688942892,65.86008671840895,18.0,1.9501822600243013
AP-MED59,2025-04-09,15,4.062780269058296,5.928251121076233,66.0824905827732,18.0,1.695067264573991
AP-MED59,2025-04-15,4,0.009345794392523364,4.0,66.07591989658272,18.0,1.0
AP-MED59,2025-04-15,20,3.893939393939394,7.465034965034965,66.90657032329047,18.0,3.2494172494172493
AP-MED59,2025-04-28,15,1.0,4.0,67.40718412596938,18.0,1.0
AP-MED59,2025-04-28,20,0.0,4.0,67.36800541516246,18.0,1.0
AP-MED59,2025-04-28,21,3.25,5.75,67.76223425591657,18.0,1.0
AP-MED59,2025-04-28,23,3.898876404494382,5.606741573033708,67.7835053743295,18.0,1.1685393258426966
AP-MED60,2025-04-02,9,4.520882584712372,4.104806934594168,57.76101369730806,,
AP-MED60,2025-04-15,4,0.009345794392523364,2.9906542056074765,58.2192040305236,,
AP-MED60,2025-04-15,20,3.324009324009324,4.160839160839161,59.11802989306565,,
AP-MED60,2025-04-28,15,1.3333333333333333,2.0,54.20461830053827,,
AP-MED60,2025-04-28,20,0.0,2.0,55.22351207730576,,
AP-MED60,2025-04-28,21,0.25,2.0,47.840326583363314,,
AP-MED60,2025-04-28,23,0.7647058823529411,2.7411764705882353,53.81334512227062,,
AP-MED60,2025-04-29,12,4.25,3.5,55.746052691127574,,
AP-MED61,2025-04-02,9,5.177304964539007,4.695823483057525,59.180690253586,,
AP-MED61,2025-04-15,4,0.0,4.0,60.08611424918136,,
AP-MED61,2025-04-15,20,0.0,4.0,60.08611424918136,,
AP-MED61,2025-04-15,21,9.594372801875732,4.968347010550996,59.6955922691254,,
AP-MED61,2025-04-28,10,0.0,3.0,59.719246465947286,,
AP-MED61,2025-04-28,21,0.0,2.0,49.69986026914714,,
AP-MED61,2025-04-28,23,0.9213483146067416,2.258426966292135,53.7922070037866,,
AP-MED62,2025-02-22,9,3.499605988967691,4.05043341213554,59.94807446317709,,
AP-MED62,2025-04-15,4,0.0,2.0,60.61824497897278,,
AP-MED62,2025-04-15,20,2.6920374707259955,3.8548009367681497,60.47441805545091,,
AP-MED62,2025-04-28,10,0.0,3.0,58.10974940822233,,
AP-MED62,2025-04-28,21,1.0,2.75,50.20793047242534,,
AP-MED62,2025-04-28,23,0.5393258426966292,3.0224719101123596,52.52406107070634,,
AP-MED63,2025-02-22,9,2.3372734436564224,2.796690307328605,55.826591185691775,,
AP-MED63,2025-04-15,4,0.0,2.0093457943925235,60.80949811673667,,
AP-MED63,2025-04-15,20,1.9024390243902438,3.089430894308943,58.31342030412392,,
AP-MED63,2025-04-28,20,0.0,1.0,56.518262041214776,,
AP-MED63,2025-04-28,22,0.0,2.0,47.24548284971407,,
AP-MED63,2025-04-28,23,0.5058823529411764,2.0470588235294116,52.07588402033821,,
AP-MED63,2025-04-29,12,1.25,2.25,55.40587004207179,,
AP-MED64,2025-02-22,9,1.6627265563435776,2.970843183609141,57.31377594779342,,
AP-MED64,2025-04-15,4,0.0,2.0,60.701136236041954,,
AP-MED64,2025-04-15,20,1.1024590163934427,2.872950819672131,60.55023743649188,,
AP-MED64,2025-04-23,21,2.035135135135135,3.4162162162162164,59.02350079906475,,
AP-MED64,2025-04-28,15,0.0,2.0,55.1876227857509,,
AP-MED64,2025-04-28,20,0.0,2.0,55.32897797189256,,
AP-MED64,2025-04-28,21,0.0,2.0,54.29795540242027,,
AP-MED64,2025-04-28,23,0.9550561797752809,2.1123595505617976,55.25374922440094,,
AP-MED65,2025-02-22,9,1.9613869188337274,2.8605200945626477,61.16386969435239,,
AP-MED65,2025-04-15,4,0.018691588785046728,2.0,61.214673794732775,,
AP-MED65,2025-04-15,20,1.8373983739837398,3.3205574912891986,63.72820996756696,,
AP-MED65,2025-04-28,20,0.0,2.0,58.052644724872074,,
AP-MED65,2025-04-28,21,0.0,2.25,49.73692514356194,,
AP-MED65,2025-04-28,23,1.4823529411764707,2.164705882352941,53.11607645204063,,
AP-MED65,2025-04-29,12,2.5,2.0,54.40484900360222,,
AP-MED66,2025-04-02,9,1.5319148936170213,3.796690307328605,56.537630801140644,,
AP-MED66,2025-04-15,4,0.0,2.0,58.062498138163186,,
AP-MED66,2025-04-15,20,1.6445221445221445,3.695804195804196,58.01282176890102,,
AP-MED66,2025-04-28,15,1.0,1.3333333333333333,54.597397839581845,,
AP-MED66,2025-04-28,20,0.0,2.0,56.708112108928354,,
AP-MED66,2025-04-28,21,0.25,1.75,52.74930281372237,,
AP-MED66,2025-04-28,23,1.5280898876404494,1.7640449438202248,56.678293311898535,,
AP-MED67,2025-02-07,15,0.807799442896936,2.404828226555246,57.51331608265317,20.0,3.701949860724234
AP-MED67,2025-04-11,18,0.0,5.0,52.69491057979931,20.0,2.0
AP-MED67,2025-04-22,5,2.885135135135135,2.0929054054054053,55.75345739730087,20.152027027027028,3.7652027027027026
AP-MED67,2025-04-28,10,0.2,3.2,53.499510734667034,21.0,2.6
AP-MED67,2025-04-28,16,0.6666666666666666,1.0,54.63385318327428,21.0,2.3333333333333335
AP-MED67,2025-04-28,20,0.0,1.0,54.670746971593445,21.0,1.0
AP-MED67,2025-04-28,21,0.0,1.0,54.19774241837622,21.0,1.0
AP-MED67,2025-04-28,23,0.30337078651685395,1.146067415730337,54.911464628981314,21.0,1.348314606741573
AP-MED68,2025-03-24,10,1.1938534278959811,2.4200157604412924,58.59759301790894,,
AP-MED68,2025-04-15,4,0.0,2.0,64.16932288718759,,
AP-MED68,2025-04-15,20,3.2180539273153577,3.2321219226260256,61.87779293319399,,
AP-MED68,2025-04-28,10,0.0,6.0,59.95636928645247,,
AP-MEMEnginy,2025-04-22,11,0.0,3.2857142857142856,43.116848803410434,,
AP-MEMEnginy,2025-04-22,14,0.008620689655172414,3.0,46.45611995958797,,
AP-MEMEnginy,2025-04-23,12,0.0,2.0,42.472633147111466,,
AP-MEMEnginy,2025-04-23,13,33.515151515151516,7.2,56.34136226372553,,
AP-MEMEnginy,2025-04-25,5,0.0,3.0,58.38017404450535,,
AP-MRA01,2025-04-02,9,1.3996696944673823,2.7283236994219653,56.36859259214606,,
AP-MRA01,2025-04-14,11,0.0,2.2413793103448274,56.42353559916931,,
AP-MRA01,2025-04-15,4,0.0,2.0,55.152533129237824,,
AP-MRA01,2025-04-15,20,1.2049180327868851,3.0070257611241216,58.20259992872952,,
AP-MRA01,2025-04-28,10,0.0,4.0,57.10598305556638,,
AP-MRA01,2025-04-28,23,0.39325842696629215,2.0112359550561796,50.259200994775064,,
AP-MRA02,2025-01-26,7,2.4500412881915774,31.839801816680428,62.948376186906714,,
AP-MRA02,2025-04-14,11,0.0,27.224137931034484,58.76532925067913,,
AP-MRA02,2025-04-15,4,0.0,27.0,57.538663189710284,,
AP-MRA02,2025-04-15,20,1.824150058616647,30.613130128956623,62.19146682012975,,
AP-MRA02,2025-04-28,10,0.3333333333333333,35.0,68.46783863087968,,
AP-MRA02,2025-04-28,23,1.0224719101123596,2.191011235955056,54.285151110537875,,
AP-MRA03,2025-01-26,7,4.938893476465731,3.3311312964492155,56.997077999031504,,
AP-MRA03,2025-04-14,10,0.0,2.0,56.83448786311547,,
AP-MRA03,2025-04-14,11,0.05555555555555555,2.0,59.18820949773987,,
AP-MRA03,2025-04-15,4,0.0,2.0,60.269013280991956,,
AP-MRA03,2025-04-15,20,4.378220140515222,3.4742388758782203,58.31775049821291,,
AP-MRA03,2025-04-28,10,0.0,6.0,54.93254994878516,,
AP-MRA03,2025-04-28,23,1.797752808988764,2.0112359550561796,55.36518474390381,,
AP-MRA04,2025-04-02,9,4.433526011560693,3.30635838150289,56.81036032126555,,
AP-MRA04,2025-04-14,11,0.0,2.2586206896551726,55.35174713729503,,
AP-MRA04,2025-04-15,4,0.0,2.0,55.56706393490332,,
AP-MRA04,2025-04-15,20,3.0586166471277845,3.1735052754982416,57.88277013122867,,
AP-MRA04,2025-04-28,10,0.0,4.0,58.640963675277334,,
AP-MRA04,2025-04-28,23,1.9325842696629214,2.292134831460674,52.6900659088301,,
AP-MRA05,2025-03-11,12,3.754748142031379,32.115606936416185,62.740228861139315,,
AP-MRA05,2025-04-14,10,0.0,28.0,61.078788350974,,
AP-MRA05,2025-04-14,11,0.018518518518518517,27.22222222222222,60.60934376914615,,
AP-MRA05,2025-04-15,4,0.0,27.0,55.85849071953454,,
AP-MRA05,2025-04-15,20,3.0749414519906324,31.16393442622951,63.19076296787688,,
AP-MRA05,2025-04-28,10,0.0,35.0,69.34901019026253,,
AP-MRA05,2025-04-28,23,0.1797752808988764,2.1235955056179776,53.32834271220621,,
AP-MRA06,2025-03-06,21,4.12634186622626,3.5887696118909993,58.102874236073085,,
AP-MRA06,2025-04-14,10,0.0,2.0,60.74927187858762,,
AP-MRA06,2025-04-14,11,0.018518518518518517,2.037037037037037,61.81282905180884,,
AP-MRA06,2025-04-15,4,0.0,2.0,61.44817677481742,,
AP-MRA06,2025-04-15,20,0.0,2.0,62.38214214923568,,
AP-MRA06,2025-04-15,21,3.089097303634232,3.189917936694021,60.670932299124495,,
AP-MRA06,2025-04-28,10,0.0,4.0,59.14282178841744,,
AP-MRA06,2025-04-28,23,2.011764705882353,1.9529411764705882,55.399940070758554,,
AP-MRA06,2025-04-29,12,2.75,2.0,56.70539633349908,,
AP-MRA07,2025-04-02,9,2.056151940545004,2.9042113955408753,57.036319618852794,,
AP-MRA07,2025-04-14,11,0.017241379310344827,2.1551724137931036,60.80532767369841,,
AP-MRA07,2025-04-15,4,0.0,2.0,60.9264793582449,,
AP-MRA07,2025-04-15,20,2.87221570926143,3.126611957796014,58.30964300595261,,
AP-MRA07,2025-04-28,10,0.0,4.0,58.48558265180558,,
AP-MRA07,2025-04-28,23,0.0,2.033707865168539,49.78793075244109,,
AP-MRB01,2025-03-31,15,5.386918833727345,6.326241134751773,66.12392563967657,16.90228526398739,2.565011820330969
AP-MRB01,2025-04-15,4,0.0,4.0,66.85044448443179,16.0,1.0
AP-MRB01,2025-04-15,20,0.0,4.0,68.1133834893953,16.0,1.0
AP-MRB01,2025-04-15,21,3.838973162193699,6.758459743290548,67.01653213129273,16.815635939323222,2.309218203033839
AP-MRB01,2025-04-28,15,1.0,5.0,67.1493517352058,17.0,1.0
AP-MRB01,2025-04-28,20,0.0,4.0,67.11486498132271,17.0,1.0
AP-MRB01,2025-04-28,21,1.0,5.0,67.23826061931743,17.0,1.0
AP-MRB01,2025-04-28,23,5.808988764044944,8.191011235955056,67.54795299351058,17.0,2.640449438202247
AP-MRB02,2025-04-02,9,5.408195429472025,6.500394011032309,67.25413018399905,16.804570527974782,2.7746256895193064
AP-MRB02,2025-04-15,4,0.009345794392523364,4.0,66.59479876988902,15.0,1.0
AP-MRB02,2025-04-15,20,7.110722610722611,8.355477855477856,67.01623271014148,16.76923076923077,3.6946386946386944
AP-MRB02,2025-04-28,15,2.6666666666666665,5.333333333333333,67.32133393641084,17.0,2.0
AP-MRB02,2025-04-28,20,0.0,7.0,67.12816720149752,17.0,1.0
AP-MRB02,2025-04-28,21,2.0,7.5,67.2841875545799,17.0,1.0
AP-MRB02,2025-04-28,23,10.47191011235955,9.393258426966293,67.29519016043376,17.0,3.393258426966292
AP-MRB03,2025-04-02,9,1.9582348305752562,4.77698975571316,65.75249399282086,17.3096926713948,1.6753349093774625
AP-MRB03,2025-04-15,4,0.0,4.0,68.01946345405766,16.0,1.0
AP-MRB03,2025-04-15,20,3.073170731707317,6.145180023228804,68.34405155285675,16.875725900116144,2.0720092915214865
AP-MRB03,2025-04-28,20,0.0,5.0,67.84580157775105,17.0,1.0
AP-MRB03,2025-04-28,21,1.0,4.5,68.14852420109641,17.0,1.0
AP-MRB03,2025-04-28,23,5.53932584269663,7.348314606741573,68.55354890257563,17.0,2.168539325842697
AP-MRB04,2025-03-31,15,2.05043341213554,4.9109535066981875,65.67917159340973,17.311268715524033,1.4294720252167061
AP-MRB04,2025-04-15,4,0.0,4.990654205607477,66.44484619239167,17.0,1.0
AP-MRB04,2025-04-15,20,2.015151515151515,5.7808857808857805,66.65920987884301,16.877622377622377,1.7983682983682985
AP-MRB04,2025-04-28,15,0.0,4.0,66.61680483130543,17.0,1.0
AP-MRB04,2025-04-28,20,0.0,4.0,66.59939497258992,17.0,1.0
AP-MRB04,2025-04-28,21,0.0,5.5,66.81700460508173,17.0,1.0
AP-MRB04,2025-04-28,23,3.0112359550561796,6.955056179775281,66.8722009788691,17.0,1.6629213483146068
AP-MRB05,2025-04-02,9,6.804570527974783,5.792750197005516,66.30574631461609,20.62647754137116,2.479905437352246
AP-MRB05,2025-04-15,4,0.0,4.990654205607477,68.87351562568338,21.0,1.0
AP-MRB05,2025-04-15,20,0.0,5.0,68.87367963631502,21.0,1.0
AP-MRB05,2025-04-15,21,5.513418903150525,6.9311551925320884,68.81096934553662,21.0,2.7281213535589264
AP-MRB05,2025-04-28,15,4.666666666666667,4.333333333333333,69.01084212008904,21.0,1.0
AP-MRB05,2025-04-28,20,0.0,6.0,70.2143083968445,21.0,1.0
AP-MRB05,2025-04-28,21,3.75,4.5,69.81411559136416,21.0,1.0
AP-MRB05,2025-04-28,23,9.98876404494382,9.269662921348315,69.709762218634,21.0,3.1235955056179776
AP-MRB06,2025-04-02,9,1.9330181245074862,5.077226162332545,65.61186831566789,18.0,1.4688731284475964
AP-MRB06,2025-04-15,4,0.0,5.0,66.40771105527526,18.0,1.0
AP-MRB06,2025-04-15,20,1.691142191142191,6.129370629370629,66.51742417208476,18.0,1.7412587412587412
AP-MRB06,2025-04-28,12,0.0,4.0,66.24080737697498,18.0,1.0
AP-MRB06,2025-04-28,20,0.0,5.0,66.24548736462094,18.0,1.0
AP-MRB06,2025-04-28,21,2.0,5.5,66.51315333323932,18.0,1.0
AP-MRB06,2025-04-28,23,4.651685393258427,6.865168539325842,66.698501106821,18.0,1.2696629213483146
AP-MRB07,2025-01-21,9,4.233438485804417,21.043375394321767,60.784545418405344,,
AP-MRB07,2025-04-15,3,0.0,21.0,59.74184112873267,,
AP-MRB07,2025-04-15,20,0.0,21.0,59.74202532327215,,
AP-MRB07,2025-04-15,21,3.780630105017503,21.03267211201867,62.92390279601906,,
AP-MRB07,2025-04-28,15,0.3333333333333333,21.0,60.6904879616496,,
AP-MRB07,2025-04-28,20,0.0,21.0,60.79487255870228,,
AP-MRB07,2025-04-28,21,0.25,21.0,61.82122800454632,,
AP-MRB07,2025-04-28,23,5.764705882352941,21.04705882352941,62.53846146264013,,
AP-MRB07,2025-04-29,12,6.0,21.0,62.34434507168931,,
AP-MRC01,2025-03-25,10,5.695275590551181,4.162992125984252,59.13298729515487,,
AP-MRC01,2025-04-15,4,0.0,3.0,57.30859744682023,,
AP-MRC01,2025-04-15,12,4.416197975253094,3.8290213723284587,58.25370162204963,,
AP-MRC01,2025-04-28,15,0.0,3.0,58.44455063279537,,
AP-MRC01,2025-04-28,20,0.0,3.0,58.766444315611714,,
AP-MRC01,2025-04-28,21,0.0,3.0,58.86136934946849,,
AP-MRC01,2025-04-28,23,2.411764705882353,2.929411764705882,56.20669578186295,,
AP-MRC01,2025-04-29,12,5.75,3.25,55.34756143058958,,
AP-MRC02,2025-02-06,10,2.078740157480315,3.4913385826771655,57.64453781724594,,
AP-MRC02,2025-04-15,4,0.0,4.0,58.76186133268561,,
AP-MRC02,2025-04-15,12,1.6152980877390326,3.626546681664792,57.44906631250356,,
AP-MRC02,2025-04-28,15,1.0,2.0,55.94593937210078,,
AP-MRC02,2025-04-28,20,0.0,2.0,56.58208007846067,,
AP-MRC02,2025-04-28,21,0.0,2.0,56.17156564865249,,
AP-MRC02,2025-04-28,23,1.1647058823529413,2.788235294117647,56.5802353014639,,
AP-MRC02,2025-04-29,12,1.75,3.25,56.053329164728446,,
AP-POL01,2025-02-26,10,9.312056737588652,4.714736012608353,61.84330276771287,,
AP-POL01,2025-04-15,4,0.0,3.0,64.5190044844488,,
AP-POL01,2025-04-15,20,9.13817330210773,4.392271662763466,64.20529110248908,,
AP-POL01,2025-04-28,10,0.0,7.0,57.86955455697451,,
AP-POL01,2025-04-28,21,0.0,3.25,51.128754680371316,,
AP-POL01,2025-04-28,23,0.8941176470588236,2.011764705882353,54.58288911816534,,
AP-POL01,2025-04-29,12,0.25,2.0,55.81954064332477,,
AP-POL02,2025-04-02,9,1.2884160756501182,3.1804570527974785,58.731502476323996,,
AP-POL02,2025-04-15,4,0.0,2.0,59.89951165452558,,
AP-POL02,2025-04-15,20,1.7889800703399765,3.141852286049238,59.48164163555206,,
AP-POL02,2025-04-28,10,0.0,4.0,59.4976592414705,,
AP-POL02,2025-04-28,21,0.0,2.75,46.98290776517712,,
AP-POL02,2025-04-28,23,0.033707865168539325,2.0112359550561796,52.46542696967787,,
AP-POL03,2025-04-02,9,0.8723404255319149,3.020488573680063,57.842097119410504,,
AP-POL03,2025-04-15,4,0.0,2.0,60.68685021895202,,
AP-POL03,2025-04-15,20,0.5275498241500586,2.9859320046893316,59.76223743060586,,
AP-POL03,2025-04-28,10,0.0,5.0,55.61060227270123,,
AP-POL03,2025-04-28,21,0.0,2.75,49.79784390703877,,
AP-POL03,2025-04-28,23,0.02247191011235955,2.0,50.048307987163426,,
AP-POL04,2025-02-07,23,11.27344365642238,4.914105594956659,64.08741924595158,,
AP-POL04,2025-04-15,4,0.0,3.0,64.01528811495038,,
AP-POL04,2025-04-15,20,9.217798594847775,4.621779859484778,65.29976411299003,,
AP-POL04,2025-04-28,10,0.0,7.0,64.19576813085332,,
AP-POL04,2025-04-28,22,0.0,2.0,47.49950183930381,,
AP-POL04,2025-04-28,23,0.3258426966292135,2.0898876404494384,53.099226835975784,,
AP-POL05,2025-04-02,9,11.30575256107171,40.9866036249015,73.92181110381206,15.0,9.315996847911741
AP-POL05,2025-04-15,4,0.0,56.0,72.39197517847481,15.0,1.0
AP-POL05,2025-04-15,20,8.8711943793911,61.07259953161593,74.9440559698474,15.0,9.391100702576113
AP-POL05,2025-04-28,10,0.0,72.0,80.65291148549272,15.0,23.0
AP-POL05,2025-04-28,21,0.0,4.0,65.45527509578905,15.0,6.5
AP-POL05,2025-04-28,23,0.011235955056179775,4.0,65.88140254498644,15.0,1.0
AP-POL06,2025-04-02,9,9.426319936958235,4.4097714736012605,60.25938378653915,,
AP-POL06,2025-04-15,4,0.018691588785046728,3.0,64.45438442519082,,
AP-POL06,2025-04-15,20,0.0,3.0,65.4062699789412,,
AP-POL06,2025-04-15,21,8.349765258215962,4.537558685446009,61.88976575440993,,
AP-POL06,2025-04-28,10,0.45454545454545453,5.0,58.102828387912844,,
AP-POL06,2025-04-28,21,0.0,2.0,47.3175111695887,,
AP-POL06,2025-04-28,23,0.011235955056179775,2.067415730337079,50.192684380354834,,
AP-POL07,2025-04-02,9,11.389282899921199,12.71946414499606,73.61000426159386,15.354609929078014,4.620961386918833
AP-POL07,2025-04-15,4,0.0,7.0,74.87732251867729,15.0,1.0
AP-POL07,2025-04-15,20,0.0,5.0,73.57200095162288,15.0,1.0
AP-POL07,2025-04-15,21,9.308323563892145,13.139507620164126,72.76148851262947,15.062133645955452,5.4865181711606095
AP-POL07,2025-04-28,10,0.0,80.0,75.11762100548202,15.0,57.0
AP-POL07,2025-04-28,21,0.0,4.0,65.39289176360477,15.0,15.0
AP-POL07,2025-04-28,23,0.02247191011235955,4.0,65.92799924937297,15.0,1.0
AP-POL08,2025-02-07,23,11.90307328605201,14.25925925925926,74.05135046178081,15.68321513002364,5.419227738376675
AP-POL08,2025-04-15,4,0.0,7.981308411214953,74.58514682231744,16.0,1.0
AP-POL08,2025-04-15,20,10.886416861826698,12.625292740046838,72.99961950738488,16.0,5.47423887587822
AP-POL08,2025-04-28,10,0.0,32.0,73.78844031517416,16.0,10.0
AP-POL08,2025-04-28,21,0.0,4.0,65.64000049748671,16.0,3.25
AP-POL08,2025-04-28,23,0.056179775280898875,4.044943820224719,66.1138115415814,16.0,1.101123595505618
AP-POL09,2025-04-02,9,4.105594956658787,8.786446020488574,73.97664157728634,15.0,2.5973207249802996
AP-POL09,2025-04-15,4,0.009345794392523364,6.0,74.07846135847038,15.0,1.0
AP-POL09,2025-04-15,20,3.0679156908665104,8.605386416861826,73.41918297411947,15.0,3.0901639344262297
AP-POL09,2025-04-28,10,0.0,22.0,73.68861980211258,15.0,22.0
AP-POL09,2025-04-28,21,0.0,4.0,65.25838999589476,15.0,6.25
AP-POL09,2025-04-28,23,0.0,4.0,65.53843717993246,15.0,1.0
AP-POL10,2025-04-02,9,3.3325453112687153,3.925925925925926,58.613893051042744,,
AP-POL10,2025-04-15,4,0.0,3.0,60.687172459939,,
AP-POL10,2025-04-15,20,2.7561547479484174,3.528722157092614,60.7210429720842,,
AP-POL10,2025-04-28,10,0.0,7.0,58.3332772395319,,
AP-POL10,2025-04-28,22,1.0,1.6666666666666667,50.118127578405286,,
AP-POL10,2025-04-28,23,3.5168539325842696,2.044943820224719,55.54678805728975,,
AP-POL11,2025-01-21,9,1.5074862096138693,3.2364066193853427,57.504707140930975,,
AP-POL11,2025-04-15,4,0.0,2.0,59.49422200427592,,
AP-POL11,2025-04-15,20,1.4718969555035128,3.2271662763466042,60.152119198405806,,
AP-POL11,2025-04-28,10,0.0,5.0,54.02580677685685,,
AP-POL11,2025-04-28,21,0.25,2.25,53.03479400637493,,
AP-POL11,2025-04-28,23,0.9438202247191011,2.0224719101123596,57.29969965305531,,
AP-POL12,2025-01-21,9,1.8376674546887313,3.120567375886525,59.75791759924636,,
AP-POL12,2025-04-15,4,0.0,2.0,61.39226438311904,,
AP-POL12,2025-04-15,20,1.205158264947245,3.343493552168816,60.58506047405811,,
AP-POL12,2025-04-28,10,0.0,5.0,54.75408930973402,,
AP-POL12,2025-04-28,22,0.0,2.3333333333333335,48.33274900301026,,
AP-POL12,2025-04-28,23,0.6404494382022472,2.303370786516854,51.12015452704864,,
AP-POL13,2025-03-21,9,2.534278959810875,2.8660362490149724,58.808603447313615,,
AP-POL13,2025-04-15,4,0.009345794392523364,2.0,63.89434391162177,,
AP-POL13,2025-04-15,20,2.930913348946136,3.6463700234192036,62.05956767678276,,
AP-POL13,2025-04-28,10,0.0,4.0,58.28448637364602,,
AP-POL13,2025-04-28,21,0.0,2.0,47.34876675509914,,
AP-POL13,2025-04-28,23,0.19101123595505617,2.0786516853932584,51.111898801467575,,
AP-POL14,2025-01-29,7,0.6516942474389283,2.9141055949566588,58.93843939706071,,
AP-POL14,2025-04-15,4,0.0,4.981308411214953,59.04198482035745,,
AP-POL14,2025-04-15,20,0.0,5.0,59.04096499288491,,
AP-POL14,2025-04-15,21,0.9882629107981221,3.328638497652582,60.98229603999964,,
AP-POL14,2025-04-28,10,0.0,5.0,57.291067537127894,,
AP-POL14,2025-04-28,21,0.0,2.0,48.15390555360142,,
AP-POL14,2025-04-28,23,0.0,2.101123595505618,48.999353792970645,,
AP-QUIMETS04,2025-03-05,12,1.5673758865248226,2.757289204097715,56.77368207796068,,
AP-QUIMETS04,2025-04-15,4,0.0,2.0,61.60594596204832,,
AP-QUIMETS04,2025-04-15,20,2.1713286713286712,3.082750582750583,58.71876416708588,,
AP-QUIMETS04,2025-04-28,12,0.0,2.0,64.59839630924746,,
AP-QUIMETS04,2025-04-28,20,0.0,3.0,65.95668622836546,,
AP-QUIMETS04,2025-04-28,21,0.0,2.25,66.42374947582132,,
AP-QUIMETS04,2025-04-28,23,2.033707865168539,2.8202247191011236,60.10073441528978,,
AP-QUIMETS05,2025-03-05,12,3.0441292356185974,5.897557131599685,69.54216401354496,15.452324665090623,1.5823483057525611
AP-QUIMETS05,2025-04-15,4,0.0,5.0,70.17900120336944,15.0,1.0
AP-QUIMETS05,2025-04-15,20,1.7097902097902098,6.540792540792541,70.07533450021147,15.048951048951048,1.7552447552447552
AP-QUIMETS05,2025-04-28,12,0.3333333333333333,4.666666666666667,70.10312142227404,15.0,1.0
AP-QUIMETS05,2025-04-28,20,0.0,5.0,70.08310770156439,15.0,1.0
AP-QUIMETS05,2025-04-28,21,0.0,4.5,70.1752831104175,15.0,1.0
AP-QUIMETS05,2025-04-28,23,1.404494382022472,6.337078651685394,70.27603319256465,15.92134831460674,1.2921348314606742
AP-QUIMETS06,2025-04-02,9,2.259259259259259,6.626477541371158,69.28981660803026,16.0,1.5799842395587076
AP-QUIMETS06,2025-04-15,4,0.0,5.0,68.7047564957582,16.0,1.0
AP-QUIMETS06,2025-04-15,20,0.0,5.0,68.7044558096002,16.0,1.0
AP-QUIMETS06,2025-04-15,21,2.8914819136522754,7.837806301050175,68.7280149708407,16.0,2.070011668611435
AP-QUIMETS06,2025-04-28,15,2.0,4.333333333333333,69.72238848637295,16.0,1.0
AP-QUIMETS06,2025-04-28,20,0.0,5.0,69.52132638053216,16.0,1.0
AP-QUIMETS06,2025-04-28,21,1.25,4.5,69.16587228745696,16.0,1.0
AP-QUIMETS06,2025-04-28,23,3.842696629213483,6.674157303370786,69.32422974902057,16.0,1.696629213483146
AP-QUIMETS07,2025-01-21,9,3.435158501440922,2.3314121037463975,61.586420918386,,
AP-QUIMETS07,2025-04-08,13,3.7530434782608695,2.4417391304347826,61.9049563503256,,
AP-QUIMETS07,2025-04-15,4,0.037383177570093455,1.0,68.47596920933627,,
AP-QUIMETS07,2025-04-15,20,4.022144522144522,2.6503496503496504,63.78093937120609,,
AP-QUIMETS07,2025-04-28,12,3.3333333333333335,2.0,62.28464754187892,,
AP-QUIMETS07,2025-04-28,20,0.3333333333333333,2.0,62.365689956622056,,
AP-QUIMETS07,2025-04-28,21,1.75,1.75,64.70187713968015,,
AP-QUIMETS07,2025-04-28,23,4.651685393258427,2.752808988764045,60.44195121251181,,
AP-QUIMETS08,2025-01-21,9,2.8487031700288186,2.5360230547550433,58.48794494754826,,
AP-QUIMETS08,2025-04-08,13,3.0504347826086957,2.6643478260869564,59.131691609634274,,
AP-QUIMETS08,2025-04-15,4,0.0,2.0,60.927854253122725,,
AP-QUIMETS08,2025-04-15,20,3.1853146853146854,2.972027972027972,60.604629375345894,,
AP-QUIMETS08,2025-04-28,15,1.0,2.3333333333333335,60.226369042026725,,
AP-QUIMETS08,2025-04-28,20,0.0,2.0,61.10966619843858,,
AP-QUIMETS08,2025-04-28,21,1.0,2.75,60.51638742217522,,
AP-QUIMETS08,2025-04-28,23,5.168539325842697,3.2808988764044944,58.491349478117975,,
AP-QUIMETS09,2025-01-21,17,1.3174603174603174,2.1717171717171717,59.38097852354681,,
AP-QUIMETS09,2025-04-08,13,1.140625,2.2222222222222223,59.601736478803986,,
AP-QUIMETS09,2025-04-15,4,0.0,1.0,63.83614002846032,,
AP-QUIMETS09,2025-04-15,20,1.5412311265969802,2.6155632984901276,59.5601637048554,,
AP-QUIMETS09,2025-04-28,20,0.0,2.0,61.41724164006629,,
AP-QUIMETS09,2025-04-28,21,0.0,2.75,62.22954045427672,,
AP-QUIMETS09,2025-04-28,23,1.3595505617977528,2.662921348314607,57.37545215278285,,
AP-REC01,2025-03-08,7,1.9472025216706068,2.430260047281324,47.60727858289793,15.736012608353034,2.831363278171789
AP-REC01,2025-04-15,4,0.0,2.9906542056074765,49.128555389394094,16.0,2.0
AP-REC01,2025-04-15,20,0.5830429732868757,2.605110336817654,48.00044679804424,15.802555168408826,2.445993031358885
AP-REC01,2025-04-28,20,0.0,2.0,46.13560181435654,16.0,2.0
AP-REC01,2025-04-28,22,0.0,2.0,46.282366072282116,16.0,2.0
AP-REC01,2025-04-28,23,0.3258426966292135,1.9550561797752808,46.118171468296495,16.0,2.1797752808988764
AP-REC02,2025-01-29,10,4.234830575256107,2.8573680063041764,46.64802268169598,18.60047281323877,3.5224586288416075
AP-REC02,2025-04-15,4,0.0,2.0,46.15435796603015,21.0,2.0
AP-REC02,2025-04-15,20,5.3997668997669,3.125874125874126,49.05127123694329,21.0,3.8484848484848486
AP-REC02,2025-04-28,12,1.3333333333333333,2.3333333333333335,49.323608670198404,21.0,2.0
AP-REC02,2025-04-28,20,0.0,2.0,49.94143721449925,21.0,2.0
AP-REC02,2025-04-28,22,0.6666666666666666,2.0,50.819236106490585,21.0,2.0
AP-REC02,2025-04-28,23,7.382022471910112,3.6292134831460676,47.58899612871689,21.0,4.887640449438202
AP-REC03,2025-01-29,10,2.2040977147360126,2.6824271079590227,48.65923653763578,19.96690307328605,2.862884160756501
AP-REC03,2025-04-15,4,0.0,2.0,49.83377575672755,20.0,2.0
AP-REC03,2025-04-15,20,1.5407925407925407,2.9114219114219115,48.63126264763047,20.0,3.2447552447552446
AP-REC03,2025-04-28,15,0.6666666666666666,2.0,48.50904487213314,20.0,2.0
AP-REC03,2025-04-28,20,0.0,2.0,49.88723365691041,20.0,2.0
AP-REC03,2025-04-28,22,1.3333333333333333,2.3333333333333335,51.54109461360033,20.0,2.0
AP-REC03,2025-04-28,23,0.8539325842696629,2.606741573033708,47.83322889725738,20.0,2.438202247191011
AP-REC04,2025-03-31,15,6.4649330181245075,6.658786446020488,68.12325326640558,15.0,2.594956658786446
AP-REC04,2025-04-15,4,0.0,5.0,69.08928332664794,15.0,1.0
AP-REC04,2025-04-15,20,6.376456876456876,7.410256410256411,69.05278082995125,15.0,2.9941724941724943
AP-REC04,2025-04-28,15,5.0,5.0,69.1911244714367,15.0,1.0
AP-REC04,2025-04-28,20,0.0,5.0,69.16052446851184,15.0,1.0
AP-REC04,2025-04-28,22,4.0,4.666666666666667,69.36143532620504,15.0,1.0
AP-REC04,2025-04-28,23,3.8202247191011236,5.662921348314606,69.26505822400568,15.0,1.1797752808988764
AP-REC05,2025-04-02,9,4.1,2.5823529411764707,49.364655732674876,17.68235294117647,2.3411764705882354
AP-REC05,2025-04-04,5,0.10344827586206896,2.0,49.316328950779734,17.0,2.0
AP-REC05,2025-04-04,8,2.9850467289719624,2.201869158878505,48.204599708724025,16.570093457943926,2.2738317757009345
AP-REC05,2025-04-15,4,0.0,2.0,49.793771317305286,16.0,2.0
AP-REC05,2025-04-15,20,1.0,2.0,51.42989486804158,16.0,2.0
AP-REC05,2025-04-15,21,3.0996483001172335,2.4454865181711605,48.79207446552973,16.0,2.88862837045721
AP-REC05,2025-04-28,10,0.0,4.0,43.82784950109784,16.0,3.0
AP-REC05,2025-04-28,22,0.0,2.0,40.518304072971944,16.0,1.6666666666666667
AP-REC05,2025-04-28,23,0.10112359550561797,2.0,43.49064841530207,16.0,1.9662921348314606
AP-REC06,2025-03-31,5,5.787234042553192,3.7218282111899135,58.87308498893727,,
AP-REC06,2025-04-15,4,0.0,2.0093457943925235,61.785885864579406,,
AP-REC06,2025-04-15,20,5.76905041031653,3.7737397420867524,61.33133100084844,,
AP-REC06,2025-04-28,10,0.0,8.0,56.64484546181573,,
AP-REC06,2025-04-28,22,1.5,5.25,55.56992829923212,,
AP-REC06,2025-04-28,23,4.269662921348314,2.6292134831460676,55.04698154510017,,
AP-REC08,2025-03-08,7,0.681639085894405,2.202521670606777,46.43631203434572,15.0,2.0583136327817178
AP-REC08,2025-04-15,4,0.0,2.9906542056074765,48.036375816393004,15.0,2.0
AP-REC08,2025-04-15,20,0.0,2.0,48.00932415907052,15.0,2.0
AP-REC08,2025-04-15,21,0.18786464410735124,2.243873978996499,47.14328605888581,15.0,1.8214702450408402
AP-REC08,2025-04-28,15,0.0,1.3333333333333333,51.03497964928864,15.0,2.0
AP-REC08,2025-04-28,20,0.0,2.0,51.47829448649443,15.0,1.0
AP-REC08,2025-04-28,22,0.0,2.0,49.92536495150168,15.0,2.0
AP-REC08,2025-04-28,23,0.36470588235294116,2.011764705882353,47.16815208819838,15.0,1.7058823529411764
AP-REC08,2025-04-29,12,0.0,2.0,46.5184915149923,15.0,1.25
AP-REC09,2025-04-02,9,6.240346729708432,2.4814814814814814,57.954879676040456,,
AP-REC09,2025-04-15,4,0.0,2.0,60.58430627714039,,
AP-REC09,2025-04-15,20,0.0,2.0,60.58422720596155,,
AP-REC09,2025-04-15,21,5.174677608440797,2.817116060961313,61.72968449465471,,
AP-REC09,2025-04-28,10,0.0,3.0,59.72612094033643,,
AP-REC09,2025-04-28,22,0.0,1.0,50.58279430770605,,
AP-REC09,2025-04-28,23,0.4157303370786517,1.9325842696629214,54.038725945036184,,
AP-REC10,2025-04-02,9,5.994483845547675,6.177304964539007,67.54915235583688,15.390858944050434,2.6840031520882586
AP-REC10,2025-04-15,4,0.0,4.0,68.19901799805811,15.0,1.0
AP-REC10,2025-04-15,20,6.0093240093240095,8.002331002331003,68.57133538824695,15.0,3.513986013986014
AP-REC10,2025-04-28,12,1.3333333333333333,4.333333333333333,68.45628806665609,15.0,1.0
AP-REC10,2025-04-28,20,0.0,5.0,68.41364152961627,15.0,1.0
AP-REC10,2025-04-28,22,2.0,4.666666666666667,68.62899495323016,15.0,1.0
AP-REC10,2025-04-28,23,3.842696629213483,6.51685393258427,68.67034252408382,15.0,2.1123595505617976
AP-REC11,2025-04-02,9,9.0,3.72,56.25196726929072,,
AP-REC11,2025-04-04,1,7.934763181411975,3.714030384271671,57.26444368665156,,
AP-REC11,2025-04-15,4,0.009345794392523364,2.0,59.977612128406015,,
AP-REC11,2025-04-15,20,8.125874125874127,3.9405594405594404,59.99702009963309,,
AP-REC11,2025-04-28,15,3.6666666666666665,2.0,56.24024325900499,,
AP-REC11,2025-04-28,20,0.0,2.0,58.35798596232329,,
AP-REC11,2025-04-28,21,1.25,2.5,58.91245260193127,,
AP-REC11,2025-04-28,23,10.847058823529412,5.258823529411765,58.26049715390021,,
AP-REC11,2025-04-29,12,7.25,4.5,59.09871057775374,,
AP-REC12,2025-01-28,11,2.5390070921985815,2.5563435776201735,56.969608020503976,,
AP-REC12,2025-04-15,4,0.0,2.0,60.532074894764335,,
AP-REC12,2025-04-15,20,2.5,2.5326340326340326,59.15110644478342,,
AP-REC12,2025-04-28,15,1.0,1.3333333333333333,65.69603742883965,,
AP-REC12,2025-04-28,20,0.0,2.0,67.03477567444322,,
AP-REC12,2025-04-28,21,1.0,2.0,63.86678604143704,,
AP-REC12,2025-04-28,23,3.235955056179775,3.842696629213483,59.78910300158862,,
AP-REC13,2025-04-02,9,0.9944838455476753,2.922773837667455,58.23138167689352,,
AP-REC13,2025-04-15,4,0.0,2.0,60.15188005417086,,
AP-REC13,2025-04-15,20,1.2610722610722611,2.958041958041958,59.80344716368588,,
AP-REC13,2025-04-28,12,0.3333333333333333,2.3333333333333335,61.84162585902286,,
AP-REC13,2025-04-28,20,0.0,2.0,62.554967151469874,,
AP-REC13,2025-04-28,22,0.0,2.0,62.34792254338748,,
AP-REC13,2025-04-28,23,1.3258426966292134,3.168539325842697,60.40678031854975,,
AP-REC14,2025-01-28,10,1.0693459416863673,2.416863672182821,57.323863137454524,,
AP-REC14,2025-04-15,4,0.0,2.0,59.3366080816535,,
AP-REC14,2025-04-15,20,0.8648018648018648,2.4207459207459205,58.64377210855267,,
AP-REC14,2025-04-28,15,0.0,2.0,59.72270041193378,,
AP-REC14,2025-04-28,20,0.0,3.0,59.45503750025779,,
AP-REC14,2025-04-28,22,0.0,2.0,58.65015947825794,,
AP-REC14,2025-04-28,23,0.7764705882352941,2.0823529411764707,58.34962235546721,,
AP-REC14,2025-04-29,12,0.5,2.25,58.077025835993375,,
AP-REC15,2025-04-02,9,0.5878644602048857,2.3364854215918047,58.367506130863745,,
AP-REC15,2025-04-15,4,0.0,2.0,59.201140246152015,,
AP-REC15,2025-04-15,20,0.9531615925058547,2.6557377049180326,59.637680534678644,,
AP-REC15,2025-04-28,10,0.0,3.0,57.14186996015096,,
AP-REC15,2025-04-28,21,0.0,2.5,46.612145341569715,,
AP-REC15,2025-04-28,23,0.0,2.0224719101123596,50.99809615840982,,
AP-REC16,2025-01-29,7,0.2127659574468085,2.256107171000788,59.73008431543741,,
AP-REC16,2025-04-15,4,0.0,2.0,59.274697122115874,,
AP-REC16,2025-04-15,20,0.09953161592505855,2.348946135831382,58.79569143333939,,
AP-REC16,2025-04-28,10,0.0,2.0,55.30125092518968,,
AP-REC16,2025-04-28,21,0.0,1.75,49.80671269509185,,
AP-REC16,2025-04-28,23,0.24719101123595505,1.9438202247191012,52.323042395900565,,
AP-REC17,2025-01-28,11,0.5634357762017337,2.3617021276595747,59.912248536372125,,
AP-REC17,2025-04-15,4,0.0,2.0,61.122709797500896,,
AP-REC17,2025-04-15,20,0.5361305361305362,2.4114219114219115,61.934498265364994,,
AP-REC17,2025-04-28,15,0.0,2.0,61.102711760545255,,
AP-REC17,2025-04-28,20,0.0,2.0,61.74246156595944,,
AP-REC17,2025-04-28,22,0.0,2.0,61.941444181941364,,
AP-REC17,2025-04-28,23,1.1573033707865168,2.651685393258427,60.027831998299256,,
AP-REC18,2025-04-02,9,1.338849487785658,2.282111899133176,48.71509660883709,15.0,2.416863672182821
AP-REC18,2025-04-15,4,0.0,2.0,52.46674941551931,15.0,1.0
AP-REC18,2025-04-15,20,0.0,2.0,52.46674941551931,15.0,1.0
AP-REC18,2025-04-15,21,0.5542590431738623,2.3290548424737456,49.142315324179435,15.0,2.1108518086347723
AP-REC18,2025-04-28,12,0.0,2.0,45.52418903065302,15.0,1.6666666666666667
AP-REC18,2025-04-28,20,0.0,2.0,45.31451829384409,15.0,2.0
AP-REC18,2025-04-28,22,0.0,2.0,45.57693592737985,15.0,1.6666666666666667
AP-REC18,2025-04-28,23,0.651685393258427,2.247191011235955,45.272719870201215,15.0,1.7752808988764044
AP-REC19,2025-01-29,7,1.3692022263450836,2.4749536178107605,58.25676892575216,,
AP-REC19,2025-04-07,9,2.6,2.1890410958904107,56.22517947871457,,
AP-REC19,2025-04-15,4,0.0,1.0,57.607042727149825,,
AP-REC19,2025-04-15,20,1.8916083916083917,2.2867132867132867,58.78774197024803,,
AP-REC19,2025-04-28,15,0.3333333333333333,1.3333333333333333,60.426049846813804,,
AP-REC19,2025-04-28,20,0.0,1.0,61.742862576965464,,
AP-REC19,2025-04-28,22,0.3333333333333333,1.3333333333333333,61.43636843287191,,
AP-REC19,2025-04-28,23,3.5764705882352943,2.5764705882352943,57.81196360565642,,
AP-REC19,2025-04-29,12,2.0,2.25,57.75232239079324,,
AP-REC20,2025-04-02,9,8.317572892040976,3.4034672970843185,57.63485458183439,,
AP-REC20,2025-04-15,4,0.018691588785046728,2.0,63.25957675049764,,
AP-REC20,2025-04-15,20,7.76463700234192,3.449648711943794,60.41779937490072,,
AP-REC20,2025-04-28,10,0.0,5.0,54.57503073462925,,
AP-REC20,2025-04-28,21,1.5,2.75,51.21273694737819,,
AP-REC20,2025-04-28,23,3.3258426966292136,2.0224719101123596,55.7934906075112,,
AP-REC21,2025-03-31,15,3.9613869188337274,5.71946414499606,65.7873059956883,17.26950354609929,2.1576044129235616
AP-REC21,2025-04-15,4,0.0,4.0,68.00249030619067,17.0,1.0
AP-REC21,2025-04-15,20,0.0,4.0,69.09413088418404,17.0,1.0
AP-REC21,2025-04-15,21,4.895904436860068,7.121160409556314,68.31459634389009,17.435153583617748,2.848122866894198
AP-REC21,2025-04-24,14,5.491596638655462,7.142857142857143,68.37354753937777,17.0,2.4705882352941178
AP-REC21,2025-04-28,8,17.363636363636363,16.636363636363637,68.57769937643585,17.0,8.909090909090908
AP-REC21,2025-04-28,15,0.0,4.0,68.59300442280052,17.0,1.0
AP-REC21,2025-04-28,20,0.0,4.0,68.57383943270324,17.0,1.0
AP-REC21,2025-04-28,21,0.0,4.25,68.71252038259209,17.0,1.0
AP-REC21,2025-04-28,23,0.8089887640449438,5.123595505617978,68.75297440834102,17.0,1.1235955056179776
AP-REC22,2025-03-31,15,6.649330181245075,4.983451536643026,65.89245967478311,17.0,1.71946414499606
AP-REC22,2025-04-15,4,0.0,4.981308411214953,68.05011065275022,17.0,1.0
AP-REC22,2025-04-15,20,7.751748251748252,7.096736596736597,68.6167029994591,17.0,2.6771561771561774
AP-REC22,2025-04-28,15,2.0,4.333333333333333,68.50431207380666,17.0,1.0
AP-REC22,2025-04-28,20,0.0,4.0,68.51287772429468,17.0,1.0
AP-REC22,2025-04-28,22,1.0,4.0,68.78710367327128,17.0,1.0
AP-REC22,2025-04-28,23,7.224719101123595,5.337078651685394,68.88730950171717,17.0,1.2584269662921348
AP-REC23,2025-03-31,15,4.8959810874704495,5.89913317572892,66.1621331257721,15.977147360126084,2.4200157604412924
AP-REC23,2025-04-15,4,0.009345794392523364,4.0,67.07046331290113,16.0,1.0
AP-REC23,2025-04-15,20,5.817016317016317,7.29020979020979,67.47869591200057,16.0,2.6783216783216783
AP-REC23,2025-04-28,12,4.666666666666667,5.0,67.77616214288898,16.0,1.0
AP-REC23,2025-04-28,20,0.0,4.0,67.70735729312909,16.0,1.0
AP-REC23,2025-04-28,21,2.75,5.0,67.88376839917393,16.0,1.0
AP-REC23,2025-04-28,23,3.50561797752809,6.550561797752809,67.83687585861902,16.0,1.4382022471910112
AP-REC24,2025-03-31,15,3.7210401891252953,4.5074862096138695,65.75512225639888,17.875492513790388,1.3617021276595744
AP-REC24,2025-04-15,4,0.0,4.0,68.0748072796978,18.0,1.0
AP-REC24,2025-04-15,20,0.0,4.0,69.34299502147681,18.0,1.0
AP-REC24,2025-04-15,21,3.337222870478413,5.520420070011669,68.3304429382288,18.0,1.837806301050175
AP-REC24,2025-04-28,12,0.6666666666666666,4.333333333333333,67.96491330238557,18.0,1.0
AP-REC24,2025-04-28,20,0.0,4.0,67.92853322636716,18.0,1.0
AP-REC24,2025-04-28,22,0.0,4.0,68.1978985604136,18.0,1.0
AP-REC24,2025-04-28,23,1.3146067415730338,5.146067415730337,68.33975996994535,18.0,1.0898876404494382
AP-REC25,2025-01-21,9,1.5689519306540582,2.7336485421591803,58.69753251483732,,
AP-REC25,2025-04-15,4,0.0,2.0,61.27276310332106,,
AP-REC25,2025-04-15,20,0.0,3.0,62.40276557240312,,
AP-REC25,2025-04-15,21,1.511737089201878,2.960093896713615,60.97429335234373,,
AP-REC25,2025-04-28,10,0.0,3.0,57.31524277206306,,
AP-REC25,2025-04-28,21,0.0,2.25,49.781517925478404,,
AP-REC25,2025-04-28,23,0.4044943820224719,2.0,53.52017707635453,,
AP-REC26,2025-04-02,9,1.012608353033885,2.2750197005516153,59.037860326107804,,
AP-REC26,2025-04-15,4,0.0,2.0,62.27602059630005,,
AP-REC26,2025-04-15,20,1.4610917537746806,2.4622531939605112,61.34666117048713,,
AP-REC26,2025-04-28,20,0.0,2.0,62.02786682768213,,
AP-REC26,2025-04-28,22,0.0,2.6666666666666665,59.74889860417617,,
AP-REC26,2025-04-28,23,4.146067415730337,2.550561797752809,59.57674084059322,,
AP-REC27,2025-01-29,7,0.7092198581560284,2.5193065405831363,58.181023054010325,,
AP-REC27,2025-04-15,4,0.0,2.0,57.92833131300169,,
AP-REC27,2025-04-15,20,0.9886178861788618,2.497560975609756,57.9793488728405,,
AP-REC27,2025-04-24,23,1.0493827160493827,2.6584362139917697,60.282330676037795,,
AP-REC27,2025-04-28,15,0.0,2.0,61.832979059205265,,
AP-REC27,2025-04-28,20,0.0,2.0,62.11362589568672,,
AP-REC27,2025-04-28,22,0.0,2.0,60.38689637340923,,
AP-REC27,2025-04-28,23,1.247191011235955,2.4269662921348316,60.25053527888854,,
AP-REC28,2025-01-21,9,3.806146572104019,3.189125295508274,56.903572874416,,
AP-REC28,2025-04-15,4,0.0,3.0,58.77767262378063,,
AP-REC28,2025-04-15,20,3.7740046838407495,3.4344262295081966,59.77488901960035,,
AP-REC28,2025-04-28,10,0.0,4.0,61.44634358164697,,
AP-REC28,2025-04-28,22,0.3333333333333333,2.0,47.65905051287399,,
AP-REC28,2025-04-28,23,3.4157303370786516,2.3146067415730336,53.11678796402091,,
AP-SAB-CONSELL,2025-03-12,0,0.7378358750907771,3.674655047204067,58.990822615589266,,
AP-SAB-CONSELL,2025-04-15,21,1.9696616102683782,3.6651108518086346,58.70070778094964,,
AP-SAB-CONSELL,2025-04-28,11,0.0,5.0,56.49594148218251,,
AP-SAB-CONSELL,2025-04-29,6,0.5161290322580645,2.693548387096774,58.57832897854476,,
AP-SAB-CONSELL,2025-04-29,12,0.0,2.75,58.24983920174749,,
AP-SAB-S--109,2025-02-14,7,6.11441647597254,10.397597254004577,71.8322778930432,17.17848970251716,4.352402745995423
AP-SAB-S--109,2025-04-23,0,10.670781893004115,13.75514403292181,72.0082050724324,17.012345679012345,7.063786008230453
AP-SAB-S--109,2025-04-28,11,0.0,8.0,71.63223693007086,17.0,2.0
AP-SAB-S--109,2025-04-29,6,0.5161290322580645,8.338709677419354,71.91405835111836,17.0,1.532258064516129
AP-SAB-S--109,2025-04-29,12,0.0,8.25,71.79285348585415,17.0,1.0
AP-SAB-S--110,2025-02-14,7,1.7905009759271309,4.3129472999349385,58.31214360962167,,
AP-SAB-S--110,2025-04-18,17,0.01098901098901099,3.010989010989011,58.93238004948715,,
AP-SAB-S--110,2025-04-22,1,3.4917491749174916,5.207920792079208,58.28660360446238,,
AP-SAB-S--110,2025-04-28,11,0.0,6.0,58.045999399629245,,
AP-SAB-S--110,2025-04-29,6,1.903225806451613,3.774193548387097,58.598398759356954,,
AP-SAB-S--110,2025-04-29,12,0.75,4.25,58.133672221051015,,
AP-SAB-S001,2025-01-29,7,1.517725258493353,7.078286558345643,57.73000111117451,,
AP-SAB-S001,2025-04-15,14,0.006622516556291391,3.543046357615894,59.507399170923215,,
AP-SAB-S001,2025-04-17,9,2.072702331961591,5.223593964334705,57.04800312031355,,
AP-SAB-S001,2025-04-28,15,0.0,6.0,55.95609831758697,,
AP-SAB-S001,2025-04-28,20,0.0,6.0,56.29885173362786,,
AP-SAB-S001,2025-04-28,21,0.0,8.5,57.514316092915394,,
AP-SAB-S001,2025-04-28,23,0.058823529411764705,6.035294117647059,57.32250161887132,,
AP-SAB-S001,2025-04-29,12,0.5,6.0,55.491387429336136,,
AP-SAB-S002,2025-01-29,7,2.715227422544496,8.372445616348056,57.90186070167955,,
AP-SAB-S002,2025-04-17,21,2.6820083682008367,6.511854951185495,57.05312936652766,,
AP-SAB-S002,2025-04-28,15,0.0,5.0,56.226860710163756,,
AP-SAB-S002,2025-04-28,20,0.0,5.0,57.86474242490209,,
AP-SAB-S002,2025-04-28,21,0.0,5.0,58.6718057181878,,
AP-SAB-S002,2025-04-28,23,0.08235294117647059,5.0588235294117645,56.775016330246515,,
AP-SAB-S002,2025-04-29,12,1.5,6.0,55.45450694837499,,
AP-SAB-S003,2025-01-29,7,3.534914950760967,3.6047448522829004,56.723241925886754,,
AP-SAB-S003,2025-04-28,15,0.0,5.333333333333333,59.56846752116383,,
AP-SAB-S003,2025-04-28,20,0.0,6.0,59.65497013040878,,
AP-SAB-S003,2025-04-28,21,0.0,5.0,59.880613115752396,,
AP-SAB-S003,2025-04-28,23,0.0,5.011764705882353,62.64597112329855,,
AP-SAB-S003,2025-04-29,12,1.0,5.25,60.92625557978172,,
AP-SAB-S014,2025-01-29,7,3.603698811096433,7.736459709379128,57.52972859127863,,
AP-SAB-S014,2025-04-17,18,0.0,4.0476190476190474,59.78469258741794,,
AP-SAB-S014,2025-04-18,15,0.0,4.642857142857143,59.480119357652384,,
AP-SAB-S014,2025-04-19,5,0.0,4.0,59.603160940611424,,
AP-SAB-S014,2025-04-19,6,0.03571428571428571,4.25,59.930747803278074,,
AP-SAB-S014,2025-04-20,10,0.0,4.853658536585366,59.053991999592895,,
AP-SAB-S014,2025-04-21,20,5.617886178861789,6.733333333333333,56.8443899880658,,
AP-SAB-S014,2025-04-28,15,0.0,6.333333333333333,58.050537030120125,,
AP-SAB-S014,2025-04-28,20,0.0,7.0,58.12608702626279,,
AP-SAB-S014,2025-04-28,21,0.0,6.25,58.62560352156409,,
AP-SAB-S014,2025-04-28,23,0.15294117647058825,6.094117647058823,58.57824589091772,,
AP-SAB-S014,2025-04-29,12,0.25,6.25,55.73524777181099,,
AP-SAB-S029,2025-04-02,12,3.652897303499713,3.9093516924842224,56.90427281455276,,
AP-SAB-S029,2025-04-22,21,4.5784114052953155,4.014256619144603,56.360733291409154,,
AP-SAB-S029,2025-04-28,15,1.0,2.6666666666666665,61.34900054690263,,
AP-SAB-S029,2025-04-28,20,0.0,3.0,61.869811204018355,,
AP-SAB-S029,2025-04-28,21,1.0,2.5,61.78351327747441,,
AP-SAB-S029,2025-04-28,23,1.7294117647058824,2.9411764705882355,59.85680554093419,,
AP-SAB-S029,2025-04-29,12,2.5,3.0,62.65600939339638,,
AP-SAB-S108,2025-01-29,7,2.522875816993464,9.421931735657227,69.26855821991862,15.0,3.411038489469862
AP-SAB-S108,2025-04-15,21,0.0,6.0,68.5083705474022,15.0,1.0253164556962024
AP-SAB-S108,2025-04-18,15,3.2889842632331905,9.798283261802576,68.75452416754246,15.0,2.8741058655221745
AP-SAB-S108,2025-04-28,15,6.333333333333333,15.333333333333334,69.58904311412232,15.0,2.0
AP-SAB-S108,2025-04-28,20,0.0,10.0,69.01386381869234,15.0,1.0
AP-SAB-S108,2025-04-28,21,3.25,9.75,69.11400831834345,15.0,1.0
AP-SAB-S108,2025-04-28,23,3.1058823529411765,12.223529411764705,69.19076500905969,15.0,2.223529411764706
AP-SAB-S108,2025-04-29,12,3.25,10.75,68.94074241208718,15.0,2.25
AP-SAB-S111,2025-01-29,7,1.6910928616550853,9.07138344914719,60.05313042443745,,
AP-SAB-S111,2025-04-20,15,0.12643678160919541,9.229885057471265,59.8588853175753,,
AP-SAB-S111,2025-04-23,4,2.481818181818182,10.063636363636364,59.758510032930815,,
AP-SAB-S111,2025-04-23,22,3.975476839237057,9.569482288828338,60.385589247023965,,
AP-SAB-S111,2025-04-28,15,0.3333333333333333,10.0,58.91284078297209,,
AP-SAB-S111,2025-04-28,20,0.0,10.0,58.441854549870875,,
AP-SAB-S111,2025-04-28,21,0.0,12.75,57.83926121885577,,
AP-SAB-S111,2025-04-28,23,0.023529411764705882,9.988235294117647,58.98742071439538,,
AP-SAB-S111,2025-04-29,12,0.0,10.25,59.59487666190418,,
AP-SAB-S117,2025-01-29,7,1.1454789615040286,7.555953446732318,70.66026669334312,16.0,1.3146821844225605
AP-SAB-S117,2025-04-28,15,0.0,6.0,70.33477047364566,16.0,1.0
AP-SAB-S117,2025-04-28,20,0.0,6.0,70.30100949324776,16.0,1.0
AP-SAB-S117,2025-04-28,21,0.0,6.0,70.55889792199409,16.0,1.0
AP-SAB-S117,2025-04-28,23,0.9529411764705882,7.141176470588236,70.78623880781629,16.0,1.1058823529411765
AP-SAB-S117,2025-04-29,12,1.5,7.25,70.48711326610342,16.0,1.75
AP-SAB-S119,2025-02-28,8,0.7802148612354521,3.338854073410922,58.034817087650914,,
AP-SAB-S119,2025-04-28,15,0.0,3.0,56.1709328031586,,
AP-SAB-S119,2025-04-28,20,0.0,3.0,56.57680964809566,,
AP-SAB-S119,2025-04-28,21,0.0,3.0,56.67094966710358,,
AP-SAB-S119,2025-04-28,23,0.7529411764705882,2.4352941176470586,58.87783687485585,,
AP-SAB-S119,2025-04-29,12,0.0,2.5,59.53308516242092,,
AP-SAB-S121,2025-01-29,7,2.19680464778504,3.5279593318809006,59.37500985990336,,
AP-SAB-S121,2025-04-15,21,5.003500583430572,3.540256709451575,61.16233950211303,,
AP-SAB-S121,2025-04-28,15,0.0,2.6666666666666665,61.55253153474168,,
AP-SAB-S121,2025-04-28,20,0.0,3.0,61.59941521137862,,
AP-SAB-S121,2025-04-28,21,0.0,2.25,61.899280142278705,,
AP-SAB-S121,2025-04-28,23,0.43529411764705883,2.6588235294117646,61.94487616780134,,
AP-SAB-S121,2025-04-29,12,0.5,3.0,56.634336825184405,,
AP-SAB-S125,2025-02-20,21,0.8790426908150065,3.333117723156533,58.93935882228333,,
AP-SAB-S125,2025-04-19,2,1.0901162790697674,3.1526162790697674,59.08010895136801,,
AP-SAB-S125,2025-04-28,15,0.0,2.3333333333333335,60.5510733823407,,
AP-SAB-S125,2025-04-28,20,0.0,3.0,57.71751409840122,,
AP-SAB-S125,2025-04-28,21,0.0,2.25,59.15671932609527,,
AP-SAB-S125,2025-04-28,23,0.3764705882352941,2.2823529411764705,60.812184650336604,,
AP-SAB-S125,2025-04-29,12,0.25,2.0,60.56222888791628,,
AP-SAB-S2--110,2025-02-18,18,0.13559322033898305,5.279661016949152,68.21899126357208,15.330508474576272,1.3432203389830508
AP-SAB-S2--110,2025-04-04,12,0.0778175313059034,6.603756708407871,68.40078311776794,15.041144901610018,1.1341681574239715
AP-SAB-S2--110,2025-04-15,14,0.3702857142857143,5.769142857142858,68.69588019445519,15.069714285714285,1.3245714285714285
AP-SAB-S2--110,2025-04-28,10,0.0,5.0,68.75710322235594,16.0,1.0
AP-SAB-S2--110,2025-04-29,6,0.03225806451612903,6.870967741935484,65.41671518962774,16.0,1.0
AP-SAB-S2--110,2025-04-29,12,0.75,7.0,65.5555975024339,16.0,1.0
AP-SAB-S2--120,2025-02-18,18,0.4194915254237288,6.067796610169491,68.46802186880682,16.33050847457627,1.4957627118644068
AP-SAB-S2--120,2025-04-04,12,0.5714285714285714,7.073637702503682,68.6398033321348,16.575846833578794,1.402061855670103
AP-SAB-S2--120,2025-04-21,2,0.0,5.0,68.93054178933156,16.0,1.0
AP-SAB-S2--120,2025-04-21,16,1.405144694533762,6.87459807073955,69.0513857886605,16.09967845659164,1.7266881028938907
AP-SAB-S2--120,2025-04-28,10,0.0,6.0,69.01357002732651,17.0,1.0
AP-SAB-S2--120,2025-04-29,6,0.016129032258064516,7.17741935483871,65.34816855685503,17.0,1.0
AP-SAB-S2--120,2025-04-29,12,0.5,7.0,65.3763047927426,17.0,1.5
AP-SAB-S2--128,2025-02-18,18,3.305084745762712,2.8389830508474576,59.73647261344368,,
AP-SAB-S2--128,2025-04-04,12,1.393913043478261,2.737391304347826,55.17469316244353,,
AP-SAB-S2--128,2025-04-16,1,1.405693950177936,2.5599051008303677,57.58639513697018,,
AP-SAB-S2--128,2025-04-28,10,0.0,2.0,57.16812902013532,,
AP-SAB-S2--128,2025-04-29,6,0.0,2.0,51.28946734844574,,
AP-SAB-S2--128,2025-04-29,12,1.75,2.0,51.21872973462237,,
AP-SAB-S2-022,2025-03-17,0,3.5847457627118646,7.067796610169491,70.38965271103014,17.33050847457627,1.9364406779661016
AP-SAB-S2-022,2025-04-04,12,1.423269809428285,8.052156469408224,70.60599977961266,17.71013039117352,1.858074222668004
AP-SAB-S2-022,2025-04-28,10,0.0,9.0,70.81077015643802,18.0,1.0
AP-SAB-S2-022,2025-04-29,6,0.0,6.725806451612903,65.49343548781346,18.0,1.0
AP-SAB-S2-022,2025-04-29,12,0.0,7.25,65.53107081991033,18.0,1.25
AP-SAB-S2-024,2025-02-18,18,3.652542372881356,3.0042372881355934,55.903539007209574,,
AP-SAB-S2-024,2025-04-04,12,2.4813971146545177,3.035687167805619,57.39803030947319,,
AP-SAB-S2-024,2025-04-19,9,3.1384615384615384,2.994871794871795,58.718114318601806,,
AP-SAB-S2-024,2025-04-23,0,2.066390041493776,2.8983402489626555,57.85068110738835,,
AP-SAB-S2-024,2025-04-28,10,0.0,3.0,58.184405483997374,,
AP-SAB-S2-024,2025-04-29,6,0.0,2.032258064516129,53.66563814119535,,
AP-SAB-S2-024,2025-04-29,12,0.75,2.25,52.83628192190827,,
AP-SAB-S205,2025-01-29,7,0.8357206803939122,3.4086839749328557,60.81032078136129,,
AP-SAB-S205,2025-04-28,15,0.0,3.0,58.56598416503016,,
AP-SAB-S205,2025-04-28,20,0.0,3.0,58.553679333267645,,
AP-SAB-S205,2025-04-28,21,0.0,3.0,58.08277246692805,,
AP-SAB-S205,2025-04-28,23,0.3176470588235294,2.988235294117647,60.34890076312057,,
AP-SAB-S205,2025-04-29,12,0.5,3.25,61.29907049945348,,
AP-SAB-S213,2025-01-29,7,0.6374819102749638,7.730101302460203,58.36417972011518,,
AP-SAB-S213,2025-04-15,23,0.0,6.546391752577319,62.52394700858664,,
AP-SAB-S213,2025-04-20,8,0.7887537993920972,7.02887537993921,59.13109589489194,,
AP-SAB-S213,2025-04-28,15,0.0,5.0,58.37070373994322,,
AP-SAB-S213,2025-04-28,20,0.0,5.0,56.88490067530254,,
AP-SAB-S213,2025-04-28,21,0.0,4.25,58.12851636525916,,
AP-SAB-S213,2025-04-28,23,0.023529411764705882,4.258823529411765,58.031294932609256,,
AP-SAB-S213,2025-04-29,12,0.25,5.0,57.54943230447276,,
AP-SAB-S227,2025-01-29,7,2.025756600128783,4.043786220218931,57.32908497176215,,
AP-SAB-S227,2025-04-19,9,0.08695652173913043,3.0217391304347827,59.057426292309025,,
AP-SAB-S227,2025-04-21,7,3.47244094488189,4.196850393700787,57.48746547967349,,
AP-SAB-S227,2025-04-28,15,0.0,3.0,59.113346285988825,,
AP-SAB-S227,2025-04-28,20,0.0,3.0,59.62701393455958,,
AP-SAB-S227,2025-04-28,21,0.0,3.0,59.73619813209073,,
AP-SAB-S227,2025-04-28,23,1.5529411764705883,3.3529411764705883,58.92179753790026,,
AP-SAB-S227,2025-04-29,12,2.0,4.25,59.22147723288657,,
AP-SAB-S233,2025-01-29,7,0.2609802673456397,3.1190324633991087,64.7386464550218,,
AP-SAB-S233,2025-04-20,3,0.0,2.0,67.07582928807514,,
AP-SAB-S233,2025-04-21,11,0.9477020602218701,2.8066561014263076,64.15019663343625,,
AP-SAB-S233,2025-04-28,15,0.0,2.0,65.59571426170818,,
AP-SAB-S233,2025-04-28,20,0.0,2.0,65.94144781013618,,
AP-SAB-S233,2025-04-28,21,0.0,2.0,65.90555732509618,,
AP-SAB-S233,2025-04-28,23,0.4,2.7058823529411766,64.57821750843706,,
AP-SAB-S233,2025-04-29,12,1.0,3.0,63.71524147593819,,
AP-SAB-S239,2025-01-29,7,1.9263880224578915,3.560199625701809,57.11292666647226,,
AP-SAB-S239,2025-04-21,11,2.6561014263074485,3.75594294770206,58.391202482687916,,
AP-SAB-S239,2025-04-28,15,2.0,3.0,59.39616168496423,,
AP-SAB-S239,2025-04-28,20,0.0,2.0,60.83783802363445,,
AP-SAB-S239,2025-04-28,21,2.0,2.0,58.6083475167107,,
AP-SAB-S239,2025-04-28,23,2.8117647058823527,3.0470588235294116,57.74102290527689,,
AP-SAB-S239,2025-04-29,12,2.0,3.0,58.49178668591901,,
AP-SAB-S3,2025-02-14,7,4.118296529968454,4.747634069400631,59.30339158641067,,
AP-SAB-S3,2025-04-08,7,4.225546605293441,4.360184119677791,57.76829505062394,,
AP-SAB-S3,2025-04-17,7,0.0,3.0416666666666665,61.96505907560471,,
AP-SAB-S3,2025-04-19,7,0.0,3.0,61.87533405648985,,
AP-SAB-S3,2025-04-19,9,7.135095447870778,5.130690161527166,58.815210970048,,
AP-SAB-S3,2025-04-28,11,0.0,11.0,57.88318893117963,,
AP-SAB-S3,2025-04-29,6,3.193548387096774,4.064516129032258,57.222507706433625,,
AP-SAB-S3,2025-04-29,12,0.75,3.75,59.23992373916411,,
AP-SAB-S3--103,2025-03-11,15,8.725099601593625,3.887450199203187,57.681984080345785,,
AP-SAB-S3--103,2025-04-11,7,0.0,8.0,57.66343489987328,,
AP-SAB-S3--103,2025-04-11,8,4.255376344086022,3.6451612903225805,56.53066734710103,,
AP-SAB-S3--103,2025-04-15,21,10.500586166471278,4.007033997655334,57.97421178912666,,
AP-SAB-S3--103,2025-04-28,10,0.0,4.0,59.11314697397094,,
AP-SAB-S3--103,2025-04-29,6,0.016129032258064516,2.129032258064516,50.073372771256594,,
AP-SAB-S3--103,2025-04-29,12,0.75,2.0,50.84299316333522,,
AP-SAB-S3--107,2025-03-11,15,4.598923283983849,9.14311350381337,68.52493794516833,15.0,4.341408703454464
AP-SAB-S3--107,2025-04-28,10,0.0,9.0,69.08454675696116,15.0,10.0
AP-SAB-S3--107,2025-04-29,6,0.0,7.483870967741935,65.62154674048357,15.0,1.1612903225806452
AP-SAB-S3--107,2025-04-29,12,0.5,8.5,65.78168791235251,15.0,1.25
AP-SAB-S3--109,2025-03-11,15,6.892857142857143,4.091575091575091,58.24007614249462,,
AP-SAB-S3--109,2025-04-12,3,4.365875109938434,4.470536499560247,59.72580552961136,,
AP-SAB-S3--109,2025-04-28,10,0.0,4.0,58.085642201939976,,
AP-SAB-S3--109,2025-04-29,6,0.016129032258064516,2.774193548387097,50.35598516226014,,
AP-SAB-S3--109,2025-04-29,12,0.5,3.0,51.68843983374084,,
AP-SAB-S3-001,2024-12-09,15,0.0,7.0,61.54861929046259,,
AP-SAB-S3-005,2025-03-21,15,6.402873204247346,9.297938788257339,68.24373402068578,15.0,4.534041224234853
AP-SAB-S3-005,2025-04-21,9,9.422893481717011,13.147853736089031,68.62656114701316,15.0,6.740858505564388
AP-SAB-S3-005,2025-04-28,10,0.0,13.0,69.1563036658895,15.0,14.0
AP-SAB-S3-005,2025-04-29,6,0.016129032258064516,7.064516129032258,65.60718365969404,15.0,1.2096774193548387
AP-SAB-S3-005,2025-04-29,12,0.0,7.0,65.59311955637243,15.0,1.0
AP-SAB-S3-007,2025-03-11,15,3.5182724252491693,3.770764119601329,57.14735927410407,,
AP-SAB-S3-007,2025-04-17,9,5.085517241379311,3.9613793103448276,59.17489345848722,,
AP-SAB-S3-007,2025-04-28,10,0.0,5.0,58.81937776840813,,
AP-SAB-S3-007,2025-04-29,6,0.0,2.0483870967741935,50.245753219527025,,
AP-SAB-S3-007,2025-04-29,12,0.0,2.0,48.78639121172923,,
AP-SAF01,2025-01-21,9,12.249014972419229,9.323089046493301,58.45332792032127,,
AP-SAF01,2025-04-15,4,0.0,2.0093457943925235,61.3389320608974,,
AP-SAF01,2025-04-15,20,7.897435897435898,6.854312354312355,58.86739201348483,,
AP-SAF01,2025-04-28,12,0.0,2.0,59.24441840419007,,
AP-SAF01,2025-04-28,20,0.0,2.0,59.29577884357591,,
AP-SAF01,2025-04-28,21,0.0,2.0,60.370683474565595,,
AP-SAF01,2025-04-28,23,0.7415730337078652,2.955056179775281,59.6543848667535,,
AP-SAF03,2025-01-21,9,4.335697399527187,3.8289992119779352,56.95741562181292,,
AP-SAF03,2025-04-15,4,0.0,2.0,60.17147230617992,,
AP-SAF03,2025-04-15,20,0.0,2.0,60.17147230617992,,
AP-SAF03,2025-04-15,21,3.931924882629108,3.6889671361502345,60.42503687210135,,
AP-SAF03,2025-04-28,10,9.6,6.0,51.08719167982365,,
AP-SAF03,2025-04-28,15,0.0,1.6666666666666667,57.064829301072194,,
AP-SAF03,2025-04-28,20,0.0,2.0,56.85413740241111,,
AP-SAF03,2025-04-28,21,0.0,2.0,56.98399067391618,,
AP-SAF03,2025-04-28,23,0.0,2.0,57.231777701840294,,
AP-SAF03,2025-04-29,4,0.22784810126582278,1.9873417721518987,52.54158337288574,,
AP-SAF05,2025-02-05,14,19.419227738376673,3.855003940110323,59.73113640221119,,
AP-SAF05,2025-04-15,4,0.0,2.0,61.63585936198153,,
AP-SAF05,2025-04-15,20,2.0,12.0,63.911988395887235,,
AP-SAF05,2025-04-15,21,18.762910798122064,3.998826291079812,60.494048221241314,,
AP-SAF05,2025-04-28,10,37.0,7.0,51.98713055428887,,
AP-SAF05,2025-04-28,12,0.0,1.0,57.91151988136184,,
AP-SAF05,2025-04-28,20,0.0,1.0,57.71121249687784,,
AP-SAF05,2025-04-28,21,0.0,1.0,59.0010357541413,,
AP-SAF05,2025-04-28,23,0.3,1.1,59.38271874577506,,
AP-SAF05,2025-04-29,4,6.2025316455696204,2.0253164556962027,55.68370483872788,,
AP-SAF06,2025-01-29,7,4.57210401891253,6.710795902285264,70.5989353043707,18.09613869188337,1.1970055161544524
AP-SAF06,2025-04-15,4,0.009345794392523364,6.0,69.79960556224094,18.0,1.0
AP-SAF06,2025-04-15,20,0.0,4.0,69.22700292590085,18.0,1.0
AP-SAF06,2025-04-15,21,1.602100350058343,6.47024504084014,67.99828382175508,18.403733955659277,1.6849474912485414
AP-SAF06,2025-04-28,15,0.0,4.0,65.88018609223883,19.0,1.0
AP-SAF06,2025-04-28,20,0.0,4.0,65.93858637518385,19.0,1.0
AP-SAF06,2025-04-28,21,0.0,3.75,66.13045661968094,19.0,1.0
AP-SAF06,2025-04-28,23,0.0,3.9,66.17667489804788,19.0,1.0
AP-SAF06,2025-04-29,4,0.26582278481012656,4.037974683544304,65.46240441227262,19.0,1.0506329113924051
AP-SAF07,2025-01-21,9,17.96138691883373,12.575256107171,76.43042459951405,16.58628841607565,2.2505910165484635
AP-SAF07,2025-04-15,4,1.0841121495327102,9.0,76.8284530017382,17.0,1.0
AP-SAF07,2025-04-15,20,12.009291521486643,11.843205574912892,74.52635390110869,16.43554006968641,2.5958188153310107
AP-SAF07,2025-04-28,20,0.0,8.0,75.47215536836475,17.0,1.0
AP-SAF07,2025-04-28,21,9.0,7.75,75.75979425333642,17.0,1.0
AP-SAF07,2025-04-28,23,9.92134831460674,9.202247191011235,75.96411524570999,17.0,1.3595505617977528
AP-SAF08,2025-04-02,9,2.1481481481481484,1.97478329393223,59.12262701263171,,
AP-SAF08,2025-04-15,4,0.0,2.9626168224299065,59.8968206243933,,
AP-SAF08,2025-04-15,20,2.0186480186480185,2.132867132867133,61.4504682704535,,
AP-SAF08,2025-04-28,15,0.6666666666666666,1.0,54.1782983728119,,
AP-SAF08,2025-04-28,20,0.0,2.0,54.10784217123399,,
AP-SAF08,2025-04-28,21,0.0,1.0,54.390622959140416,,
AP-SAF08,2025-04-28,23,0.0,1.3,54.958302016283334,,
AP-SAF08,2025-04-29,4,0.13924050632911392,1.3291139240506329,53.17092668284595,,
AP-SAF09,2025-04-02,9,4.166272655634358,6.334121355397951,69.83521709897906,20.49330181245075,2.326241134751773
AP-SAF09,2025-04-15,4,0.018691588785046728,6.0,69.97050073539243,20.0,5.0
AP-SAF09,2025-04-15,20,1.0,5.0,70.15576883502975,20.0,3.0
AP-SAF09,2025-04-15,21,2.193661971830986,6.708920187793427,69.78590626395486,20.663145539906104,3.295774647887324
AP-SAF09,2025-04-28,10,2.4,12.0,65.86381908406038,20.0,4.8
AP-SAF09,2025-04-28,15,0.0,4.0,66.23244955667536,20.0,4.666666666666667
AP-SAF09,2025-04-28,20,0.0,4.0,66.29270290145742,20.0,5.0
AP-SAF09,2025-04-28,21,0.0,4.75,66.71074842893435,20.0,5.0
AP-SAF09,2025-04-28,23,0.1,4.9,66.61132845143484,20.3,4.4
AP-SAF09,2025-04-29,4,2.569620253164557,5.2405063291139244,66.18759947420287,21.0,4.291139240506329
AP-SAF10,2025-01-21,9,2.702127659574468,3.573680063041765,56.4975815790508,,
AP-SAF10,2025-04-15,4,0.009345794392523364,2.9906542056074765,55.707799356482816,,
AP-SAF10,2025-04-15,20,2.8543123543123543,3.7354312354312356,58.734668783711,,
AP-SAF10,2025-04-28,15,0.0,2.0,54.85731264574841,,
AP-SAF10,2025-04-28,20,0.0,2.0,55.36065784136921,,
AP-SAF10,2025-04-28,21,0.0,1.5,56.628815762940626,,
AP-SAF10,2025-04-28,23,0.0,1.8,56.40953112933865,,
AP-SAF10,2025-04-29,4,0.16455696202531644,2.0,51.26746290532169,,
AP-SAF11,2025-01-29,19,16.498029944838457,6.506698187549252,59.378849108068906,,
AP-SAF11,2025-04-15,4,0.07476635514018691,3.0,60.19954307660227,,
AP-SAF11,2025-04-15,20,13.296187683284458,4.712609970674487,61.61388061873455,,
AP-SAF11,2025-04-22,13,17.058027079303674,3.4294003868471954,53.842830130864684,,
AP-SAF11,2025-04-28,12,1.0,2.3333333333333335,55.76814947169664,,
AP-SAF11,2025-04-28,20,0.0,2.0,57.16526465580653,,
AP-SAF11,2025-04-28,21,0.0,3.5,57.79540153518471,,
AP-SAF11,2025-04-28,23,11.02247191011236,2.269662921348315,55.05626232690454,,
AP-SAF12,2025-01-29,12,10.729708431836091,8.159968479117415,71.66499653747955,21.0,2.5382190701339638
AP-SAF12,2025-04-15,4,0.0,6.0,71.7302196149218,21.0,1.0
AP-SAF12,2025-04-15,20,12.984759671746776,10.525205158264948,71.55631620302368,21.0,3.458382180539273
AP-SAF12,2025-04-28,10,11.2,14.8,65.0435888456428,21.0,4.8
AP-SAF12,2025-04-28,15,0.0,5.0,64.67197018840254,21.0,1.3333333333333333
AP-SAF12,2025-04-28,20,0.0,4.0,64.68417232312976,21.0,2.0
AP-SAF12,2025-04-28,21,0.0,4.25,64.9344833828992,21.0,1.5
AP-SAF12,2025-04-28,23,0.0,4.0,65.01333192574626,21.0,1.1
AP-SAF12,2025-04-29,4,0.21333333333333335,4.986666666666666,63.88843218477014,21.0,1.2666666666666666
AP-SAF12,2025-04-29,12,2.25,6.25,64.68867059537538,21.0,2.5
AP-SAF13,2025-04-02,9,1.2529550827423168,2.6382978723404253,58.031438074015114,,
AP-SAF13,2025-04-15,4,0.0,2.0093457943925235,57.47229811017915,,
AP-SAF13,2025-04-15,20,0.3987138263665595,1.8488745980707395,59.08964081217619,,
AP-SAF13,2025-04-22,10,1.1510128913443831,2.281767955801105,56.55916888935009,,
AP-SAF13,2025-04-28,10,0.0,4.0,54.16114083048234,,
AP-SAF13,2025-04-28,23,0.2247191011235955,1.2359550561797752,56.95346704010081,,
AP-SAF15,2025-01-21,9,12.936958234830575,3.6256895193065404,57.12619818831488,,
AP-SAF15,2025-04-15,4,0.018691588785046728,2.0,60.80220533138404,,
AP-SAF15,2025-04-15,20,8.0,2.0,60.80220533138404,,
AP-SAF15,2025-04-15,21,12.748826291079812,3.732394366197183,58.926672636943266,,
AP-SAF15,2025-04-28,10,9.4,7.2,48.074757617490505,,
AP-SAF15,2025-04-28,15,3.6666666666666665,2.0,54.97074147316931,,
AP-SAF15,2025-04-28,20,0.0,2.0,55.586541612339225,,
AP-SAF15,2025-04-28,21,3.0,1.5,56.80694431475239,,
AP-SAF15,2025-04-28,23,3.3,1.7,55.61185793841388,,
AP-SAF15,2025-04-29,4,9.075949367088608,2.0253164556962027,54.26087210452287,,
AP-SAF16,2025-04-02,9,1.5177304964539007,3.475177304964539,60.87019603813748,,
AP-SAF16,2025-04-15,4,0.0,2.0186915887850465,58.37644960124729,,
AP-SAF16,2025-04-15,20,1.3053613053613053,3.6503496503496504,59.50423913785508,,
AP-SAF16,2025-04-28,15,0.3333333333333333,2.0,62.11180702433793,,
AP-SAF16,2025-04-28,20,0.0,2.0,62.40636393009118,,
AP-SAF16,2025-04-28,21,0.0,2.5,61.177631298164286,,
AP-SAF16,2025-04-28,23,0.18823529411764706,2.4352941176470586,62.809594270880446,,
AP-SAF16,2025-04-29,12,0.25,3.5,61.29917343754655,,
AP-SAF17,2025-01-29,12,6.095350669818755,3.163908589440504,56.653067747716676,,
AP-SAF17,2025-04-15,4,0.018691588785046728,2.0,62.13184325281797,,
AP-SAF17,2025-04-15,20,1.0,2.0,62.131843252817966,,
AP-SAF17,2025-04-15,21,4.82883939038687,2.6436107854630717,57.77131477275708,,
AP-SAF17,2025-04-28,10,0.0,4.0,56.21766490718314,,
AP-SAF17,2025-04-28,23,3.348314606741573,1.9662921348314606,56.75630206175271,,
AP-SAF18,2025-01-26,7,2.6847911741528763,3.268715524034673,56.00258947586625,,
AP-SAF18,2025-04-15,4,0.018691588785046728,3.0,59.3803348785624,,
AP-SAF18,2025-04-15,20,0.0,2.0,58.99009388240523,,
AP-SAF18,2025-04-15,21,3.022274325908558,3.2766705744431417,57.04550537334466,,
AP-SAF18,2025-04-28,10,0.0,4.0,57.15630635636817,,
AP-SAF18,2025-04-28,23,1.2134831460674158,2.0898876404494384,54.43115600749374,,
AP-SI-COMMS,2025-03-27,12,2.4188976377952756,2.8165354330708663,60.07962423112568,,
AP-SI-COMMS,2025-04-15,4,0.0,2.986666666666667,58.3326527603688,,
AP-SI-COMMS,2025-04-15,12,0.041666666666666664,2.2916666666666665,53.027058730830724,,
AP-SI-COMMS,2025-04-15,18,0.0,2.0,54.302273879202886,,
AP-SI-COMMS,2025-04-15,21,2.207701283547258,2.705950991831972,55.57983727851736,,
AP-SI-COMMS,2025-04-28,15,0.0,3.3333333333333335,59.12801183135233,,
AP-SI-COMMS,2025-04-28,20,0.0,2.0,59.42152443761071,,
AP-SI-COMMS,2025-04-28,21,0.0,2.5,59.24536334604729,,
AP-SI-COMMS,2025-04-28,23,2.7058823529411766,3.0470588235294116,56.045414631226905,,
AP-SI-COMMS,2025-04-29,12,4.75,4.75,55.28644753229284,,
AP-SI03,2025-03-10,6,3.141732283464567,3.0,57.14302923267387,,
AP-SI03,2025-04-15,4,0.0,3.973333333333333,57.92485182643328,,
AP-SI03,2025-04-15,12,2.8548931383577054,3.0517435320584925,56.806873159745805,,
AP-SI03,2025-04-28,15,1.6666666666666667,2.3333333333333335,56.396721095317645,,
AP-SI03,2025-04-28,20,0.0,2.0,56.28074895106978,,
AP-SI03,2025-04-28,22,2.0,2.0,56.619500611446306,,
AP-SI03,2025-04-28,23,4.8352941176470585,3.4352941176470586,54.16053514379581,,
AP-SI03,2025-04-29,12,3.5,3.0,52.700362463823076,,
AP-SI05,2025-03-27,12,2.1377952755905514,2.674015748031496,48.12420444203518,15.374015748031496,2.34251968503937
AP-SI05,2025-04-15,4,0.0,3.0,51.873994127278756,16.0,2.0
AP-SI05,2025-04-15,12,1.7435320584926883,21.125984251968504,42.504339482378604,17.58042744656918,2.2227221597300337
AP-SI05,2025-04-28,15,0.0,21.0,41.818899078902795,17.0,1.0
AP-SI05,2025-04-28,20,0.0,21.0,41.82924029555565,17.0,1.0
AP-SI05,2025-04-28,21,0.0,21.0,42.25846202854376,17.0,1.25
AP-SI05,2025-04-28,23,1.6823529411764706,20.988235294117647,43.264672260289366,16.08235294117647,1.9529411764705882
AP-SI05,2025-04-29,12,3.5,21.0,44.30198364945383,16.0,2.25
AP-SI06,2025-03-19,12,3.8724409448818897,2.3874015748031496,56.805815212500015,,
AP-SI06,2025-04-15,4,0.0,2.0,58.81067010084853,,
AP-SI06,2025-04-15,12,0.8333333333333334,2.4166666666666665,54.271578634964264,,
AP-SI06,2025-04-15,18,0.0,2.0,57.55631886289892,,
AP-SI06,2025-04-15,21,2.7024504084014,2.515752625437573,56.01528102289125,,
AP-SI06,2025-04-28,15,1.0,2.0,58.7895883793885,,
AP-SI06,2025-04-28,20,0.0,3.0,58.944836926010026,,
AP-SI06,2025-04-28,21,0.0,2.5,58.593602306214294,,
AP-SI06,2025-04-28,23,3.1294117647058823,2.6941176470588237,57.18338778377594,,
AP-SI06,2025-04-29,12,2.25,2.5,57.86441033766272,,
AP-SI10,2025-03-17,16,2.1244094488188976,2.7393700787401576,61.21317612124618,,
AP-SI10,2025-04-15,4,0.0,3.0,66.0439920531076,,
AP-SI10,2025-04-15,12,0.0625,2.3125,50.967228028965025,,
AP-SI10,2025-04-15,21,1.9148191365227538,2.633605600933489,55.71555571095168,,
AP-SI10,2025-04-28,15,0.0,2.3333333333333335,56.0725048904247,,
AP-SI10,2025-04-28,20,0.0,2.0,56.10819964390223,,
AP-SI10,2025-04-28,21,0.0,2.0,56.74224906593079,,
AP-SI10,2025-04-28,23,2.6470588235294117,2.3176470588235296,55.65012932099469,,
AP-SI10,2025-04-29,12,2.0,2.25,56.384324365199575,,
AP-SI11,2025-03-26,8,2.5188976377952756,2.7700787401574805,57.392763849318804,,
AP-SI11,2025-04-15,4,0.013333333333333334,2.0,58.296230267394144,,
AP-SI11,2025-04-15,12,1.71875,2.34375,55.27889601616332,,
AP-SI11,2025-04-15,21,2.191365227537923,2.3442240373395564,57.86122151284058,,
AP-SI11,2025-04-28,15,1.0,2.0,61.354239946654076,,
AP-SI11,2025-04-28,20,0.0,2.0,62.60641113481531,,
AP-SI11,2025-04-28,21,0.0,2.25,61.3911132667044,,
AP-SI11,2025-04-28,23,4.247058823529412,2.776470588235294,57.64515124113243,,
AP-SI11,2025-04-29,12,4.75,2.5,57.84721162009592,,
AP-SI15,2025-03-25,10,5.183464566929134,3.0952755905511813,59.444323548472326,,
AP-SI15,2025-04-15,4,0.0,3.0,60.79533085699489,,
AP-SI15,2025-04-15,12,4.1766029246344205,3.067491563554556,58.64679786425546,,
AP-SI15,2025-04-28,15,3.0,3.0,61.66088805033032,,
AP-SI15,2025-04-28,20,0.0,3.0,61.53166225363602,,
AP-SI15,2025-04-28,21,4.0,3.0,60.12326684475374,,
AP-SI15,2025-04-28,23,9.129411764705882,3.588235294117647,57.59535839533053,,
AP-SI15,2025-04-29,12,5.75,3.5,56.79229040586897,,
AP-SI16,2025-04-01,10,5.082677165354331,5.863779527559055,67.20994883730548,15.264566929133858,3.164566929133858
AP-SI16,2025-04-15,4,0.0,5.0,66.86388554619602,15.0,2.0
AP-SI16,2025-04-15,12,5.529808773903262,6.750281214848144,67.22400997187513,15.133858267716535,3.4870641169853767
AP-SI16,2025-04-28,15,6.0,5.0,67.90524645221899,16.0,1.3333333333333333
AP-SI16,2025-04-28,20,0.0,5.0,67.9143267816553,16.0,2.0
AP-SI16,2025-04-28,21,3.75,10.75,68.03775587922223,16.0,1.5
AP-SI16,2025-04-28,23,8.694117647058823,6.9411764705882355,68.08438324766453,16.0,2.0823529411764707
AP-SI16,2025-04-29,12,8.0,6.5,67.94850614272045,16.0,2.75
AP-SPAU01,2025-03-27,13,1.9125,8.9,64.55646866915332,,
AP-SPAU01,2025-04-04,13,1.6666666666666667,4.5,62.33888726415779,,
AP-SPAU01,2025-04-04,15,1.7611650485436894,5.165048543689321,63.74507895951204,,
AP-SPAU01,2025-04-09,8,6.855263157894737,8.578947368421053,60.97081910560858,,
AP-SPAU01,2025-04-09,19,1.0,3.3076923076923075,58.73624950887169,,
AP-SPAU01,2025-04-10,1,6.44017094017094,8.23076923076923,61.63834368223269,,
AP-SPAU01,2025-04-11,20,1.0,3.2142857142857144,63.4887402042832,,
AP-SPAU01,2025-04-12,9,0.7311827956989247,6.774193548387097,65.97347311014437,,
AP-SPAU01,2025-04-15,21,1.0081967213114753,3.2950819672131146,66.53737704786553,,
AP-SPAU01,2025-04-17,3,0.0,4.0,67.01136665696602,,
AP-SPAU01,2025-04-19,5,3.1607717041800645,5.971061093247588,62.795740010255855,,
AP-SPAU01,2025-04-23,19,5.2710027100271,7.6016260162601625,62.143940068853915,,
AP-SPAU01,2025-04-28,10,0.8333333333333334,11.0,64.22340208571553,,
AP-SPAU01,2025-04-28,19,0.0,2.0,47.80216250913732,,
AP-SPAU01,2025-04-28,20,0.0,3.0,48.05555491903015,,
AP-SPAU01,2025-04-29,7,1.7272727272727273,2.581818181818182,53.65815064244047,,
AP-SPAU02,2025-03-31,15,3.7005494505494507,5.331501831501831,59.58281250756748,,
AP-SPAU02,2025-04-12,3,1.0,2.5454545454545454,61.828293219560095,,
AP-SPAU02,2025-04-12,14,0.752411575562701,6.112540192926045,63.15553679699832,,
AP-SPAU02,2025-04-16,7,0.9857142857142858,2.242857142857143,66.90300095154184,,
AP-SPAU02,2025-04-16,16,1.0,2.625,66.17474983716089,,
AP-SPAU02,2025-04-16,20,1.0,2.5,65.39649354544142,,
AP-SPAU02,2025-04-16,22,1.0,2.75,65.399784879078,,
AP-SPAU02,2025-04-17,2,1.0,3.0,65.04751550766848,,
AP-SPAU02,2025-04-17,3,0.0,2.0,66.30751357135819,,
AP-SPAU02,2025-04-19,5,2.702127659574468,5.042553191489362,60.96883976974398,,
AP-SPAU02,2025-04-24,4,4.505681818181818,6.457386363636363,59.748300051036466,,
AP-SPAU02,2025-04-28,10,0.0,9.0,58.39350408000055,,
AP-SPAU02,2025-04-28,19,1.0,2.0,57.156397657981145,,
AP-SPAU02,2025-04-28,20,0.0,2.0,59.756024903929216,,
AP-SPAU02,2025-04-29,7,0.8490566037735849,2.3207547169811322,52.70057950359896,,
AP-SPAU03,2025-04-02,9,0.0,3.0,65.68686184490134,,
AP-SPAU03,2025-04-03,2,6.415441176470588,5.543382352941176,62.5769122760581,,
AP-SPAU03,2025-04-15,21,0.0,3.0081967213114753,66.03157970007344,,
AP-SPAU03,2025-04-17,3,0.0,3.0,66.2218869802038,,
AP-SPAU03,2025-04-19,5,4.981981981981982,5.027027027027027,62.650887269687814,,
AP-SPAU03,2025-04-25,0,7.219409282700422,5.531645569620253,63.988715425200894,,
AP-SPAU03,2025-04-28,10,0.8,7.0,62.07432681709544,,
AP-SPAU03,2025-04-28,19,0.0,2.0,50.87571673556418,,
AP-SPAU03,2025-04-28,20,0.0,3.0,51.90869781414629,,
AP-SPAU03,2025-04-29,7,0.2962962962962963,6.166666666666667,53.71449751697804,,
AP-SPAU04,2025-04-02,21,1.1232876712328768,3.4885844748858448,61.373828323923725,,
AP-SPAU04,2025-04-04,10,2.3822260569456426,3.7575496117342535,61.22853695664049,,
AP-SPAU04,2025-04-15,21,0.0,2.727272727272727,62.535391914021645,,
AP-SPAU04,2025-04-17,3,0.0,3.0,62.903732152145864,,
AP-SPAU04,2025-04-19,5,8.076358296622614,4.399412628487519,60.22585411891065,,
AP-SPAU04,2025-04-28,10,0.0,6.0,60.01819301003444,,
AP-SPAU04,2025-04-28,19,0.0,2.0,47.239966561410824,,
AP-SPAU04,2025-04-28,20,0.0,3.0,49.03505294491025,,
AP-SPAU04,2025-04-29,7,0.14,2.06,50.354532040206514,,
AP-SPAU04,2025-04-29,12,6.25,3.5,53.376856394521496,,
AP-SPAU05,2025-04-02,9,2.062992125984252,4.866141732283465,58.48974494531716,,
AP-SPAU05,2025-04-03,19,2.7716535433070866,3.8503937007874014,59.30903467624717,,
AP-SPAU05,2025-04-04,17,0.0,2.5,62.36423539661134,,
AP-SPAU05,2025-04-04,18,0.8669950738916257,4.0911330049261085,59.50489132045796,,
AP-SPAU05,2025-04-08,10,3.7037037037037037,6.0,59.00206215135913,,
AP-SPAU05,2025-04-08,13,1.3415841584158417,5.887376237623762,58.68252412607989,,
AP-SPAU05,2025-04-17,3,0.0,4.0,60.914441867153066,,
AP-SPAU05,2025-04-19,5,3.2143906020558,5.49632892804699,59.14652555660555,,
AP-SPAU05,2025-04-28,10,0.0,10.0,59.91333579286751,,
AP-SPAU05,2025-04-28,19,0.0,2.5,45.77263327600786,,
AP-SPAU05,2025-04-28,20,0.0,3.0,46.050385314289514,,
AP-SPAU05,2025-04-29,7,0.07407407407407407,3.0,49.089141492405105,,
AP-SPAU06,2025-03-10,5,1.6542835481425322,5.1508718726307805,60.33754764777767,,
AP-SPAU06,2025-04-15,9,0.0,16.94736842105263,61.93521519456633,,
AP-SPAU06,2025-04-15,20,0.0,4.0,61.22238967614351,,
AP-SPAU06,2025-04-15,21,0.0,3.8181818181818183,61.39858909485462,,
AP-SPAU06,2025-04-16,2,0.08108108108108109,3.6216216216216215,59.66816443116192,,
AP-SPAU06,2025-04-17,3,0.0,3.0,61.07346063332242,,
AP-SPAU06,2025-04-19,5,2.226138032305433,5.1938325991189425,58.26174896232703,,
AP-SPAU06,2025-04-28,10,0.0,4.0,56.38925107184514,,
AP-SPAU06,2025-04-28,19,1.0,3.0,48.0046605355903,,
AP-SPAU06,2025-04-28,20,0.0,3.0,48.824808603175555,,
AP-SPAU06,2025-04-29,7,0.24074074074074073,3.1481481481481484,49.08528089951055,,
AP-SPAU07,2025-03-31,0,5.1921280853902605,3.647765176784523,57.18972019334568,,
AP-SPAU07,2025-04-17,3,0.0,3.0,61.27173193216268,,
AP-SPAU07,2025-04-19,5,6.88986013986014,4.274475524475524,56.72526240897311,,
AP-SPAU07,2025-04-26,9,6.777777777777778,3.5555555555555554,52.878105950916336,,
AP-SPAU07,2025-04-28,10,0.0,6.0,55.41192996285492,,
AP-SPAU07,2025-04-28,19,0.0,2.0,50.16938597481193,,
AP-SPAU07,2025-04-28,20,0.0,2.0,50.40135472975295,,
AP-SPAU07,2025-04-29,7,2.6,2.9454545454545453,52.18322519663601,,
AP-SPAU08,2025-04-02,9,0.0,2.037037037037037,59.71335462765428,,
AP-SPAU08,2025-04-03,4,5.178571428571429,7.214285714285714,58.29677287688679,,
AP-SPAU08,2025-04-03,15,2.9805825242718447,4.475728155339806,58.78729402008495,,
AP-SPAU08,2025-04-05,9,4.839622641509434,6.092452830188679,59.33862679188147,,
AP-SPAU08,2025-04-15,21,0.0,2.8360655737704916,63.04405988454189,,
AP-SPAU08,2025-04-17,3,0.0,3.0,63.01789497292602,,
AP-SPAU08,2025-04-19,5,5.067547723935389,5.748898678414097,58.337183842359224,,
AP-SPAU08,2025-04-28,10,1.6,9.0,54.22528110871523,,
AP-SPAU08,2025-04-28,19,0.0,20.5,46.68155336482607,,
AP-SPAU08,2025-04-28,20,0.0,20.0,46.674473014250786,,
AP-SPAU08,2025-04-29,7,0.39215686274509803,2.1372549019607843,52.85726477716571,,
AP-SPAU08,2025-04-29,12,6.25,3.25,53.0283321794719,,
AP-SPAU09,2025-03-12,13,7.271389144434223,6.5114995400183995,59.17223473224193,,
AP-SPAU09,2025-04-11,22,1.0,2.0,61.33484103923721,,
AP-SPAU09,2025-04-11,23,0.3,2.45,59.955378574440246,,
AP-SPAU09,2025-04-12,19,0.0,2.142857142857143,58.52095345931735,,
AP-SPAU09,2025-04-13,2,0.0,2.0,58.718644042389535,,
AP-SPAU09,2025-04-13,5,0.011406844106463879,6.448669201520913,57.90055424883425,,
AP-SPAU09,2025-04-15,23,0.0,2.875,58.98249753312131,,
AP-SPAU09,2025-04-16,16,0.0,2.7857142857142856,60.06079301276786,,
AP-SPAU09,2025-04-17,3,0.0,2.0,59.94885391054477,,
AP-SPAU09,2025-04-19,5,4.8,6.405,58.53330885137272,,
AP-SPAU09,2025-04-23,0,7.754385964912281,9.31578947368421,57.336231621534935,,
AP-SPAU09,2025-04-23,20,6.953678474114441,6.3732970027247955,55.693536332118505,,
AP-SPAU09,2025-04-28,10,0.0,7.0,52.78551553974935,,
AP-SPAU09,2025-04-28,19,0.0,2.0,48.441510110060335,,
AP-SPAU09,2025-04-28,20,0.0,2.0,48.84176564000211,,
AP-SPAU09,2025-04-29,7,1.6181818181818182,2.5272727272727273,51.97077216960703,,
AP-SPAU10,2025-03-29,20,3.729651162790698,7.953488372093023,70.77830216803635,16.0,1.691860465116279
AP-SPAU10,2025-04-05,15,0.2857142857142857,5.0,70.62151395559353,16.0,1.0
AP-SPAU10,2025-04-05,17,0.0,5.0,70.58010056506433,16.0,1.0
AP-SPAU10,2025-04-05,19,2.594713656387665,10.154185022026432,70.7372796483651,16.0,1.637885462555066
AP-SPAU10,2025-04-16,21,0.0,5.0,70.85092871585577,16.0,1.0
AP-SPAU10,2025-04-17,3,0.0,5.0,70.86341756919374,16.0,1.0
AP-SPAU10,2025-04-19,5,0.0,12.0,70.62441502874717,16.0,1.0
AP-SPAU10,2025-04-19,7,0.0,8.025,71.69134387646086,16.0,1.0
AP-SPAU10,2025-04-22,2,4.287037037037037,16.675925925925927,71.92218824325589,17.98148148148148,3.4444444444444446
AP-SPAU10,2025-04-22,19,1.0,8.0,71.8175333207286,18.0,1.0
AP-SPAU10,2025-04-22,21,4.176151761517615,13.260162601626016,71.88949315005287,16.065040650406505,2.1463414634146343
AP-SPAU10,2025-04-25,23,2.0,8.555555555555555,71.89504962854326,16.0,1.0
AP-SPAU10,2025-04-26,8,2.0,8.0,71.8424936175458,16.0,1.0
AP-SPAU10,2025-04-26,9,7.36697247706422,8.20183486238532,65.76063616625213,16.0,3.0
AP-SPAU10,2025-04-28,10,0.0,20.0,66.52334870972055,16.0,3.0
AP-SPAU10,2025-04-28,19,1.0,4.0,64.91108371669841,16.0,1.0
AP-SPAU10,2025-04-28,20,0.0,4.0,64.6836141195347,16.0,1.0
AP-SPAU10,2025-04-29,7,0.8235294117647058,6.137254901960785,65.3679376472874,16.0,3.0784313725490198
AP-SPAU10,2025-04-29,12,2.75,7.75,65.56395505070448,16.0,1.25
AP-TAULI01,2025-04-02,9,0.5210384959713519,2.195613249776186,57.07387641471672,,
AP-TAULI01,2025-04-28,16,0.0,2.0,62.54476285354849,,
AP-TAULI01,2025-04-28,20,0.0,2.0,62.13134556951584,,
AP-TAULI01,2025-04-28,21,0.0,4.25,62.159649964653745,,
AP-TAULI01,2025-04-28,23,1.8941176470588235,2.176470588235294,58.78181862265457,,
AP-TAULI01,2025-04-29,12,1.5,2.0,58.95037051984775,,
AP-TAULI02,2025-04-02,9,1.0,1.9565217391304348,57.48056469647552,,
AP-TAULI02,2025-04-03,3,4.911278905143936,2.672015101462954,56.99165590725904,,
AP-TAULI02,2025-04-27,7,9.793103448275861,3.160919540229885,56.12667141914095,,
AP-TAULI02,2025-04-28,10,1.0,5.0,55.31270838250493,,
AP-TAULI02,2025-04-28,16,2.3333333333333335,2.0,55.20422893794717,,
AP-TAULI02,2025-04-28,20,0.0,2.0,56.60368812686614,,
AP-TAULI02,2025-04-28,21,11.303370786516854,2.662921348314607,56.12311497631795,,
AP-TAULI02,2025-04-29,12,7.25,3.25,54.01881772789456,,
AP-TAULI03,2025-04-02,9,0.0,2.0,60.137244553498405,,
AP-TAULI03,2025-04-03,3,0.5776309579990562,2.3544124587069373,57.4719695804146,,
AP-TAULI03,2025-04-27,7,1.6436781609195403,2.3333333333333335,53.26074424212067,,
AP-TAULI03,2025-04-28,10,0.0,3.0,54.49033864233714,,
AP-TAULI03,2025-04-28,16,0.0,1.6666666666666667,55.31457260628892,,
AP-TAULI03,2025-04-28,20,0.0,2.0,54.958672951463925,,
AP-TAULI03,2025-04-28,22,0.0,1.3333333333333333,57.54304686061851,,
AP-TAULI03,2025-04-28,23,1.2584269662921348,2.168539325842697,55.58541280336869,,
AP-TAULI04,2025-03-19,12,0.0,2.0434782608695654,57.09194611363546,,
AP-TAULI04,2025-04-03,3,1.7097488921713442,2.7703101920236337,54.85911641607256,,
AP-TAULI04,2025-04-15,21,3.77023498694517,3.284595300261097,58.50805940469947,,
AP-TAULI04,2025-04-27,7,6.923076923076923,3.7252747252747254,54.21822092279268,,
AP-TAULI04,2025-04-28,16,0.3333333333333333,2.0,55.814713294316874,,
AP-TAULI04,2025-04-28,20,0.0,2.0,55.525358790275824,,
AP-TAULI04,2025-04-28,21,0.0,2.0,56.03091998942477,,
AP-TAULI04,2025-04-28,23,5.0,2.835294117647059,54.802456881544316,,
AP-TAULI04,2025-04-29,12,6.0,3.0,55.122594256204785,,
AP-TAULI05,2025-03-22,21,0.0,2.1739130434782608,59.77721933189873,,
AP-TAULI05,2025-04-03,3,1.7023584905660378,2.831132075471698,56.68880187858308,,
AP-TAULI05,2025-04-27,7,2.5494505494505493,3.4175824175824174,54.029571684740034,,
AP-TAULI05,2025-04-28,16,0.3333333333333333,2.6666666666666665,53.06441988793079,,
AP-TAULI05,2025-04-28,20,0.0,2.0,50.33480838548385,,
AP-TAULI05,2025-04-28,21,0.0,2.0,52.92599381268661,,
AP-TAULI05,2025-04-28,23,2.1294117647058823,2.447058823529412,55.48846876845409,,
AP-TAULI05,2025-04-29,12,2.5,2.75,55.236023083625696,,
AP-TAULI06,2025-03-19,12,1.0629958002799813,2.9664022398506766,56.80918552487597,,
AP-TAULI06,2025-04-27,7,1.5348837209302326,3.0348837209302326,55.03662500297761,,
AP-TAULI06,2025-04-28,10,2.4,3.8,48.31636388426135,,
AP-TAULI06,2025-04-28,16,1.0,3.0,54.793639020204076,,
AP-TAULI06,2025-04-28,20,0.0,3.0,54.98909250063589,,
AP-TAULI06,2025-04-28,22,2.3260869565217392,3.032608695652174,56.45741749435172,,
AP-TAULI07,2025-04-02,9,0.0,21.0,55.82140967996732,,
AP-TAULI07,2025-04-03,3,2.2797169811320757,3.090566037735849,56.79471541960765,,
AP-TAULI07,2025-04-27,7,2.340659340659341,3.769230769230769,53.06503799519477,,
AP-TAULI07,2025-04-28,16,0.0,2.3333333333333335,52.033629451317644,,
AP-TAULI07,2025-04-28,20,0.0,2.0,52.04950996455062,,
AP-TAULI07,2025-04-28,21,0.0,2.5,53.84919007234239,,
AP-TAULI07,2025-04-28,23,1.6352941176470588,2.8941176470588235,54.50908059937059,,
AP-TAULI07,2025-04-29,12,5.25,3.5,55.98450565081795,,
AP-TAULI08,2025-04-02,9,1.0,2.347826086956522,60.50514662133034,,
AP-TAULI08,2025-04-03,3,0.6255539143279173,2.6979320531757756,57.2916753657101,,
AP-TAULI08,2025-04-15,21,5.090078328981723,3.08355091383812,59.11549917425238,,
AP-TAULI08,2025-04-27,7,6.5054945054945055,3.2527472527472527,52.54439350793273,,
AP-TAULI08,2025-04-28,16,0.0,2.3333333333333335,54.32347151790685,,
AP-TAULI08,2025-04-28,20,0.0,3.0,54.055252442157034,,
AP-TAULI08,2025-04-28,22,1.3595505617977528,2.359550561797753,56.81526182330423,,
AP-TAULI08,2025-04-29,12,19.25,4.75,56.013904770197776,,
AP-TAULI09,2025-04-02,9,1.0,2.5652173913043477,55.935738914088105,,
AP-TAULI09,2025-04-03,3,4.019811320754717,3.2797169811320757,56.569384008196124,,
AP-TAULI09,2025-04-27,7,9.241758241758241,3.934065934065934,53.05492745799035,,
AP-TAULI09,2025-04-28,16,0.0,2.3333333333333335,53.3867253231194,,
AP-TAULI09,2025-04-28,20,0.0,3.0,53.463131048105275,,
AP-TAULI09,2025-04-28,22,0.0,2.0,54.17154563390674,,
AP-TAULI09,2025-04-28,23,7.7176470588235295,3.552941176470588,54.844230391808644,,
AP-TAULI09,2025-04-29,12,7.75,3.75,55.32243558474279,,
AP-TAULI10,2025-04-01,21,1.0,2.9565217391304346,56.94957054959231,,
AP-TAULI10,2025-04-03,3,1.504245283018868,3.1641509433962263,56.496911837954606,,
AP-TAULI10,2025-04-27,7,0.978021978021978,3.1868131868131866,53.72422214535373,,
AP-TAULI10,2025-04-28,16,1.0,2.0,54.0006612385053,,
AP-TAULI10,2025-04-28,20,0.0,3.0,54.22883292048295,,
AP-TAULI10,2025-04-28,21,1.8709677419354838,2.774193548387097,54.456327896387926,,
AP-TAULI11,2025-04-02,9,0.0,3.0,59.74887909328871,,
AP-TAULI11,2025-04-03,3,1.6259433962264151,3.255188679245283,56.292463760373266,,
AP-TAULI11,2025-04-27,7,5.153846153846154,3.802197802197802,54.691931541465905,,
AP-TAULI11,2025-04-28,16,1.0,3.0,52.44160683009584,,
AP-TAULI11,2025-04-28,20,0.0,3.0,54.82668304319232,,
AP-TAULI11,2025-04-28,22,3.2065217391304346,3.130434782608696,55.80964208516109,,
AP-TAULI12,2025-04-02,9,0.0,2.0869565217391304,54.901405746572394,,
AP-TAULI12,2025-04-03,3,0.9976415094339622,2.897169811320755,56.32336833796416,,
AP-TAULI12,2025-04-27,7,0.5494505494505495,2.967032967032967,52.108911687102534,,
AP-TAULI12,2025-04-28,16,2.0,3.0,52.70671807054891,,
AP-TAULI12,2025-04-28,20,0.0,3.0,52.35611152230653,,
AP-TAULI12,2025-04-28,22,0.3333333333333333,3.0,53.28371562094454,,
AP-TAULI12,2025-04-28,23,0.49411764705882355,3.011764705882353,53.74711293137158,,
AP-TAULI12,2025-04-29,12,4.5,3.0,57.6277449203363,,
AP-TAULI13,2025-03-19,12,0.0,2.0434782608695654,61.56075859102566,,
AP-TAULI13,2025-04-03,3,1.5416666666666667,2.2864583333333335,55.743249064003315,,
AP-TAULI13,2025-04-04,9,2.3061754021795537,2.9719771665801766,57.05310200153646,,
AP-TAULI13,2025-04-27,7,2.872093023255814,2.883720930232558,54.20549014143085,,
AP-TAULI13,2025-04-28,10,0.0,5.0,56.17270512858704,,
AP-TAULI13,2025-04-28,16,0.3333333333333333,2.0,52.87211720826067,,
AP-TAULI13,2025-04-28,20,0.0,2.0,53.1753591053559,,
AP-TAULI13,2025-04-28,22,0.0,2.0,54.119559808309106,,
AP-TAULI13,2025-04-28,23,4.719101123595506,2.7865168539325844,54.78817323375507,,
AP-TAULI14,2025-03-19,12,0.0,2.0,60.803644051771364,,
AP-TAULI14,2025-04-03,3,1.1109013685700801,3.558282208588957,57.83839528132142,,
AP-TAULI14,2025-04-27,7,2.310344827586207,1.8275862068965518,54.48896308898475,,
AP-TAULI14,2025-04-28,10,0.0,2.0,57.89514407179701,,
AP-TAULI14,2025-04-28,16,0.0,1.0,57.40592377277266,,
AP-TAULI14,2025-04-28,20,0.0,1.0,57.51249364111119,,
AP-TAULI14,2025-04-28,22,1.8295454545454546,1.8295454545454546,56.99832030746295,,
AP-TAULI14,2025-04-29,12,1.75,2.0,57.184156928782734,,
AP-TAULI15,2025-04-02,9,0.0,2.0869565217391304,60.11321767395484,,
AP-TAULI15,2025-04-03,3,1.8558758314855877,2.6725794530672577,56.03990796125884,,
AP-TAULI15,2025-04-15,21,2.2219321148825064,2.825065274151436,59.212056989261065,,
AP-TAULI15,2025-04-27,7,2.8372093023255816,2.7674418604651163,52.58609553922018,,
AP-TAULI15,2025-04-28,10,0.0,3.0,53.41294738506453,,
AP-TAULI15,2025-04-28,16,0.0,1.6666666666666667,50.802763166337066,,
AP-TAULI15,2025-04-28,20,0.0,1.0,50.739120571406296,,
AP-TAULI15,2025-04-28,21,0.0,1.75,51.953565396015556,,
AP-TAULI15,2025-04-28,23,3.5176470588235293,2.611764705882353,54.349468277940126,,
AP-TAULI15,2025-04-29,12,20.0,3.25,55.830081504054796,,
AP-TAULI16,2025-03-19,12,0.0,2.3043478260869565,62.54270642676677,,
AP-TAULI16,2025-04-03,3,1.1585653610193487,2.6432279377064654,56.49443549769086,,
AP-TAULI16,2025-04-27,7,1.372093023255814,2.7093023255813953,54.93244282655526,,
AP-TAULI16,2025-04-28,10,0.0,3.0,55.288418572996605,,
AP-TAULI16,2025-04-28,16,0.0,2.0,53.577407249973454,,
AP-TAULI16,2025-04-28,20,0.0,2.0,53.98788259314339,,
AP-TAULI16,2025-04-28,21,0.0,2.0,53.793546214799825,,
AP-TAULI16,2025-04-28,23,2.2470588235294118,2.3058823529411763,55.59168377815451,,
AP-TAULI16,2025-04-29,12,5.0,3.25,55.5433120888205,,
AP-TERMICA01,2025-01-29,7,0.36929133858267715,1.963779527559055,59.98983046632718,,
AP-TERMICA01,2025-04-15,4,0.0,2.0,62.81390568679438,,
AP-TERMICA01,2025-04-15,12,0.0,2.0,64.11208069197171,,
AP-TERMICA01,2025-04-15,21,0.283704572098476,1.7819460726846423,62.40856775706271,,
AP-TERMICA01,2025-04-28,10,0.0,2.0,59.06548395153954,,
AP-TERMICA01,2025-04-28,23,0.6588235294117647,1.1176470588235294,58.091280997982274,,
AP-TERMICA01,2025-04-29,12,0.75,1.0,60.062408053905045,,
AP-VET01,2025-04-01,12,0.11662726556343578,4.138691883372735,65.54834685384195,15.0,1.0110323089046493
AP-VET01,2025-04-15,4,0.0,4.0,65.76163257119936,15.0,1.0
AP-VET01,2025-04-15,20,1.3185011709601873,5.086651053864169,66.74120259498723,15.0,1.2470725995316159
AP-VET01,2025-04-28,10,0.0,5.0,67.51287067330192,15.0,1.0
AP-VET01,2025-04-28,22,0.0,4.0,65.35025828395898,15.0,1.0
AP-VET01,2025-04-28,23,0.0,3.9647058823529413,65.37144003977068,15.0,1.0
AP-VET01,2025-04-29,12,0.0,4.0,65.77734388057394,15.0,1.0
AP-VET03,2025-01-21,9,12.258471237194641,7.615445232466509,58.54823035978332,,
AP-VET03,2025-04-15,4,0.0,4.990654205607477,57.97769190630651,,
AP-VET03,2025-04-15,20,5.334894613583138,6.181498829039812,60.59664362578932,,
AP-VET03,2025-04-28,10,0.0,12.0,59.342342666196146,,
AP-VET03,2025-04-28,21,0.0,3.0,46.219738169888885,,
AP-VET03,2025-04-28,23,0.0449438202247191,2.0,50.623965361029754,,
AP-VET06,2025-04-01,12,15.880220646178094,9.96769109535067,68.53456671431847,19.56028368794326,6.74468085106383
AP-VET06,2025-04-15,4,0.0,4.0,68.33383473726434,21.0,1.0
AP-VET06,2025-04-15,20,0.0,4.0,68.33383473726434,21.0,1.0
AP-VET06,2025-04-15,21,0.0,4.0,68.57766720776507,21.0,1.0
AP-VET06,2025-04-15,23,14.015348288075561,41.9185360094451,72.75437386310642,21.0,8.174734356552538
AP-VET06,2025-04-28,10,0.0,17.0,70.58952567188128,21.0,6.0
AP-VET06,2025-04-28,21,0.0,11.5,64.69836407827333,21.0,3.0
AP-VET06,2025-04-28,23,13.02247191011236,9.820224719101123,66.86013906441548,21.0,8.741573033707866
AP-VET07,2025-02-13,9,10.333333333333334,8.887312844759654,69.14580103228329,16.88573680063042,3.226950354609929
AP-VET07,2025-04-15,4,0.009345794392523364,4.0,69.14583163587211,16.0,1.0
AP-VET07,2025-04-15,20,12.064102564102564,29.412587412587413,71.84068957039622,16.842657342657343,10.142191142191143
AP-VET07,2025-04-28,15,8.0,6.666666666666667,66.42905691491733,17.0,4.0
AP-VET07,2025-04-28,20,0.0,7.0,66.7824074074074,17.0,3.0
AP-VET07,2025-04-28,22,5.666666666666667,4.333333333333333,65.64447183885714,17.0,1.3333333333333333
AP-VET07,2025-04-28,23,17.348314606741575,8.595505617977528,66.83165861398103,17.0,6.179775280898877
AP-VET08,2025-01-21,9,4.524822695035461,8.019700551615445,69.0286846991966,15.0,2.534278959810875
AP-VET08,2025-04-15,4,0.0,4.0,68.87200828987832,15.0,1.0
AP-VET08,2025-04-15,20,3.7072599531615924,8.001170960187354,68.86006383991736,15.0,3.0714285714285716
AP-VET08,2025-04-28,10,0.0,10.0,69.01685722627523,15.0,3.0
AP-VET08,2025-04-28,21,0.0,5.5,65.11242628448197,15.0,2.25
AP-VET08,2025-04-28,23,3.595505617977528,5.808988764044944,64.62295929656409,15.0,3.4831460674157304
AP-VET09,2025-01-30,1,4.3522458628841605,8.490937746256895,71.61102080626657,15.90307328605201,2.0386130811662726
AP-VET09,2025-04-15,4,0.009345794392523364,6.0,71.62596938093328,16.0,1.0
AP-VET09,2025-04-15,20,3.5034965034965033,8.798368298368299,71.67269714116216,15.92890442890443,2.4195804195804196
AP-VET09,2025-04-28,15,1.0,5.333333333333333,71.5189760060809,16.0,1.0
AP-VET09,2025-04-28,20,0.0,5.0,71.53070263404197,16.0,1.0
AP-VET09,2025-04-28,21,2.0,5.75,71.65787104282616,16.0,1.0
AP-VET09,2025-04-28,23,4.50561797752809,8.146067415730338,71.71291035193487,16.0,1.3258426966292134
AP-VET10,2025-01-21,9,7.163120567375887,7.196217494089835,55.79076923717059,,
AP-VET10,2025-04-15,4,0.0,5.990654205607477,57.20797420183229,,
AP-VET10,2025-04-15,20,6.737397420867526,7.966002344665885,58.09525424300605,,
AP-VET10,2025-04-28,10,0.0,10.0,56.04506905409523,,
AP-VET10,2025-04-28,21,0.0,3.0,46.114053867522,,
AP-VET10,2025-04-28,23,3.3294117647058825,2.588235294117647,54.039136728106044,,
AP-VET10,2025-04-29,12,9.25,4.25,54.072129813850694,,
AP-VET11,2025-03-06,21,4.200157604412923,9.882584712371946,56.73236513482972,,
AP-VET11,2025-04-15,4,0.0,8.0,60.12843165168413,,
AP-VET11,2025-04-15,20,3.4543325526932085,9.886416861826698,58.022631062665916,,
AP-VET11,2025-04-28,10,0.0,15.0,57.34106143603187,,
AP-VET11,2025-04-28,21,0.0,5.25,50.200567265872586,,
AP-VET11,2025-04-28,23,0.20224719101123595,2.033707865168539,50.03132158255653,,
AP-VET12,2025-01-21,9,8.686367218282111,36.997635933806144,62.95187896069018,,
AP-VET12,2025-04-15,4,0.0,30.0,59.688419313715876,,
AP-VET12,2025-04-15,20,7.591334894613583,36.049180327868854,65.24036898422312,,
AP-VET12,2025-04-28,10,0.0,49.0,68.36618950176101,,
AP-VET12,2025-04-28,21,0.0,4.25,49.23212121073243,,
AP-VET12,2025-04-28,23,0.5955056179775281,2.2134831460674156,52.31816295931241,,
AP-VET13,2025-04-01,12,0.22301024428684002,4.240346729708432,65.54236254160058,15.0,1.0937746256895193
AP-VET13,2025-04-15,4,0.0,4.0,65.59951196684048,15.0,1.0
AP-VET13,2025-04-15,20,1.984777517564403,5.111241217798595,66.03630668515652,15.0,1.4637002341920375
AP-VET13,2025-04-28,10,0.0,5.0,66.71262869367563,15.0,1.0
AP-VET13,2025-04-28,21,0.0,10.5,64.59240006131753,15.0,1.0
AP-VET13,2025-04-28,23,0.02247191011235955,4.0,65.24228330606127,15.0,1.0
AP-VET14,2025-04-01,12,2.705279747832939,5.353821907013397,67.38929081698242,15.0,1.8999211977935382
AP-VET14,2025-04-15,4,0.0,4.0,67.4898047867362,15.0,1.0
AP-VET14,2025-04-15,20,3.3528722157092616,6.053927315357561,67.58002935127061,15.0,2.208675263774912
AP-VET14,2025-04-28,10,11.875,16.0,65.76140243462946,15.0,5.25
AP-VET14,2025-04-28,20,0.0,4.0,65.80571433346705,15.0,1.0
AP-VET14,2025-04-28,22,0.0,4.0,65.08908320032202,15.0,1.0
AP-VET14,2025-04-28,23,0.0898876404494382,4.044943820224719,65.40937481631622,15.0,1.0449438202247192
AP-VET15,2025-01-21,9,0.9684791174152876,3.3286052009456264,58.28491042484029,,
AP-VET15,2025-04-15,4,0.0,4.0,55.989844109835765,,
AP-VET15,2025-04-15,20,0.8373983739837398,3.682926829268293,58.93448892083439,,
AP-VET15,2025-04-24,23,0.31932773109243695,3.5126050420168067,59.39047152392925,,
AP-VET15,2025-04-28,10,7.4,6.4,51.66921905398067,,
AP-VET15,2025-04-28,12,1.0,1.0,59.1097395739048,,
AP-VET15,2025-04-28,20,1.0,2.0,61.67709677197597,,
AP-VET15,2025-04-28,22,1.0,2.0,47.197544132216,,
AP-VET15,2025-04-28,23,1.1235955056179776,2.9101123595505616,50.05203065504497,,
AP-VET16,2025-01-21,9,5.448384554767533,2.9992119779353823,60.46710990002808,,
AP-VET16,2025-04-15,4,0.0,2.0,64.61414792608565,,
AP-VET16,2025-04-15,20,4.024390243902439,2.6550522648083623,63.54692773628239,,
AP-VET16,2025-04-28,20,0.0,1.0,55.38678084404797,,
AP-VET16,2025-04-28,22,1.0,1.6666666666666667,55.38817483468799,,
AP-VET16,2025-04-28,23,1.3707865168539326,1.7415730337078652,58.5620129840412,,
AP-VET17,2025-02-18,18,3.4806934594168637,2.7494089834515365,58.10055087687262,,
AP-VET17,2025-04-15,4,0.0,2.0,58.93049833980371,,
AP-VET17,2025-04-15,20,2.4279015240328254,2.480656506447831,60.4106361877487,,
AP-VET17,2025-04-28,10,0.6,3.2,47.408318858745595,,
AP-VET17,2025-04-28,15,0.0,1.0,55.84044005993014,,
AP-VET17,2025-04-28,20,0.0,1.0,55.74602941816739,,
AP-VET17,2025-04-28,22,0.0,1.6666666666666667,47.668430112565694,,
AP-VET17,2025-04-28,23,1.0112359550561798,2.0112359550561796,50.790184825329,,
AP-VET18,2025-04-02,9,0.814026792750197,3.755713159968479,66.86003490114453,16.0,1.1505122143420017
AP-VET18,2025-04-15,4,0.0,4.0,66.936589116192,16.0,1.0
AP-VET18,2025-04-15,20,0.0,4.0,66.936589116192,16.0,1.0
AP-VET18,2025-04-15,21,0.30246189917936694,4.328253223915592,68.04478875831201,15.928487690504102,1.167643610785463
AP-VET18,2025-04-28,10,0.25,12.75,65.35524484833576,16.0,0.5
AP-VET18,2025-04-28,12,0.0,7.0,66.258579578375,16.0,1.0
AP-VET18,2025-04-28,20,0.0,6.0,66.23128091990908,16.0,1.0
AP-VET18,2025-04-28,21,0.0,6.75,66.29713180629722,16.0,1.0
AP-VET18,2025-04-28,23,0.0,7.035714285714286,66.3818572723492,16.0,1.0
AP-VET18,2025-04-29,7,0.6666666666666666,4.684210526315789,65.27059689828889,16.0,1.0350877192982457
AP-VET18,2025-04-29,12,0.25,4.0,65.68663008376579,16.0,1.0
AP-VET19,2025-01-21,9,2.277383766745469,3.3790386130811663,58.822761532954196,,
AP-VET19,2025-04-15,4,0.0,2.0,58.15209545436839,,
AP-VET19,2025-04-15,20,1.0,3.0,62.029621250833536,,
AP-VET19,2025-04-15,21,3.9471830985915495,3.714788732394366,61.47920524514919,,
AP-VET19,2025-04-28,10,7.6,6.8,50.2376691980009,,
AP-VET19,2025-04-28,15,0.0,2.0,55.62128157770715,,
AP-VET19,2025-04-28,20,0.0,2.0,55.68415914866509,,
AP-VET19,2025-04-28,22,1.0,4.0,47.80706534608013,,
AP-VET19,2025-04-28,23,2.5764705882352943,4.729411764705882,55.17175191868602,,
AP-VET19,2025-04-29,12,3.75,5.75,57.24023133608847,,
AP-VET21,2025-01-21,9,6.739164696611505,3.6761229314420802,57.67862556458969,,
AP-VET21,2025-04-15,4,0.0,2.0,62.04167306374699,,
AP-VET21,2025-04-15,20,6.8076923076923075,4.0955710955710956,60.48749647916877,,
AP-VET21,2025-04-28,15,0.0,2.0,57.05909937892943,,
AP-VET21,2025-04-28,20,0.0,2.0,57.37585272126069,,
AP-VET21,2025-04-28,22,0.6666666666666666,2.0,49.41784659381252,,
AP-VET21,2025-04-28,23,7.393258426966292,3.4831460674157304,53.398451569379425,,
AP-VET22,2025-04-02,11,3.9314420803782504,4.282899921197793,57.46460011804558,,
AP-VET22,2025-04-15,4,0.0,3.0,58.330602639339865,,
AP-VET22,2025-04-15,20,0.0,2.864864864864865,60.57819523531006,,
AP-VET22,2025-04-16,17,4.250334672021419,4.760374832663989,59.05293017028091,,
AP-VET22,2025-04-28,15,2.0,3.0,65.79200556870616,,
AP-VET22,2025-04-28,20,0.0,3.0,64.8291578539724,,
AP-VET22,2025-04-28,21,2.25,3.0,65.23507855948826,,
AP-VET22,2025-04-28,23,3.730337078651685,3.550561797752809,61.20769701587049,,
AP-VET23,2025-01-21,9,2.3569739952718676,3.475177304964539,57.16062296921196,,
AP-VET23,2025-04-15,4,0.0,3.0,57.97003645762917,,
AP-VET23,2025-04-15,20,2.0011723329425557,3.4009378663540444,58.19289091566981,,
AP-VET23,2025-04-28,10,0.0,6.0,56.46464114097942,,
AP-VET23,2025-04-28,22,1.0,2.0,56.806316839941616,,
AP-VET23,2025-04-28,23,2.606741573033708,2.7752808988764044,55.02379878022107,,
AP-VET24,2025-02-22,23,5.32387706855792,3.4278959810874703,57.76038113325659,,
AP-VET24,2025-04-15,4,0.009345794392523364,2.0,57.52211790525599,,
AP-VET24,2025-04-15,20,5.9882903981264635,3.8665105386416863,59.79823896375584,,
AP-VET24,2025-04-28,10,0.0,6.0,61.043452836522704,,
AP-VET24,2025-04-28,21,0.0,3.0,48.38414315835122,,
AP-VET24,2025-04-28,23,5.213483146067416,2.696629213483146,54.07224274905802,,
AP-VET25,2025-04-02,9,3.0961386918833727,3.260047281323877,58.19203184273691,,
AP-VET25,2025-04-15,4,0.0,2.0,62.71697559790741,,
AP-VET25,2025-04-15,20,2.5337995337995336,3.289044289044289,59.201902578523736,,
AP-VET25,2025-04-28,12,0.0,2.0,59.687974768387505,,
AP-VET25,2025-04-28,20,0.0,2.0,60.11659108563991,,
AP-VET25,2025-04-28,22,0.0,2.0,47.59655366367474,,
AP-VET25,2025-04-28,23,2.6292134831460676,2.797752808988764,54.278449061226155,,
AP-VET26,2025-01-29,7,3.044917257683215,3.0527974783293934,57.033413773035264,,
AP-VET26,2025-04-15,4,0.0,2.0,62.552904809153134,,
AP-VET26,2025-04-15,20,3.4126611957796014,3.4536928487690504,57.470787258225386,,
AP-VET26,2025-04-28,10,0.0,2.0,54.12823644525512,,
AP-VET26,2025-04-28,22,0.0,2.0,51.06480237604749,,
AP-VET26,2025-04-28,23,4.847058823529411,2.2941176470588234,54.35823007356092,,
AP-VET26,2025-04-29,12,7.75,3.0,55.42349035826323,,
AP-VET27,2025-03-04,8,6.20488573680063,3.84160756501182,56.835773844761334,,
AP-VET27,2025-04-15,4,0.056074766355140186,2.0,56.99438327200309,,
AP-VET27,2025-04-15,20,6.344262295081967,4.3149882903981265,59.886057443470236,,
AP-VET27,2025-04-28,10,17.0,7.0,46.449632946033084,,
AP-VET27,2025-04-28,15,9.333333333333334,3.0,56.64418665802011,,
AP-VET27,2025-04-28,20,0.0,2.0,56.43798465044443,,
AP-VET27,2025-04-28,22,3.3333333333333335,2.0,54.386838417770974,,
AP-VET27,2025-04-28,23,4.820224719101123,2.8202247191011236,55.1690869826472,,
AP-VET29,2025-01-21,9,1.2285263987391648,2.6635145784081953,58.3217331741321,,
AP-VET29,2025-04-15,4,0.009345794392523364,3.0,59.64186924405987,,
AP-VET29,2025-04-15,20,1.0,3.0,59.64186924405987,,
AP-VET29,2025-04-15,21,1.5474794841735053,2.885111371629543,59.1863567052644,,
AP-VET29,2025-04-28,10,0.0,7.0,60.088864038937025,,
AP-VET29,2025-04-28,21,0.0,3.0,46.19138096303366,,
AP-VET29,2025-04-28,23,2.292134831460674,2.0224719101123596,55.189958704362915,,
AP-VET30,2025-04-02,4,5.079590228526398,3.925925925925926,58.08817803338616,,
AP-VET30,2025-04-15,4,0.0,2.0,65.16864231422306,,
AP-VET30,2025-04-15,20,5.01288056206089,3.8114754098360657,62.20811813256242,,
AP-VET30,2025-04-28,10,0.7,11.0,58.51167701084105,,
AP-VET30,2025-04-28,21,1.5,2.75,49.48818464036187,,
AP-VET30,2025-04-28,23,7.561797752808989,2.9213483146067416,55.172056145698996,,
AP-VET31,2025-01-23,4,1.9022852639873917,2.622537431048069,57.922067457209195,,
AP-VET31,2025-04-15,4,0.018691588785046728,2.0,60.52997614557387,,
AP-VET31,2025-04-15,20,2.0,2.7271662763466042,59.103086116472255,,
AP-VET31,2025-04-28,10,0.0,5.0,57.02313489781095,,
AP-VET31,2025-04-28,21,0.0,3.0,45.990818172730336,,
AP-VET31,2025-04-28,23,0.9662921348314607,2.157303370786517,52.398309039897775,,
AP-VET32,2025-01-21,9,5.736800630417652,3.7509850275807723,58.583873009029105,,
AP-VET32,2025-04-15,4,0.0,3.0,62.51546040646476,,
AP-VET32,2025-04-15,20,4.126463700234192,3.480093676814988,61.022529569081165,,
AP-VET32,2025-04-28,10,0.0,8.0,56.45455857854201,,
AP-VET32,2025-04-28,21,0.75,2.75,46.65883358501548,,
AP-VET32,2025-04-28,23,3.4831460674157304,2.6853932584269664,54.75187992736642,,
AP-VET33,2025-01-29,7,6.195429472025217,3.3766745468873127,57.369088561013115,,
AP-VET33,2025-04-15,4,0.0,2.0,61.982666087783095,,
AP-VET33,2025-04-15,20,3.3563892145369283,2.8464243845252053,59.522617660101325,,
AP-VET33,2025-04-28,10,0.0,3.0,59.75636862764868,,
AP-VET33,2025-04-28,21,0.0,3.0,48.023289645093804,,
AP-VET33,2025-04-28,23,1.1910112359550562,2.0224719101123596,54.02021108826714,,
AP-VET34,2025-04-02,9,5.8132387706855795,3.8037825059101653,58.01565006575542,,
AP-VET34,2025-04-15,4,0.0,3.0,60.12461130576058,,
AP-VET34,2025-04-15,20,5.473622508792497,4.126611957796014,59.198489021758554,,
AP-VET34,2025-04-28,10,17.0,6.2,50.21440268264905,,
AP-VET34,2025-04-28,15,1.0,1.0,60.48633039411362,,
AP-VET34,2025-04-28,20,0.0,2.0,59.55242588743735,,
AP-VET34,2025-04-28,22,0.0,2.0,49.09040678556452,,
AP-VET34,2025-04-28,23,6.705882352941177,2.9647058823529413,55.048601986332194,,
AP-VET34,2025-04-29,12,9.0,6.0,57.53049438069006,,
AP-VET35,2025-01-29,7,4.453900709219858,3.409771473601261,59.76946685616542,,
AP-VET35,2025-04-15,4,0.018691588785046728,2.0,63.3945171548011,,
AP-VET35,2025-04-15,20,4.764227642276423,3.5853658536585367,61.86238930669042,,
AP-VET35,2025-04-28,20,0.0,1.0,57.71992016443743,,
AP-VET35,2025-04-28,22,0.6666666666666666,2.0,49.857645866798656,,
AP-VET35,2025-04-28,23,1.898876404494382,3.3707865168539324,54.39286951387657,,
AP-VET36,2025-01-21,9,2.2789598108747047,3.2813238770685578,58.65172437991965,,
AP-VET36,2025-04-15,4,0.0,2.0,60.82122471052733,,
AP-VET36,2025-04-15,20,3.3286713286713288,3.453379953379953,59.94674478027222,,
AP-VET36,2025-04-28,15,0.0,3.0,57.61338132671245,,
AP-VET36,2025-04-28,20,0.0,3.0,57.85070703969094,,
AP-VET36,2025-04-28,21,0.75,4.25,58.63086858124598,,
AP-VET36,2025-04-28,23,1.2359550561797752,3.348314606741573,59.61508711574681,,
AP-VET37,2025-01-21,9,5.350669818754925,3.185973207249803,58.256211601909584,,
AP-VET37,2025-04-15,4,0.0,2.0,58.017126607194825,,
AP-VET37,2025-04-15,20,3.7688734030197444,2.9186991869918697,60.40126924045418,,
AP-VET37,2025-04-28,20,0.0,2.0,59.75075447356422,,
AP-VET37,2025-04-28,21,3.5,2.75,61.09654740981262,,
AP-VET37,2025-04-28,23,4.089887640449438,2.5730337078651684,60.696859120559566,,
AP-VET38,2025-03-24,19,1.3451536643026005,2.5263987391646965,55.23329267389612,,
AP-VET38,2025-04-15,4,0.0,1.0,60.09390532015573,,
AP-VET38,2025-04-15,20,1.6241217798594847,2.5257611241217797,59.42723311320248,,
AP-VET38,2025-04-28,10,0.0,3.0,56.68994129771745,,
AP-VET38,2025-04-28,21,0.0,4.5,47.2175905053197,,
AP-VET38,2025-04-28,23,0.10588235294117647,1.6941176470588235,52.349178454817654,,
AP-VET38,2025-04-29,12,0.0,2.0,53.98763017103692,,
AP-VET39,2025-04-01,12,0.4663265306122449,4.526530612244898,65.85784452352536,15.0,1.1459183673469389
AP-VET39,2025-04-11,5,0.0,4.0,65.99186054285332,15.0,1.0
AP-VET39,2025-04-11,6,1.778443113772455,4.9880239520958085,65.11335137055161,15.0,1.5389221556886228
AP-VET39,2025-04-14,5,0.0,4.0,65.30257050470483,15.0,1.0
AP-VET39,2025-04-14,6,0.0,4.327433628318584,65.2252860426691,15.0,1.0
AP-VET39,2025-04-15,4,0.0,4.990654205607477,65.40662374898938,15.0,1.0
AP-VET39,2025-04-15,20,1.3571428571428572,5.3969555035128804,66.42025239235066,15.0,1.6288056206088992
AP-VET39,2025-04-28,10,0.0,6.0,66.67725294888187,15.0,1.0
AP-VET39,2025-04-28,21,0.0,6.75,64.76149902670184,15.0,1.0
AP-VET39,2025-04-28,23,0.0,4.0,65.70242463402737,15.0,1.0
AP-VET39,2025-04-29,3,0.012345679012345678,4.469135802469136,65.88202113970816,15.0,1.0123456790123457
AP-VET40,2025-04-01,12,1.3959183673469389,4.4438775510204085,65.95958461341095,15.0,1.3081632653061224
AP-VET40,2025-04-11,5,0.0,4.0,66.07473255845534,15.0,1.0
AP-VET40,2025-04-11,6,0.40119760479041916,4.514970059880239,65.93380525789075,15.0,1.1017964071856288
AP-VET40,2025-04-14,5,0.0,4.0,66.1132845143485,15.0,1.0
AP-VET40,2025-04-14,6,0.0,4.238938053097345,65.22718066476621,15.0,1.0
AP-VET40,2025-04-15,4,0.0,4.0,65.30447090467992,15.0,1.0
AP-VET40,2025-04-15,20,0.3325526932084309,4.414519906323185,66.1789885337219,15.0,1.2810304449648713
AP-VET40,2025-04-28,10,0.0,8.0,66.46485158443642,15.0,5.0
AP-VET40,2025-04-28,21,0.0,6.25,64.64007587129379,15.0,2.0
AP-VET40,2025-04-28,23,0.033707865168539325,4.033707865168539,65.46306432648589,15.0,1.0337078651685394
AP-VET41,2025-04-02,9,1.3028169014084507,4.776408450704225,65.99094845054672,15.0,1.3538732394366197
AP-VET41,2025-04-07,12,0.0,5.0,66.1903329322102,15.0,2.0
AP-VET41,2025-04-07,17,3.71900826446281,5.528925619834711,65.99458514077882,15.0,1.9834710743801653
AP-VET41,2025-04-08,17,4.764705882352941,6.132352941176471,66.50161970588343,15.0,2.161764705882353
AP-VET41,2025-04-11,5,0.0,5.0,66.72934215804251,15.0,1.0
AP-VET41,2025-04-11,6,0.5988023952095808,4.74251497005988,66.0263955126625,15.0,1.0479041916167664
AP-VET41,2025-04-14,5,0.0,4.0,66.32437361069327,15.0,1.0
AP-VET41,2025-04-14,6,1.0265486725663717,4.336283185840708,65.32516124079021,15.0,1.008849557522124
AP-VET41,2025-04-15,4,0.0,4.0,65.44491242144672,15.0,1.0
AP-VET41,2025-04-15,20,2.1147540983606556,5.351288056206089,66.49171357958998,15.0,1.395784543325527
AP-VET41,2025-04-28,10,0.0,12.0,67.27085840352989,15.0,6.0
AP-VET41,2025-04-28,21,0.75,8.75,64.92389138807411,15.0,2.25
AP-VET41,2025-04-28,23,1.0,4.976470588235294,65.89506896116725,15.0,1.0
AP-VET41,2025-04-29,12,1.0,5.0,66.08207081390393,15.0,1.0
AP-VET42,2025-04-02,9,0.8775510204081632,4.6959183673469385,65.69159531107275,15.0,1.2591836734693878
AP-VET42,2025-04-11,5,0.0,5.0,66.01149886348443,15.0,1.0
AP-VET42,2025-04-11,6,0.1317365269461078,4.520958083832335,66.05750897610615,15.0,0.9880239520958084
AP-VET42,2025-04-14,5,0.0,5.0,66.32780117662789,15.0,1.0
AP-VET42,2025-04-14,6,0.008849557522123894,4.292035398230088,65.2530523599837,15.0,0.9823008849557522
AP-VET42,2025-04-15,4,0.0,4.0,65.33961759593528,15.0,1.0
AP-VET42,2025-04-15,20,0.6323185011709602,5.0843091334894615,66.37212661066228,15.0,1.3173302107728337
AP-VET42,2025-04-28,10,0.0,8.0,66.97523900254045,15.0,4.0
AP-VET42,2025-04-28,21,0.0,4.0,65.3159401880822,15.0,1.0
AP-VET42,2025-04-28,23,0.34831460674157305,5.089887640449438,65.45938096766922,15.0,1.8651685393258426
AP-VET43,2025-03-14,12,3.7257683215130024,9.24507486209614,67.4841938964142,15.0,3.1497241922773838
AP-VET43,2025-04-15,4,0.0,6.0,67.28631835806927,15.0,2.0
AP-VET43,2025-04-15,20,3.0879249706916765,12.151230949589683,67.56166074357556,15.143024618991793,8.308323563892145
AP-VET43,2025-04-28,10,0.0,25.0,67.73946216071667,15.0,12.0
AP-VET43,2025-04-28,21,0.0,8.75,64.81410400292694,15.0,4.5
AP-VET43,2025-04-28,23,0.43820224719101125,6.033707865168539,65.81076835187683,15.0,4.730337078651686
AP-VET44,2025-03-15,17,6.423955870764382,9.270291568163909,69.18979537740724,15.0,3.743892828999212
AP-VET44,2025-04-15,4,0.0,5.0,69.42539044219649,15.0,1.0
AP-VET44,2025-04-15,20,0.0,5.0,70.35549473421413,15.0,1.0
AP-VET44,2025-04-15,21,7.467760844079718,12.438452520515826,69.51464531918612,15.0,4.331770222743259
AP-VET44,2025-04-28,10,0.0,26.0,70.09355361679368,15.0,8.0
AP-VET44,2025-04-28,21,0.0,6.5,64.71198538851492,15.0,2.75
AP-VET44,2025-04-28,23,0.6966292134831461,4.52808988764045,66.1706466733375,15.0,1.2808988764044944
AP-VET45,2025-04-02,9,4.68006304176517,8.01812450748621,68.640792918396,9.0,4.21591804570528
AP-VET45,2025-04-15,4,0.0,5.0,68.65155704200929,9.0,2.0
AP-VET45,2025-04-15,20,0.0,5.0,68.89758119609908,9.0,2.0
AP-VET45,2025-04-15,21,3.426056338028169,8.456572769953052,68.63863477744164,9.0,2.8826291079812205
AP-VET45,2025-04-28,10,0.0,7.0,68.61963497793823,9.0,2.0
AP-VET45,2025-04-28,21,0.0,6.75,64.53361077684183,9.0,1.25
AP-VET45,2025-04-28,23,1.1573033707865168,4.865168539325842,65.76842325969409,9.0,1.0224719101123596
AP-VET46,2025-03-14,12,6.59338061465721,9.958234830575256,68.82272043451043,15.0,3.1339637509850276
AP-VET46,2025-04-15,4,0.0,6.0,68.7640399629379,15.0,1.0
AP-VET46,2025-04-15,20,6.483606557377049,11.358313817330211,68.54359774554116,15.0,3.659250585480094
AP-VET46,2025-04-28,10,0.0,31.0,68.89540713999199,15.0,10.0
AP-VET46,2025-04-28,21,0.75,7.0,64.78606732966891,15.0,3.25
AP-VET46,2025-04-28,23,1.9662921348314606,5.640449438202247,65.88584932121738,15.0,1.2696629213483146
AP-VET49,2025-03-24,1,1.2182821118991332,3.0181245074862098,62.027598979145424,,
AP-VET49,2025-04-15,4,0.0,2.0,63.90030178942568,,
AP-VET49,2025-04-15,20,1.1500586166471278,2.3962485345838216,62.47738845865771,,
AP-VET49,2025-04-28,10,0.8,3.0,49.522356506804584,,
AP-VET49,2025-04-28,15,1.0,1.3333333333333333,59.84309322512911,,
AP-VET49,2025-04-28,20,0.0,1.0,60.16345208605925,,
AP-VET49,2025-04-28,22,1.0,1.0,52.03723616340167,,
AP-VET49,2025-04-28,23,1.1176470588235294,1.8,57.15188255627734,,
AP-VET49,2025-04-29,12,1.0,2.0,58.91172487436898,,
AP-VET50,2025-04-01,12,3.7580772261623325,5.997635933806147,66.53406224750765,15.38455476753349,2.2671394799054374
AP-VET50,2025-04-15,4,0.0,5.0,66.79832058775474,15.0,1.0
AP-VET50,2025-04-15,20,8.286049237983587,10.87807737397421,68.6286003618694,15.0,5.963657678780773
AP-VET50,2025-04-28,10,0.0,19.0,69.12020323572669,15.0,35.0
AP-VET50,2025-04-28,21,0.0,7.5,64.64249883397471,15.0,10.25
AP-VET50,2025-04-28,23,0.5617977528089888,5.415730337078652,65.9346920440905,15.0,2.4831460674157304
AP-VET51,2025-04-01,13,1.5957446808510638,4.846335697399527,66.19765812511999,15.0,1.2513790386130812
AP-VET51,2025-04-15,4,0.0,4.0,66.19049941398416,15.0,1.0
AP-VET51,2025-04-15,20,1.2731535756154748,5.3493552168815945,68.09144922961411,15.0,1.2930832356389215
AP-VET51,2025-04-28,10,0.0,8.0,69.33942708855629,15.0,1.0
AP-VET51,2025-04-28,21,0.0,7.0,64.82730829264649,15.0,1.0
AP-VET51,2025-04-28,23,0.1348314606741573,4.741573033707865,65.79645297328776,15.0,1.0449438202247192
AP-VET54,2025-04-02,9,1.4775413711583925,5.1166272655634355,67.57970633119052,15.0,1.189913317572892
AP-VET54,2025-04-15,4,0.0,5.0,67.70331929402327,15.0,1.0
AP-VET54,2025-04-15,20,1.0422039859320047,6.22274325908558,67.61060945047143,15.0,1.552168815943728
AP-VET54,2025-04-28,10,0.0,8.0,67.69036635913892,15.0,1.0
AP-VET54,2025-04-28,22,0.0,4.333333333333333,65.2486412911012,15.0,1.0
AP-VET54,2025-04-28,23,0.0,4.5,65.41612290781376,15.0,1.0
AP-VET54,2025-04-29,3,0.18518518518518517,4.925925925925926,65.51381939292415,15.0,1.0123456790123457
AP-VET55,2025-01-21,9,9.483057525610716,3.364854215918046,58.62898650456078,,
AP-VET55,2025-04-15,4,0.0,2.0,60.36570297743337,,
AP-VET55,2025-04-15,20,4.796252927400468,2.911007025761124,59.22137553369816,,
AP-VET55,2025-04-28,10,0.0,5.0,58.488543688430475,,
AP-VET55,2025-04-28,22,0.0,2.0,47.8803930728977,,
AP-VET55,2025-04-28,23,0.29213483146067415,2.0786516853932584,51.27497539028284,,
AP-VET56,2025-01-21,9,1.549251379038613,5.130811662726557,70.2544541779713,16.2167060677699,1.2371946414499606
AP-VET56,2025-04-15,4,0.0,4.990654205607477,70.20730084735703,17.0,1.0
AP-VET56,2025-04-15,20,0.7985948477751756,4.874707259953162,70.30267842773608,17.0,1.0526932084309133
AP-VET56,2025-04-28,10,0.0,5.0,70.18763540517617,17.0,1.0
AP-VET56,2025-04-28,22,1.0,4.0,64.11719524738713,17.0,1.0
AP-VET56,2025-04-28,23,1.449438202247191,4.01123595505618,64.32338236816128,16.078651685393258,1.0
AP-VET57,2025-04-01,13,1.9969387755102042,5.826530612244898,66.56543022578441,15.0,1.8642857142857143
AP-VET57,2025-04-11,5,0.0,5.0,66.85427530418505,15.0,1.0
AP-VET57,2025-04-11,6,0.8862275449101796,5.107784431137724,66.76908393964678,15.0,1.6167664670658684
AP-VET57,2025-04-14,5,0.0,5.0,67.00302513705041,15.0,1.0
AP-VET57,2025-04-14,6,0.12389380530973451,4.424778761061947,65.54622471288893,15.0,1.1061946902654867
AP-VET57,2025-04-15,4,0.0,4.0,65.6859475222211,15.0,1.0
AP-VET57,2025-04-15,20,4.476580796252928,8.502341920374707,67.10349535484828,15.0,3.4929742388758784
AP-VET57,2025-04-28,10,0.0,64.0,69.33747827249633,15.0,26.0
AP-VET57,2025-04-28,21,0.0,7.25,64.86437007344523,15.0,7.25
AP-VET57,2025-04-28,23,0.3707865168539326,5.033707865168539,65.92777367922318,15.0,1.0786516853932584
AP-VET59,2025-04-02,9,7.086682427107959,6.894405043341213,71.28890946404924,15.0,2.351457840819543
AP-VET59,2025-04-15,4,0.0,5.0,71.26763205203737,15.0,1.0
AP-VET59,2025-04-15,20,4.364168618266979,8.063231850117097,69.34299247956608,15.0,2.690866510538642
AP-VET59,2025-04-28,10,0.3,11.0,69.58045026073005,15.0,4.0
AP-VET59,2025-04-28,21,0.0,6.75,63.14242297051536,15.0,1.75
AP-VET59,2025-04-28,23,0.3707865168539326,4.887640449438202,64.0257231894905,15.0,1.1573033707865168
AP-VET60,2025-04-01,13,0.2576832151300236,5.404255319148936,66.87403434654628,15.326241134751774,1.2040977147360126
AP-VET60,2025-04-15,4,0.0,5.0,67.04801112385512,16.0,1.0
AP-VET60,2025-04-15,20,0.5357561547479485,6.015240328253224,68.01466375445082,16.0,1.413833528722157
AP-VET60,2025-04-28,10,0.0,16.0,69.41798037108069,16.0,13.0
AP-VET60,2025-04-28,22,0.0,4.333333333333333,64.92250567213198,16.0,1.0
AP-VET60,2025-04-28,23,0.38202247191011235,5.640449438202247,65.2312980397665,15.07865168539326,1.0898876404494382
AP-VET61,2025-04-01,13,1.2324665090622537,4.5051221434200155,65.7614714374006,16.792750197005518,1.1189913317572893
AP-VET61,2025-04-15,4,0.0,4.0,66.02470315320397,17.0,1.0
AP-VET61,2025-04-15,20,0.7857142857142857,4.620608899297424,66.72386011283267,17.0,1.129976580796253
AP-VET61,2025-04-28,10,0.0,6.0,66.91256351116459,17.0,1.0
AP-VET61,2025-04-28,22,0.0,4.0,65.08000178276953,17.0,1.0
AP-VET61,2025-04-28,23,0.07058823529411765,4.011764705882353,65.3610089101199,17.0,1.0235294117647058
AP-VET61,2025-04-29,12,1.0,4.25,65.85430824146151,17.0,1.0
AP-VET63,2025-03-27,5,5.657210401891253,7.425531914893617,69.14674967408251,15.200157604412924,2.129235618597321
AP-VET63,2025-04-15,4,0.009345794392523364,5.0,68.92666001261867,15.0,1.0
AP-VET63,2025-04-15,20,5.932400932400933,8.123543123543124,69.10805393550733,15.0,2.4055944055944054
AP-VET63,2025-04-28,15,2.3333333333333335,5.0,69.07028699455698,15.0,1.0
AP-VET63,2025-04-28,20,0.0,5.0,69.05535368824374,15.0,1.0
AP-VET63,2025-04-28,22,2.0,5.0,69.3121306063227,15.0,1.0
AP-VET63,2025-04-28,23,6.2,7.117647058823529,69.55286071680852,15.91764705882353,1.776470588235294
AP-VET63,2025-04-29,12,21.0,13.75,69.65382220608328,16.0,2.75
AP-VET64,2025-04-02,9,0.07801418439716312,4.124507486209614,69.99282790940833,15.923561859732072,1.0102442868400314
AP-VET64,2025-04-15,4,0.0,4.0,69.99348174889691,16.0,1.0
AP-VET64,2025-04-15,20,0.01522248243559719,4.085480093676815,69.97661045289736,16.0,1.005854800936768
AP-VET64,2025-04-28,10,0.0,4.0,69.85893836074342,16.0,1.0
AP-VET64,2025-04-28,21,0.0,10.75,63.358898241900235,16.0,1.0
AP-VET64,2025-04-28,23,2.258426966292135,4.191011235955056,64.4358285376606,16.0,1.4719101123595506
AP-VET65,2025-04-01,13,2.8086253369272236,4.366576819407008,67.32447464148774,18.0,1.3611859838274933
AP-VET65,2025-04-05,22,3.702672605790646,4.857461024498886,67.07076129193898,17.15367483296214,1.564587973273942
AP-VET65,2025-04-15,4,0.0,4.0,68.00687759058698,18.0,1.0
AP-VET65,2025-04-15,20,3.697538100820633,5.608440797186401,68.4959697422603,17.586166471277842,1.637749120750293
AP-VET65,2025-04-28,10,4.0,9.0,65.14995372459552,18.0,3.2
AP-VET65,2025-04-28,15,2.6666666666666665,5.0,66.45078550671046,18.0,2.3333333333333335
AP-VET65,2025-04-28,20,0.0,4.0,66.42097874047333,18.0,1.0
AP-VET65,2025-04-28,22,0.3333333333333333,4.0,65.6033562812681,18.0,1.0
AP-VET65,2025-04-28,23,4.662921348314606,5.01123595505618,66.20318709304358,18.0,1.3370786516853932
AP-VET66,2025-01-29,7,3.2876280535855003,6.2466509062253746,69.50032547350156,17.10795902285264,1.5303388494877856
AP-VET66,2025-04-15,4,0.0,4.990654205607477,70.52715803602696,17.0,1.0
AP-VET66,2025-04-15,20,0.0,5.0,71.59145542414595,17.0,1.0
AP-VET66,2025-04-15,21,3.016336056009335,7.693115519253209,70.71485237580288,17.0,2.018669778296383
AP-VET66,2025-04-28,12,0.0,4.666666666666667,70.52680883209096,17.0,1.0
AP-VET66,2025-04-28,20,0.0,5.0,70.51786669340821,17.0,1.0
AP-VET66,2025-04-28,21,0.0,4.75,70.73033579308523,17.0,1.0
AP-VET66,2025-04-28,23,1.348314606741573,6.112359550561798,70.85492002988752,17.921348314606742,1.1235955056179776
AP-VET67,2025-04-01,13,3.4258760107816713,4.493261455525606,66.9194279433475,16.743935309973047,1.7142857142857142
AP-VET67,2025-04-05,22,2.55456570155902,4.733853006681515,66.31115493675652,16.600222717149222,1.9164810690423162
AP-VET67,2025-04-15,4,0.0,4.0,67.09745621072337,17.0,1.0
AP-VET67,2025-04-15,20,2.8554778554778553,5.3158508158508155,67.46940827360632,16.972027972027973,1.705128205128205
AP-VET67,2025-04-28,15,0.3333333333333333,4.0,66.13428733265643,17.0,1.0
AP-VET67,2025-04-28,20,0.0,4.0,66.17006785666533,17.0,1.0
AP-VET67,2025-04-28,22,0.0,3.6666666666666665,65.36491194441659,17.0,1.0
AP-VET67,2025-04-28,23,6.707865168539326,4.921348314606742,66.23794748980431,17.0,1.696629213483146
AP-VET68,2025-02-13,9,4.117415287628053,5.718676122931442,70.22261916833858,20.0,1.5728920409771474
AP-VET68,2025-04-15,4,0.018691588785046728,4.0,70.26089717876722,20.0,1.0
AP-VET68,2025-04-15,20,4.844079718640094,6.373974208675264,70.33357212735348,20.0,2.015240328253224
AP-VET68,2025-04-28,10,11.2,13.8,65.68327971967342,20.0,2.6
AP-VET68,2025-04-28,12,0.0,4.333333333333333,66.11540090029861,20.0,1.0
AP-VET68,2025-04-28,20,0.0,4.0,66.12180772830592,20.0,1.0
AP-VET68,2025-04-28,22,2.0,4.0,65.2733208539466,20.0,1.0
AP-VET68,2025-04-28,23,9.876404494382022,5.752808988764045,66.26386847093914,20.0,2.696629213483146
AP-VET69,2025-01-21,9,1.760441292356186,2.421591804570528,57.622448583161535,,
AP-VET69,2025-04-15,4,0.0,2.0,56.99392427100429,,
AP-VET69,2025-04-15,20,0.0,2.0,60.00577599066905,,
AP-VET69,2025-04-15,21,2.5927230046948355,2.727699530516432,60.111005751700056,,
AP-VET69,2025-04-28,10,0.16666666666666666,3.0,55.46898810028483,,
AP-VET69,2025-04-28,22,0.0,1.6666666666666667,47.428160071754235,,
AP-VET69,2025-04-28,23,1.5842696629213484,1.9101123595505618,52.92095105302143,,
AP-VET70,2025-02-13,9,4.819542947202522,2.8857368006304176,57.77645135701826,,
AP-VET70,2025-04-15,4,0.028037383177570093,2.0,61.571870767901714,,
AP-VET70,2025-04-15,20,4.6541617819460726,2.9273153575615476,59.3212557020763,,
AP-VET70,2025-04-28,10,6.4,4.0,49.18695591399574,,
AP-VET70,2025-04-28,12,11.0,4.0,53.73472529982257,,
AP-VET70,2025-04-28,20,0.0,7.0,53.65853798261676,,
AP-VET70,2025-04-28,21,2.25,5.5,49.84470580257197,,
AP-VET70,2025-04-28,23,7.786516853932584,2.044943820224719,55.86672073674643,,
AP-VET71,2025-01-21,9,4.256107171000788,7.054373522458629,70.87536594262555,16.69345941686367,2.1103230890464935
AP-VET71,2025-04-15,4,0.0,5.0,70.61522262334536,17.0,1.0
AP-VET71,2025-04-15,20,3.5679156908665104,8.126463700234192,70.32879910233945,16.8231850117096,2.3278688524590163
AP-VET71,2025-04-28,10,0.0,17.0,70.44892365289476,17.0,3.0
AP-VET71,2025-04-28,22,0.0,4.0,63.79044701901435,17.0,2.0
AP-VET71,2025-04-28,23,2.9213483146067416,5.438202247191011,64.61047851851524,16.078651685393258,2.247191011235955
AP-VET73,2025-04-02,9,7.512214342001576,8.209613869188336,69.04954876082766,15.902285263987391,2.4231678486997636
AP-VET73,2025-04-15,4,0.0,5.0,69.00293151553515,15.0,1.0
AP-VET73,2025-04-15,20,6.2377622377622375,8.12937062937063,68.95563223560424,15.984848484848484,2.245920745920746
AP-VET73,2025-04-28,15,8.666666666666666,5.333333333333333,65.03587758397123,16.0,4.333333333333333
AP-VET73,2025-04-28,20,0.0,5.0,65.31245821633908,16.0,1.0
AP-VET73,2025-04-28,22,2.6666666666666665,4.0,64.27558252516769,16.0,1.0
AP-VET73,2025-04-28,23,11.280898876404494,6.022471910112359,65.04999583014322,16.921348314606742,2.50561797752809
AP-VET74,2025-03-27,11,0.10323089046493301,1.2135539795114263,57.57627620391589,,
AP-VET74,2025-04-15,4,0.0,1.0,57.97433086254158,,
AP-VET74,2025-04-15,20,0.04895104895104895,1.381118881118881,59.459502198791554,,
AP-VET74,2025-04-28,15,0.0,1.3333333333333333,56.49840244853502,,
AP-VET74,2025-04-28,20,0.0,1.0,56.56959144998706,,
AP-VET74,2025-04-28,22,0.0,21.0,45.78596868218617,,
AP-VET74,2025-04-28,23,0.1348314606741573,20.831460674157302,47.565146056318724,,
AP-VET75,2025-03-27,11,0.029156816390858944,1.1379038613081167,58.88863544004661,,
AP-VET75,2025-04-15,4,0.0,1.0,59.01858356611067,,
AP-VET75,2025-04-15,20,0.04806565064478312,1.2930832356389215,61.19784110002889,,
AP-VET75,2025-04-28,10,0.625,2.875,51.17099241774118,,
AP-VET75,2025-04-28,20,0.0,1.0,59.54343178344489,,
AP-VET75,2025-04-28,22,0.0,1.0,49.39001213344729,,
AP-VET75,2025-04-28,23,0.47058823529411764,1.0235294117647058,54.17526484249568,,
AP-VET75,2025-04-29,12,0.0,1.0,57.94690313521862,,
AP-VET76,2025-04-02,9,2.5041322314049586,1.2861570247933884,56.82525168260928,,
AP-VET76,2025-04-10,23,1.521594684385382,1.398671096345515,58.45428724711079,,
AP-VET76,2025-04-15,4,0.009345794392523364,2.0,59.04274089876878,,
AP-VET76,2025-04-15,20,0.0,10.0,62.120500370075874,,
AP-VET76,2025-04-15,21,2.347674418604651,2.6,57.790325411138866,,
AP-VET76,2025-04-28,20,0.0,1.0,61.12868557758189,,
AP-VET76,2025-04-28,22,1.6666666666666667,1.0,53.4668666565841,,
AP-VET76,2025-04-28,23,3.3176470588235296,1.5176470588235293,57.85185826141308,,
AP-VET76,2025-04-29,12,6.5,2.0,58.38024744384127,,
AP-VET77,2025-04-02,9,1.2293144208037825,2.0315208825847124,61.33445800668813,,
AP-VET77,2025-04-15,4,0.0,2.0,63.145255352351185,,
AP-VET77,2025-04-15,20,1.2072599531615924,2.031615925058548,63.20287027156036,,
AP-VET77,2025-04-28,10,0.8571428571428571,3.5714285714285716,51.86544130933858,,
AP-VET77,2025-04-28,20,0.0,1.0,58.22926142938655,,
AP-VET77,2025-04-28,21,1.25,2.75,56.40623048651801,,
AP-VET77,2025-04-28,23,1.2247191011235956,2.0224719101123596,54.437702327109996,,
AP-VET79,2025-01-29,7,1.351457840819543,1.765169424743893,62.52154029907897,,
AP-VET79,2025-04-15,4,0.0,2.0,66.31355748047858,,
AP-VET79,2025-04-15,20,1.1697892271662764,1.8079625292740047,62.73616148499761,,
AP-VET79,2025-04-28,10,3.0,4.25,49.47872060159671,,
AP-VET79,2025-04-28,15,1.0,1.0,59.024037793186785,,
AP-VET79,2025-04-28,20,0.0,1.0,58.740550462079256,,
AP-VET79,2025-04-28,21,0.5,1.0,60.10765337382016,,
AP-VET79,2025-04-28,23,0.39285714285714285,1.0,60.59679601106169,,
AP-VET79,2025-04-29,7,3.3114754098360657,2.1311475409836067,55.073076954068405,,
AP-VET80,2025-01-23,17,0.5933806146572104,1.9724192277383767,56.564404614368236,,
AP-VET80,2025-04-15,4,0.0,1.0,56.906370725594776,,
AP-VET80,2025-04-15,20,0.703962703962704,2.3414918414918415,58.88233148455241,,
AP-VET80,2025-04-28,15,2.0,2.0,57.66811694206575,,
AP-VET80,2025-04-28,20,1.0,2.0,57.674949644475106,,
AP-VET80,2025-04-28,22,1.0,2.0,47.738411307059096,,
AP-VET80,2025-04-28,23,3.2808988764044944,2.2808988764044944,54.09144332338302,,
AP-VET81,2025-01-21,9,1.3049645390070923,1.6800630417651694,58.27671340527364,,
AP-VET81,2025-04-15,4,0.0,1.0,56.12696839116675,,
AP-VET81,2025-04-15,20,0.42555685814771393,1.712778429073857,61.18223349613113,,
AP-VET81,2025-04-28,10,1.8,3.4,49.64519047449913,,
AP-VET81,2025-04-28,12,0.0,1.0,57.01826547845196,,
AP-VET81,2025-04-28,20,0.0,2.0,57.13856878026201,,
AP-VET81,2025-04-28,22,0.0,1.0,49.02193773673971,,
AP-VET81,2025-04-28,23,0.0,1.0,49.128145581253364,,
AP-VET81,2025-04-29,4,0.85,1.4375,55.23128359004244,,
AP-VH01,2025-04-02,16,8.217898832684824,3.6070038910505837,59.69676792106149,,
AP-VH01,2025-04-04,18,0.0,2.0,58.09114178145129,,
AP-VH01,2025-04-07,4,7.184357541899441,3.2625698324022347,57.390814784339355,,
AP-VH01,2025-04-10,1,6.440677966101695,3.2711864406779663,57.862237107428186,,
AP-VH01,2025-04-11,21,0.0,2.0384615384615383,60.054916226377145,,
AP-VH01,2025-04-12,22,0.0,2.0,61.09861577380438,,
AP-VH01,2025-04-13,20,0.0,2.0,60.979993816655806,,
AP-VH01,2025-04-14,10,0.0,2.148936170212766,60.65825083618718,,
AP-VH01,2025-04-14,18,0.0,2.0,60.16063426765079,,
AP-VH01,2025-04-14,19,0.0,2.272727272727273,60.489145934050455,,
AP-VH01,2025-04-15,0,0.0,5.3130434782608695,61.57749858998553,,
AP-VH01,2025-04-15,21,0.0,2.0,62.66552394215752,,
AP-VH01,2025-04-16,0,0.0,2.0,62.57225478367939,,
AP-VH01,2025-04-16,2,0.0,2.0,61.58593317361638,,
AP-VH01,2025-04-16,11,0.0,2.0,60.811647708393956,,
AP-VH01,2025-04-16,12,0.0,2.1228070175438596,60.392487662831066,,
AP-VH01,2025-04-18,4,0.0,2.0,61.04179169365702,,
AP-VH01,2025-04-18,23,0.0,2.0,60.17227432819199,,
AP-VH01,2025-04-19,1,0.0,2.0,60.36148349438699,,
AP-VH01,2025-04-19,5,0.0,2.0,60.65255397879502,,
AP-VH01,2025-04-20,0,5.866336633663367,3.616336633663366,59.21002322308903,,
AP-VH01,2025-04-24,16,6.755725190839694,3.6946564885496183,59.12979365910902,,
AP-VH01,2025-04-25,18,0.0,2.0,58.56447875402771,,
AP-VH01,2025-04-26,5,0.0,2.0,59.55769631780237,,
AP-VH01,2025-04-28,4,11.051724137931034,5.137931034482759,57.42464395753851,,
AP-VH01,2025-04-28,10,0.0,6.0,58.16889853161227,,
AP-VH01,2025-04-28,15,0.0,1.6666666666666667,54.16817045793929,,
AP-VH01,2025-04-28,20,0.0,2.0,54.97860892719243,,
AP-VH01,2025-04-28,21,0.0,1.75,55.801518421013434,,
AP-VH01,2025-04-28,23,0.075,1.925,55.44876237620217,,
AP-VH01,2025-04-29,8,2.5555555555555554,2.2666666666666666,56.68135504737913,,
AP-VH01,2025-04-29,12,2.75,2.5,56.48518400390012,,
AP-VH02,2025-04-02,21,0.0,2.75,54.50676219130746,,
AP-VH02,2025-04-02,23,0.0,2.5,55.40967069549057,,
AP-VH02,2025-04-03,2,8.640167364016737,4.497907949790795,56.00380533917127,,
AP-VH02,2025-04-04,18,0.0,3.0,56.839529144334165,,
AP-VH02,2025-04-07,4,14.840909090909092,4.579545454545454,56.10447442416903,,
AP-VH02,2025-04-07,15,7.647058823529412,4.294117647058823,55.7008360675095,,
AP-VH02,2025-04-07,20,10.761904761904763,4.218253968253968,57.19639988402416,,
AP-VH02,2025-04-10,0,7.3117408906882595,4.153846153846154,57.5874980647566,,
AP-VH02,2025-04-12,6,0.0,3.05,56.38139573169614,,
AP-VH02,2025-04-13,2,0.10227272727272728,2.840909090909091,57.57860760470241,,
AP-VH02,2025-04-14,10,0.19305019305019305,3.613899613899614,58.87901688887159,,
AP-VH02,2025-04-16,11,0.0,3.0,59.96891591830374,,
AP-VH02,2025-04-16,12,0.06896551724137931,3.0,59.529543690761486,,
AP-VH02,2025-04-17,0,6.0,4.024793388429752,57.20919679931385,,
AP-VH02,2025-04-22,19,16.712871287128714,6.03960396039604,57.31073742475429,,
AP-VH02,2025-04-23,13,4.0,4.0,56.12440120463707,,
AP-VH02,2025-04-23,14,9.409420289855072,4.8478260869565215,57.13512759937742,,
AP-VH02,2025-04-26,5,0.0,3.0,57.011047280343355,,
AP-VH02,2025-04-28,4,8.728813559322035,3.9661016949152543,55.13988046735784,,
AP-VH02,2025-04-28,10,1.0,5.0,54.79567271887753,,
AP-VH02,2025-04-28,15,1.0,2.3333333333333335,55.17436316587878,,
AP-VH02,2025-04-28,20,0.0,3.0,55.55667703375596,,
AP-VH02,2025-04-28,22,0.0,3.0,55.745846814941444,,
AP-VH02,2025-04-28,23,5.376470588235295,3.4705882352941178,55.430393613195434,,
AP-VH02,2025-04-29,12,14.25,4.5,56.51169101042171,,
AP-VH03,2025-04-02,17,8.77431906614786,4.361867704280155,59.51252058341123,,
AP-VH03,2025-04-04,18,0.0,4.0,60.59400184923361,,
AP-VH03,2025-04-07,4,0.8817204301075269,4.849462365591398,53.35452925207123,,
AP-VH03,2025-04-07,16,0.6,4.1,55.93473839474149,,
AP-VH03,2025-04-07,19,30.258823529411764,5.729411764705882,57.521067610253425,,
AP-VH03,2025-04-08,11,0.5843373493975904,2.3313253012048194,57.03412972146286,,
AP-VH03,2025-04-09,23,1.2142857142857142,2.6020408163265305,58.546328329491494,,
AP-VH03,2025-04-10,15,0.0410958904109589,2.410958904109589,57.20962046552685,,
AP-VH03,2025-04-12,0,0.0,2.6666666666666665,57.79367814264687,,
AP-VH03,2025-04-12,18,0.0,2.5,57.083372479645824,,
AP-VH03,2025-04-13,18,0.0,2.0,56.359508228745845,,
AP-VH03,2025-04-13,19,0.0,2.3098591549295775,54.64665421510011,,
AP-VH03,2025-04-14,10,0.0213903743315508,4.502673796791444,56.708120686703865,,
AP-VH03,2025-04-16,3,0.0,2.9027777777777777,56.294699499379135,,
AP-VH03,2025-04-16,11,0.0,3.0,55.255038703290815,,
AP-VH03,2025-04-16,12,0.0,2.900990099009901,57.336839724601745,,
AP-VH03,2025-04-20,0,0.0,2.880952380952381,57.993653482515974,,
AP-VH03,2025-04-21,17,6.376425855513308,3.8479087452471483,59.09924687007316,,
AP-VH03,2025-04-24,1,2.4344262295081966,3.4631147540983607,57.37926091861404,,
AP-VH03,2025-04-26,5,0.0,3.0,58.17248972838951,,
AP-VH03,2025-04-28,4,0.0,2.586206896551724,50.53230068834428,,
AP-VH03,2025-04-28,10,0.0,2.0,52.21323702958544,,
AP-VH03,2025-04-28,15,0.0,3.0,48.10451645329062,,
AP-VH03,2025-04-28,20,0.0,3.0,48.288903939532126,,
AP-VH03,2025-04-28,22,0.0,2.6666666666666665,47.541039896012116,,
AP-VH03,2025-04-28,23,0.0,2.75,47.6443995877034,,
AP-VH03,2025-04-29,5,0.1643835616438356,4.191780821917808,48.53534761737153,,
AP-VH03,2025-04-29,12,0.25,4.5,51.23296025465345,,
AP-VH04,2025-04-02,16,2.5214007782101167,4.147859922178989,60.18364985298477,,
AP-VH04,2025-04-04,18,0.0,3.0,60.23994851591555,,
AP-VH04,2025-04-07,4,2.4166666666666665,2.2708333333333335,57.57195363008291,,
AP-VH04,2025-04-07,17,3.0288184438040346,3.089337175792507,56.707154806589244,,
AP-VH04,2025-04-10,12,0.6571428571428571,2.1085714285714285,58.87710982938536,,
AP-VH04,2025-04-12,20,0.0,2.0,60.80335334764826,,
AP-VH04,2025-04-14,5,0.0,2.0,60.767166994731866,,
AP-VH04,2025-04-14,6,0.0196078431372549,2.784313725490196,59.10902516774279,,
AP-VH04,2025-04-14,10,0.003861003861003861,3.8725868725868726,59.3143670059407,,
AP-VH04,2025-04-16,11,0.0,2.0,58.87444875308493,,
AP-VH04,2025-04-16,12,0.011111111111111112,2.011111111111111,60.516260375682386,,
AP-VH04,2025-04-19,13,2.1832298136645965,2.8944099378881987,60.19127210228913,,
AP-VH04,2025-04-24,4,3.504950495049505,3.227722772277228,59.57130541611931,,
AP-VH04,2025-04-24,18,1.7080291970802919,2.9708029197080292,57.90513200044578,,
AP-VH04,2025-04-26,5,0.0,2.0,55.69324992495366,,
AP-VH04,2025-04-28,4,4.0508474576271185,3.23728813559322,55.762847302718406,,
AP-VH04,2025-04-28,10,0.0,2.0,57.345032161082685,,
AP-VH04,2025-04-28,15,0.0,2.6666666666666665,52.67080252232103,,
AP-VH04,2025-04-28,20,0.0,2.0,52.83193972460856,,
AP-VH04,2025-04-28,21,0.13636363636363635,2.0,52.094194943193926,,
AP-VH04,2025-04-29,8,1.2444444444444445,2.088888888888889,55.68874435943012,,
AP-VH04,2025-04-29,12,2.75,2.5,58.55199472899676,,
AP-VH05,2025-04-02,9,0.0,3.0,63.640569188656706,,
AP-VH05,2025-04-03,0,0.46153846153846156,3.1025641025641026,62.553688745275046,,
AP-VH05,2025-04-03,7,0.5217391304347826,3.5942028985507246,61.03971878476363,,
AP-VH05,2025-04-04,7,0.49295774647887325,3.619718309859155,60.653474171760585,,
AP-VH05,2025-04-04,18,0.0,3.0,61.84712543853418,,
AP-VH05,2025-04-07,4,1.63,2.74,57.18972600493358,,
AP-VH05,2025-04-07,18,1.2030075187969924,2.6842105263157894,57.366497098954575,,
AP-VH05,2025-04-08,23,0.0,2.1666666666666665,59.58820388650319,,
AP-VH05,2025-04-09,5,0.9029649595687331,2.757412398921833,57.78863817554859,,
AP-VH05,2025-04-12,18,0.0,2.15,61.23169152027856,,
AP-VH05,2025-04-13,14,0.0,2.276315789473684,61.076907151434305,,
AP-VH05,2025-04-14,10,0.0,3.1494252873563218,61.2474528640206,,
AP-VH05,2025-04-15,21,0.0,2.152941176470588,61.52162981757437,,
AP-VH05,2025-04-16,11,0.0,2.0,61.17984312449444,,
AP-VH05,2025-04-16,12,0.0,2.6296296296296298,61.36113252223446,,
AP-VH05,2025-04-18,1,0.0,2.8904109589041096,61.49816464089927,,
AP-VH05,2025-04-21,2,1.0524861878453038,3.1408839779005526,58.24474441645822,,
AP-VH05,2025-04-24,12,0.6211180124223602,3.1801242236024843,58.74632122216996,,
AP-VH05,2025-04-26,5,0.0,3.0,60.53877690497413,,
AP-VH05,2025-04-28,4,1.1355932203389831,2.6610169491525424,55.960771600812244,,
AP-VH05,2025-04-28,10,0.0,3.0,57.40224425809526,,
AP-VH05,2025-04-28,15,1.0,2.0,60.9067892404546,,
AP-VH05,2025-04-28,20,0.0,2.0,61.53922417546409,,
AP-VH05,2025-04-28,21,1.0,2.0,61.490753163594924,,
AP-VH05,2025-04-28,23,0.65,2.125,59.061861246754674,,
AP-VH05,2025-04-29,8,1.8666666666666667,2.2666666666666666,57.751556909317785,,
AP-VH05,2025-04-29,12,0.75,2.0,56.86254699705773,,
AP-VH06,2025-04-02,9,4.850806451612903,3.157258064516129,57.709565097581134,,
AP-VH06,2025-04-04,15,0.0,2.7777777777777777,61.31553442800426,,
AP-VH06,2025-04-04,18,0.0,2.0,62.47625441971416,,
AP-VH06,2025-04-07,4,5.0672782874617734,2.522935779816514,58.27158038670481,,
AP-VH06,2025-04-09,14,2.5259740259740258,2.551948051948052,59.08984184782494,,
AP-VH06,2025-04-13,13,0.8051948051948052,2.5584415584415585,58.09763258911841,,
AP-VH06,2025-04-14,10,0.5791505791505791,3.722007722007722,59.185183428207125,,
AP-VH06,2025-04-16,11,0.0,3.0,62.31711033760543,,
AP-VH06,2025-04-16,12,0.16666666666666666,2.6041666666666665,59.513897427280476,,
AP-VH06,2025-04-17,19,0.0,2.4210526315789473,60.02055639327324,,
AP-VH06,2025-04-19,9,0.0,2.7777777777777777,59.89957411358109,,
AP-VH06,2025-04-20,3,0.0,2.0,61.12044694968114,,
AP-VH06,2025-04-20,4,0.0,2.0,59.82678555271573,,
AP-VH06,2025-04-21,13,0.0,2.0,59.73015372661437,,
AP-VH06,2025-04-21,16,0.0,2.0,59.98481913759146,,
AP-VH06,2025-04-21,19,6.638888888888889,3.0,58.20727249346055,,
AP-VH06,2025-04-22,15,6.753501400560224,3.5294117647058822,58.78202521392886,,
AP-VH06,2025-04-25,13,4.388888888888889,2.5,59.19341790003013,,
AP-VH06,2025-04-26,5,0.0,2.0,60.99698210574316,,
AP-VH06,2025-04-28,4,11.372881355932204,3.847457627118644,57.87214274075119,,
AP-VH06,2025-04-28,10,0.0,3.0,55.518559505450305,,
AP-VH06,2025-04-28,15,0.0,1.6666666666666667,56.40215980708697,,
AP-VH06,2025-04-28,20,0.0,1.0,55.3483016897458,,
AP-VH06,2025-04-28,21,2.5681818181818183,2.590909090909091,56.44219583562569,,
AP-VH06,2025-04-29,8,9.533333333333333,3.533333333333333,55.80788751412131,,
AP-VH06,2025-04-29,12,8.75,4.25,56.30148694881037,,
AP-VH07,2025-04-02,9,0.4796747967479675,3.3739837398373984,58.62216185974169,,
AP-VH07,2025-04-03,18,0.0,3.0416666666666665,59.96355391779159,,
AP-VH07,2025-04-04,0,0.0,3.3333333333333335,59.47896419191318,,
AP-VH07,2025-04-04,3,3.673469387755102,3.8979591836734695,57.74260264174827,,
AP-VH07,2025-04-04,18,0.0,3.0,58.27354450190996,,
AP-VH07,2025-04-07,4,1.6329113924050633,2.6202531645569622,55.99915456292658,,
AP-VH07,2025-04-07,13,9.333333333333334,3.923076923076923,56.70502922206127,,
AP-VH07,2025-04-09,0,0.0,3.0,55.36128800152156,,
AP-VH07,2025-04-09,1,3.0672268907563027,2.9159663865546217,56.533186612970155,,
AP-VH07,2025-04-09,23,0.9875518672199171,2.987551867219917,59.447755418504926,,
AP-VH07,2025-04-11,22,0.0,2.9574468085106385,58.568135155359954,,
AP-VH07,2025-04-13,21,0.0,2.9855072463768115,57.58291860451292,,
AP-VH07,2025-04-14,10,0.0,3.969111969111969,59.38129051455335,,
AP-VH07,2025-04-16,11,0.0,3.0,58.25792440713387,,
AP-VH07,2025-04-16,12,0.0,3.0,58.221307000134054,,
AP-VH07,2025-04-16,14,0.0,2.9310344827586206,59.211213672254935,,
AP-VH07,2025-04-17,8,0.0,2.75,59.55402993146149,,
AP-VH07,2025-04-17,12,0.0,2.813953488372093,59.86717872663525,,
AP-VH07,2025-04-19,7,0.0,3.0,59.79894382294104,,
AP-VH07,2025-04-19,9,0.0,2.943396226415094,59.80851769048704,,
AP-VH07,2025-04-21,14,3.3444444444444446,3.75,59.24329503630486,,
AP-VH07,2025-04-23,8,6.903846153846154,4.5576923076923075,58.25318355366611,,
AP-VH07,2025-04-23,13,1.1140939597315436,3.2348993288590604,59.62083757688589,,
AP-VH07,2025-04-24,21,0.0,3.15,58.43016615318162,,
AP-VH07,2025-04-25,6,1.8454545454545455,3.5,57.79864174968289,,
AP-VH07,2025-04-26,5,0.0,3.0,58.56353274655876,,
AP-VH07,2025-04-28,4,0.0,2.6779661016949152,50.857473678045366,,
AP-VH07,2025-04-28,10,0.0,3.0,50.28047855507714,,
AP-VH07,2025-04-28,15,0.0,2.0,49.59629171755687,,
AP-VH07,2025-04-28,20,0.0,2.0,49.89363541110503,,
AP-VH07,2025-04-28,21,0.0,3.0,49.869923845145586,,
AP-VH07,2025-04-28,23,0.0,2.759493670886076,50.913285706375305,,
AP-VH07,2025-04-29,11,0.0,2.3333333333333335,50.702265750375624,,
AP-VH07,2025-04-29,12,0.0,2.0,51.15614874472098,,
AP-VH08,2025-04-02,9,0.13636363636363635,3.0584415584415585,57.357783953029006,,
AP-VH08,2025-04-04,2,0.045454545454545456,3.1818181818181817,57.228284902487665,,
AP-VH08,2025-04-04,6,1.9506172839506173,3.1728395061728394,57.951062651936844,,
AP-VH08,2025-04-04,18,0.0,3.0,59.59281342447359,,
AP-VH08,2025-04-07,4,5.846153846153846,3.923076923076923,52.16240778289212,,
AP-VH08,2025-04-07,7,16.875,4.3125,57.16864617216376,,
AP-VH08,2025-04-07,10,10.3,3.4,55.98618237808692,,
AP-VH08,2025-04-07,13,1.4630225080385852,3.2218649517684885,57.98243338730102,,
AP-VH08,2025-04-10,7,1.1956521739130435,2.873913043478261,57.39307561468511,,
AP-VH08,2025-04-12,21,0.0,2.44,53.445861509130445,,
AP-VH08,2025-04-13,22,0.0,2.5294117647058822,51.572455877500374,,
AP-VH08,2025-04-14,10,0.0,2.543859649122807,53.332575897413385,,
AP-VH08,2025-04-14,23,0.0,4.465346534653466,53.90667079213593,,
AP-VH08,2025-04-16,11,0.0,3.0,53.506096513037434,,
AP-VH08,2025-04-16,12,0.0,2.8058252427184467,55.80526847008306,,
AP-VH08,2025-04-20,2,0.0,3.0,56.750619275567885,,
AP-VH08,2025-04-20,3,0.0,2.8823529411764706,56.632982359963925,,
AP-VH08,2025-04-20,20,0.0,2.870967741935484,56.59070112209902,,
AP-VH08,2025-04-21,20,0.0,3.0,56.56812465675367,,
AP-VH08,2025-04-21,22,5.972850678733032,4.018099547511312,57.57471532988192,,
AP-VH08,2025-04-23,14,1.4402985074626866,3.1343283582089554,59.16260217465447,,
AP-VH08,2025-04-24,17,0.0,3.0,58.0677685685282,,
AP-VH08,2025-04-24,18,1.4460431654676258,3.0215827338129495,58.65288404168747,,
AP-VH08,2025-04-26,5,0.0,3.0,57.3545633333868,,
AP-VH08,2025-04-28,4,0.0,2.7333333333333334,47.724133286319564,,
AP-VH08,2025-04-28,8,0.0,2.4642857142857144,48.656909540346454,,
AP-VH08,2025-04-28,10,0.0,2.0,48.490479998716765,,
AP-VH08,2025-04-28,15,0.0,3.0,49.77835906869203,,
AP-VH08,2025-04-28,20,0.0,3.0,49.98224094116137,,
AP-VH08,2025-04-28,21,0.25,2.840909090909091,49.76903938737914,,
AP-VH08,2025-04-29,8,0.0,3.0,50.0130315050796,,
AP-VH08,2025-04-29,12,0.0,2.5,50.2995668579871,,
AP-VH09,2025-04-02,9,1.8468085106382979,2.991489361702128,57.57662084687284,,
AP-VH09,2025-04-04,12,0.6818181818181818,2.8636363636363638,57.174978431336605,,
AP-VH09,2025-04-04,18,0.0,3.0,57.72862783199702,,
AP-VH09,2025-04-07,4,5.67816091954023,2.8505747126436782,55.938673743246646,,
AP-VH09,2025-04-08,10,1.176056338028169,2.624413145539906,58.31000284213525,,
AP-VH09,2025-04-12,2,0.0,2.767857142857143,58.490637103985264,,
AP-VH09,2025-04-14,10,0.10810810810810811,3.2084942084942085,59.349365335496515,,
AP-VH09,2025-04-16,11,0.0,2.0,58.18616348760416,,
AP-VH09,2025-04-16,12,0.0,2.206611570247934,59.63580096394902,,
AP-VH09,2025-04-20,20,4.879518072289157,3.7791164658634537,57.75220211121734,,
AP-VH09,2025-04-23,13,12.142857142857142,5.571428571428571,57.11308770208909,,
AP-VH09,2025-04-23,15,10.8,4.6,55.068105274555045,,
AP-VH09,2025-04-23,17,1.190909090909091,3.418181818181818,56.83554699437563,,
AP-VH09,2025-04-24,14,1.696969696969697,2.9393939393939394,57.03847834273226,,
AP-VH09,2025-04-25,2,0.5916666666666667,3.225,58.26021309390685,,
AP-VH09,2025-04-26,5,0.0,3.0,57.58689908500746,,
AP-VH09,2025-04-28,4,0.05084745762711865,2.9152542372881354,50.120356341098685,,
AP-VH09,2025-04-28,10,0.0,2.0,51.22445846327999,,
AP-VH09,2025-04-28,15,0.0,2.0,49.62554642523512,,
AP-VH09,2025-04-28,20,0.0,2.0,49.85177988735027,,
AP-VH09,2025-04-28,21,0.0,2.0,50.36642470187696,,
AP-VH09,2025-04-28,23,0.2,2.025,51.703186565930785,,
AP-VH09,2025-04-29,8,0.0,2.088888888888889,54.185670371371835,,
AP-VH09,2025-04-29,12,0.25,2.0,55.79827631863876,,
AP-VH10,2025-04-02,9,4.416342412451362,3.762645914396887,58.60961297085903,,
AP-VH10,2025-04-04,18,0.0,2.0,61.793046240006234,,
AP-VH10,2025-04-07,4,9.357446808510637,3.570212765957447,57.1839690767615,,
AP-VH10,2025-04-09,0,4.386533665835412,3.316708229426434,57.6666685243367,,
AP-VH10,2025-04-13,14,0.0,2.0,57.12734047209307,,
AP-VH10,2025-04-13,15,0.17333333333333334,2.533333333333333,56.53941093201833,,
AP-VH10,2025-04-14,10,0.023391812865497075,4.350877192982456,60.720782111128834,,
AP-VH10,2025-04-15,19,0.1590909090909091,2.102272727272727,59.578697763824614,,
AP-VH10,2025-04-16,11,0.4,2.0,60.541616206115066,,
AP-VH10,2025-04-16,12,0.017543859649122806,2.280701754385965,60.44117130349964,,
AP-VH10,2025-04-18,4,0.0,2.5,61.195493295095986,,
AP-VH10,2025-04-18,6,2.736842105263158,3.25,59.19671263614625,,
AP-VH10,2025-04-22,9,5.782978723404256,3.8595744680851065,56.86172345803224,,
AP-VH10,2025-04-24,8,5.78921568627451,4.53921568627451,57.386142160305596,,
AP-VH10,2025-04-26,5,0.0,3.0,59.378501685391974,,
AP-VH10,2025-04-28,4,10.067796610169491,4.779661016949152,56.36159878990608,,
AP-VH10,2025-04-28,10,0.0,8.0,59.29172934850606,,
AP-VH10,2025-04-28,15,1.0,2.0,56.97955478803322,,
AP-VH10,2025-04-28,20,0.0,2.0,56.693102839845366,,
AP-VH10,2025-04-28,22,0.0,2.3333333333333335,57.26134737024622,,
AP-VH10,2025-04-28,23,0.0,2.0,58.11490481645726,,
AP-VH10,2025-04-29,3,1.09375,2.0625,55.636466028030384,,
AP-VH10,2025-04-29,8,4.466666666666667,2.7555555555555555,54.50805672485273,,
AP-VH10,2025-04-29,12,7.0,3.25,55.80464594881496,,
AP-VH11,2025-04-02,9,15.45625,4.225,59.28795261700499,,
AP-VH11,2025-04-04,3,16.04123711340206,4.515463917525773,57.83924164631472,,
AP-VH11,2025-04-04,18,0.0,2.0,59.898441098357694,,
AP-VH11,2025-04-07,4,27.013698630136986,6.917808219178082,58.294559617089895,,
AP-VH11,2025-04-07,11,23.516778523489933,5.570469798657718,57.704678814560104,,
AP-VH11,2025-04-08,18,0.0,2.0,58.11395047590458,,
AP-VH11,2025-04-08,19,20.207920792079207,5.257425742574258,58.30937816051408,,
AP-VH11,2025-04-09,14,11.203252032520325,4.780487804878049,58.11597966262203,,
AP-VH11,2025-04-10,14,10.383333333333333,4.166666666666667,58.37410931994453,,
AP-VH11,2025-04-11,13,2.6,4.2,57.03551539653114,,
AP-VH11,2025-04-11,15,0.12195121951219512,2.341463414634146,58.792870696390395,,
AP-VH11,2025-04-12,17,0.0,2.1379310344827585,59.63459598101634,,
AP-VH11,2025-04-13,22,0.0,2.1029411764705883,59.2316409874158,,
AP-VH11,2025-04-14,10,0.0,2.2580645161290325,59.66015497633961,,
AP-VH11,2025-04-15,2,0.0,3.954314720812183,60.959818959641005,,
AP-VH11,2025-04-16,11,0.0,2.0,60.660774478284694,,
AP-VH11,2025-04-16,12,0.0,2.0,58.70460798027634,,
AP-VH11,2025-04-18,14,0.0,2.188679245283019,60.01261925429593,,
AP-VH11,2025-04-20,19,0.0,2.0,60.943085510441186,,
AP-VH11,2025-04-20,20,0.0,2.3333333333333335,60.60667117135697,,
AP-VH11,2025-04-21,11,10.14516129032258,4.42741935483871,59.639146394343726,,
AP-VH11,2025-04-22,16,13.362467866323907,4.89974293059126,59.56711367948654,,
AP-VH11,2025-04-26,4,0.0,3.0,62.13873920993957,,
AP-VH11,2025-04-26,5,0.0,3.0,62.62164955304459,,
AP-VH11,2025-04-28,4,24.47457627118644,7.135593220338983,56.93284770673943,,
AP-VH11,2025-04-28,10,0.0,7.0,59.50361711927442,,
AP-VH11,2025-04-28,15,0.0,2.0,50.91020308534049,,
AP-VH11,2025-04-28,20,0.0,2.0,51.21223836896221,,
AP-VH11,2025-04-28,21,0.0,4.5,51.93307892526759,,
AP-VH11,2025-04-28,23,0.0,2.0,52.507731456391774,,
AP-VH11,2025-04-29,8,0.37777777777777777,2.1333333333333333,52.88498934329164,,
AP-VH11,2025-04-29,12,4.25,2.75,57.04444576841729,,
AP-VH12,2025-04-02,9,0.0,2.0714285714285716,63.51336376338518,,
AP-VH12,2025-04-03,4,14.773584905660377,7.90566037735849,60.58450242813785,,
AP-VH12,2025-04-03,10,5.181818181818182,3.6363636363636362,61.505064143123995,,
AP-VH12,2025-04-04,12,10.045454545454545,3.909090909090909,59.98454877252093,,
AP-VH12,2025-04-04,18,0.0,2.0,61.24652552606915,,
AP-VH12,2025-04-07,4,10.41340782122905,3.5502793296089385,57.67368488360562,,
AP-VH12,2025-04-10,1,12.03125,4.09375,57.76242134500309,,
AP-VH12,2025-04-11,4,5.044642857142857,2.919642857142857,57.446067338003424,,
AP-VH12,2025-04-12,0,0.0,2.0,60.99179531879484,,
AP-VH12,2025-04-13,12,0.0,2.0,61.19270797620586,,
AP-VH12,2025-04-14,10,0.0,2.121212121212121,61.367859402295004,,
AP-VH12,2025-04-15,4,0.0,5.37037037037037,61.723253583012124,,
AP-VH12,2025-04-15,21,0.0,2.0,61.39812466192077,,
AP-VH12,2025-04-16,11,0.0,2.0,60.849925641102026,,
AP-VH12,2025-04-16,12,0.0,2.1153846153846154,60.94578661977424,,
AP-VH12,2025-04-17,23,2.1977611940298507,2.5186567164179103,60.444382272834794,,
AP-VH12,2025-04-23,8,3.4408602150537635,2.903225806451613,60.44459964730497,,
AP-VH12,2025-04-24,5,6.035398230088496,3.424778761061947,59.43661779986766,,
AP-VH12,2025-04-25,20,0.0,2.0,61.3627174420801,,
AP-VH12,2025-04-26,1,0.0,2.0,61.94482263999294,,
AP-VH12,2025-04-26,5,0.0,2.0,62.31076935107254,,
AP-VH12,2025-04-28,4,11.35593220338983,4.11864406779661,57.79650064396736,,
AP-VH12,2025-04-28,10,0.0,3.0,54.6870739258061,,
AP-VH12,2025-04-28,15,0.0,1.6666666666666667,56.54572890815779,,
AP-VH12,2025-04-28,20,0.0,2.0,54.49540856719913,,
AP-VH12,2025-04-28,21,0.36363636363636365,2.0,56.58518392643209,,
AP-VH12,2025-04-29,8,0.6222222222222222,2.0,56.444784730926706,,
AP-VH12,2025-04-29,12,3.5,2.25,57.69994927926865,,
AP-VH13,2025-04-02,9,0.027237354085603113,2.0505836575875485,63.62511622018947,,
AP-VH13,2025-04-04,18,0.0,2.0,66.10624543133889,,
AP-VH13,2025-04-07,4,0.8525345622119815,1.4746543778801844,54.317736700825066,,
AP-VH13,2025-04-08,17,0.05596107055961071,1.4622871046228711,59.89310756137711,,
AP-VH13,2025-04-13,6,0.0,2.0,63.07578974343698,,
AP-VH13,2025-04-13,9,0.0,1.7037037037037037,59.58809906977611,,
AP-VH13,2025-04-14,10,0.0,3.258687258687259,62.86663958795427,,
AP-VH13,2025-04-16,11,0.0,1.0,63.20890152773736,,
AP-VH13,2025-04-16,12,0.0,1.4705882352941178,61.49352134706269,,
AP-VH13,2025-04-16,16,0.0,1.5,62.56550111982324,,
AP-VH13,2025-04-18,4,0.0,1.5466666666666666,62.508571323817534,,
AP-VH13,2025-04-21,7,0.0,1.6,63.462060849982926,,
AP-VH13,2025-04-22,1,0.0,2.0,64.23843283753097,,
AP-VH13,2025-04-22,2,0.07758620689655173,1.8879310344827587,61.281853200557734,,
AP-VH13,2025-04-22,23,0.046511627906976744,1.9255813953488372,61.687035633251796,,
AP-VH13,2025-04-24,13,0.0,2.0,61.71105739154944,,
AP-VH13,2025-04-24,14,0.010101010101010102,1.9090909090909092,62.14735168801793,,
AP-VH13,2025-04-25,10,0.0,1.9821428571428572,63.23087618920223,,
AP-VH13,2025-04-26,5,0.0,2.0,64.02049051666259,,
AP-VH13,2025-04-28,4,0.017241379310344827,1.4655172413793103,52.108084301383116,,
AP-VH13,2025-04-28,10,0.0,1.0,52.719123155062924,,
AP-VH13,2025-04-28,15,0.0,1.3333333333333333,53.726003310441335,,
AP-VH13,2025-04-28,20,0.0,1.0,53.98692661154866,,
AP-VH13,2025-04-28,21,0.0,1.0,54.687905486575296,,
AP-VH13,2025-04-28,23,0.0,1.5,52.817712874544284,,
AP-VH13,2025-04-29,8,0.0,1.2666666666666666,53.47828807064821,,
AP-VH13,2025-04-29,12,0.25,1.25,53.927948454904595,,
AP-VH14,2025-04-02,21,0.29571984435797666,2.4863813229571985,58.8964830846603,,
AP-VH14,2025-04-04,18,0.0,2.0,61.05925338625151,,
AP-VH14,2025-04-07,4,0.336283185840708,2.185840707964602,56.84285598943448,,
AP-VH14,2025-04-08,0,0.0,1.2,61.708324787979755,,
AP-VH14,2025-04-08,3,0.0,1.6666666666666667,62.7043258489403,,
AP-VH14,2025-04-08,4,0.2961082910321489,1.6243654822335025,59.517237123191514,,
AP-VH14,2025-04-14,10,0.0,1.84,59.82949355747175,,
AP-VH14,2025-04-14,13,0.0,3.913978494623656,60.95832469866086,,
AP-VH14,2025-04-15,10,0.0070921985815602835,2.8297872340425534,60.50053167375883,,
AP-VH14,2025-04-16,11,0.0,2.0,60.106233544226924,,
AP-VH14,2025-04-16,12,0.4925373134328358,1.9203980099502487,61.043153841776075,,
AP-VH14,2025-04-23,23,0.6608695652173913,2.408695652173913,60.349341983281874,,
AP-VH14,2025-04-24,20,0.0,2.0,62.39198482116055,,
AP-VH14,2025-04-25,2,0.17355371900826447,1.6611570247933884,58.619036256167306,,
AP-VH14,2025-04-26,5,0.0,1.0,61.25637893936027,,
AP-VH14,2025-04-28,4,0.20689655172413793,1.3275862068965518,52.491415203793004,,
AP-VH14,2025-04-28,10,0.0,1.0,53.811781474208125,,
AP-VH14,2025-04-28,15,0.0,1.0,49.868201049350326,,
AP-VH14,2025-04-28,20,0.0,1.0,50.10567714145606,,
AP-VH14,2025-04-28,21,0.0,1.0,50.99341883651813,,
AP-VH14,2025-04-28,23,0.0,1.0,52.57217768453954,,
AP-VH14,2025-04-29,0,0.0,1.0,51.98084876461877,,
AP-VH14,2025-04-29,2,0.0,1.0,53.51880590216183,,
AP-VH14,2025-04-29,8,0.24444444444444444,1.2666666666666666,53.77180035864387,,
AP-VH14,2025-04-29,12,0.5,1.5,56.82191956950896,,
AP-VH15,2025-04-02,9,0.33073929961089493,3.1945525291828796,60.00080417307166,,
AP-VH15,2025-04-04,18,0.0,4.0,58.79405678774143,,
AP-VH15,2025-04-07,4,0.39473684210526316,2.807017543859649,54.237259553700284,,
AP-VH15,2025-04-08,1,1.1048218029350105,1.928721174004193,58.93508549189548,,
AP-VH15,2025-04-11,19,0.0,1.4615384615384615,61.34103357458038,,
AP-VH15,2025-04-12,6,0.0,1.5425531914893618,60.988120516690856,,
AP-VH15,2025-04-14,9,0.0,1.4285714285714286,60.53444480967363,,
AP-VH15,2025-04-14,10,0.0,2.6911196911196913,61.88112483485447,,
AP-VH15,2025-04-16,11,0.0,1.0,62.248273934055455,,
AP-VH15,2025-04-16,12,0.0,2.0526315789473686,61.09949186327563,,
AP-VH15,2025-04-16,16,0.02702702702702703,1.8918918918918919,61.86697906378824,,
AP-VH15,2025-04-18,3,0.0,1.5813953488372092,62.875483941014664,,
AP-VH15,2025-04-19,22,0.0,1.619047619047619,63.195680440385374,,
AP-VH15,2025-04-21,16,0.4027504911591356,2.3634577603143416,60.44759035193271,,
AP-VH15,2025-04-26,5,0.0,2.0,59.28867522004047,,
AP-VH15,2025-04-28,4,0.1016949152542373,2.3389830508474576,57.58305161258274,,
AP-VH15,2025-04-28,10,0.0,3.0,57.25031837409516,,
AP-VH15,2025-04-28,15,0.0,2.0,52.793488020464544,,
AP-VH15,2025-04-28,20,0.0,2.0,52.91130051879367,,
AP-VH15,2025-04-28,22,0.0,1.6666666666666667,53.66234639368893,,
AP-VH15,2025-04-28,23,0.45454545454545453,1.8636363636363635,53.91443003863038,,
AP-VH15,2025-04-29,6,0.3684210526315789,2.0,54.1457555193587,,
AP-VH15,2025-04-29,9,0.36,2.0,55.51269529235994,,
AP-VH15,2025-04-29,12,1.25,2.0,55.943018018856684,,
AP-VH16,2025-04-02,9,5.412451361867705,6.976653696498055,69.66591198434816,17.0,3.0817120622568095
AP-VH16,2025-04-04,18,0.0,5.0,69.42132306395408,17.0,3.0
AP-VH16,2025-04-07,4,8.513513513513514,8.837837837837839,66.11432293007697,17.0,4.675675675675675
AP-VH16,2025-04-07,8,8.309859154929578,6.366197183098592,66.49064848933234,17.0,3.9577464788732395
AP-VH16,2025-04-07,22,7.962121212121212,7.356060606060606,66.78155912193347,17.924242424242426,4.325757575757576
AP-VH16,2025-04-09,3,5.578947368421052,6.652631578947369,66.72872468075084,17.0,3.231578947368421
AP-VH16,2025-04-09,16,3.302325581395349,6.313953488372093,66.6903220717986,17.0,2.9302325581395348
AP-VH16,2025-04-10,10,1.5833333333333333,7.083333333333333,66.53529867352546,17.0,2.9166666666666665
AP-VH16,2025-04-10,11,1.8571428571428572,6.571428571428571,66.54007429881048,17.0,2.7142857142857144
AP-VH16,2025-04-10,12,3.026315789473684,5.526315789473684,66.7371186093265,17.0,2.6842105263157894
AP-VH16,2025-04-11,0,3.3978494623655915,6.236559139784946,66.72712089173386,17.0,2.924731182795699
AP-VH16,2025-04-11,14,1.4,4.714285714285714,66.73014434837187,17.142857142857142,2.1714285714285713
AP-VH16,2025-04-12,8,1.0,4.0,66.68012067904718,18.0,2.0
AP-VH16,2025-04-12,10,1.0,4.0,67.21588101402064,18.0,1.411764705882353
AP-VH16,2025-04-13,3,1.0,4.0,67.51246491853435,17.333333333333332,1.0
AP-VH16,2025-04-14,10,0.0,4.954545454545454,67.42870953679773,17.0,1.0
AP-VH16,2025-04-14,12,0.0,4.0,67.49694097901207,17.0,1.0
AP-VH16,2025-04-14,15,0.0,4.0,67.49991692233044,17.0,1.0
AP-VH16,2025-04-14,17,0.0,8.625570776255708,67.22701003472775,17.72146118721461,0.9908675799086758
AP-VH16,2025-04-16,11,0.0,4.0,67.64440433212997,18.0,1.0
AP-VH16,2025-04-16,12,0.0,4.333333333333333,67.69979774205449,18.0,1.0
AP-VH16,2025-04-16,19,0.0,4.0,67.73213556365562,18.0,1.0
AP-VH16,2025-04-18,6,0.0,4.0,67.73676530664065,18.0,1.0
AP-VH16,2025-04-18,19,0.0,4.0,67.7545051967449,18.0,1.0
AP-VH16,2025-04-20,3,0.0,4.0,67.75638454338815,18.0,1.0
AP-VH16,2025-04-20,4,0.0,4.0,67.76392661659679,18.0,1.0
AP-VH16,2025-04-20,20,0.0,4.0,67.76464480548276,18.0,1.0
AP-VH16,2025-04-22,0,0.0,4.0,67.7540440055071,18.0,1.0
AP-VH16,2025-04-22,1,2.663768115942029,6.718840579710145,68.10394441278878,17.36521739130435,2.542028985507246
AP-VH16,2025-04-24,16,1.8888888888888888,5.111111111111111,68.2115105309914,17.0,2.7777777777777777
AP-VH16,2025-04-24,19,0.19047619047619047,4.0476190476190474,68.22557137539674,17.0,1.1428571428571428
AP-VH16,2025-04-25,5,5.857142857142857,10.928571428571429,68.26459300886232,17.0,5.142857142857143
AP-VH16,2025-04-25,7,9.810526315789474,9.726315789473684,68.4367158004034,17.0,4.494736842105263
AP-VH16,2025-04-26,0,1.0,4.0,68.32878674872977,17.0,1.0
AP-VH16,2025-04-26,5,0.0,4.0,68.32317990373045,17.0,1.0
AP-VH16,2025-04-28,4,6.762711864406779,10.220338983050848,68.40852933853915,17.0,3.9661016949152543
AP-VH16,2025-04-28,10,0.0,8.0,68.3070931942773,17.0,3.0
AP-VH16,2025-04-28,15,0.0,4.0,65.77160406777867,17.0,1.0
AP-VH16,2025-04-28,20,0.0,4.0,65.78294223826715,17.0,1.0
AP-VH16,2025-04-28,21,0.09090909090909091,4.045454545454546,65.95932826818026,17.0,1.0909090909090908
AP-VH16,2025-04-29,8,0.28888888888888886,4.111111111111111,65.93763659484983,17.0,1.1111111111111112
AP-VH16,2025-04-29,12,5.5,6.25,66.21803500974605,17.0,3.0
AP-VH17,2025-04-02,9,14.791044776119403,12.034825870646767,68.84971870111728,16.0,7.736318407960199
AP-VH17,2025-04-04,8,31.928571428571427,16.214285714285715,69.24518995215995,16.0,11.821428571428571
AP-VH17,2025-04-04,18,0.0,5.0,68.67228239069394,16.0,1.0
AP-VH17,2025-04-07,4,0.0,13.666666666666666,65.2328189938773,16.0,1.0
AP-VH17,2025-04-07,5,25.926701570680628,17.602094240837697,67.11588603877287,16.0,12.863874345549739
AP-VH17,2025-04-08,11,23.636363636363637,19.545454545454547,67.63936002340644,16.0,14.545454545454545
AP-VH17,2025-04-08,14,29.0,17.1,67.59830846683214,16.0,11.6
AP-VH17,2025-04-08,16,16.45985401459854,14.065693430656934,67.32142697431458,16.0,8.233576642335766
AP-VH17,2025-04-09,22,0.0,4.0,67.012467591548,16.0,1.0
AP-VH17,2025-04-10,0,9.683794466403162,11.557312252964428,67.16265724983512,16.49802371541502,7.027667984189724
AP-VH17,2025-04-12,12,0.0,4.0,67.38531401106692,17.0,1.0
AP-VH17,2025-04-13,4,0.0,4.0,67.62415965876329,17.0,1.0
AP-VH17,2025-04-13,12,0.0,4.0,67.62978005080893,17.0,1.0
AP-VH17,2025-04-13,14,0.0,4.0,67.60714288201409,17.0,1.0
AP-VH17,2025-04-14,3,0.0,4.017241379310345,67.6288520753224,17.0,1.0
AP-VH17,2025-04-14,10,0.0,4.378378378378378,67.54589546958962,17.0,1.0
AP-VH17,2025-04-14,16,0.0,9.06,67.17705956887619,17.46,1.0
AP-VH17,2025-04-15,7,0.0,12.60919540229885,66.96571937434155,18.0,1.0
AP-VH17,2025-04-15,21,0.023529411764705882,4.0,67.95469997518788,17.141176470588235,1.0235294117647058
AP-VH17,2025-04-16,11,0.0,4.0,67.98765710656505,17.0,1.0
AP-VH17,2025-04-16,12,0.0,4.050632911392405,67.99515824887216,17.0,1.0759493670886076
AP-VH17,2025-04-19,2,0.0,4.0,68.02864753079456,17.0,1.0
AP-VH17,2025-04-19,3,10.463087248322148,10.312080536912752,68.41605639167396,16.7751677852349,6.332214765100671
AP-VH17,2025-04-23,15,10.636029411764707,15.408088235294118,68.64854745669923,16.4375,9.783088235294118
AP-VH17,2025-04-26,5,0.0,4.0,68.37561839818159,17.0,1.0
AP-VH17,2025-04-28,4,34.47457627118644,25.152542372881356,69.1513413582041,17.0,15.322033898305085
AP-VH17,2025-04-28,10,1.0,32.0,69.71520256718813,17.0,20.0
AP-VH17,2025-04-28,15,0.0,4.0,65.92832108723871,17.0,1.0
AP-VH17,2025-04-28,20,0.0,4.0,65.92737333805488,17.0,1.0
AP-VH17,2025-04-28,21,2.340909090909091,6.636363636363637,66.2715440621287,17.0,3.227272727272727
AP-VH17,2025-04-29,8,13.244897959183673,13.714285714285714,66.84585208588298,17.0,8.489795918367347
SetMeUp-C6:82:DC,2025-04-03,9,0.0,4.0,42.99036025773984,,
SetMeUp-CD:F3:D2,2025-04-22,9,0.0,1.1176470588235294,34.13051333913957,,
SetMeUp-CD:F3:D2,2025-04-22,10,0.0,1.0,34.406567539906185,,
d0:d3:e0:cd:13:a0,2025-04-03,9,2.5,3.5,50.933406214863055,18.0,17.0
dc:b7:ac:c6:82:dc,2025-04-03,9,5.0,11.0,51.89829645501411,,
