associated_device_name,band,signal_db,hour,date,swarm_name,client_count,cpu_utilization,mem_usage,tx_power,utilization
AP-CCOM18,5.0,-87.0,9.0,2025-04-02,AP-CCOM18,7.157545605306799,9.690713101160862,76.0005730486936,15.0,1.6326699834162521
AP-ICTAICP23,2.4,-50.0,9.0,2025-04-02,AP-ICTAICP23,1.2379826635145783,1.574468085106383,58.781480927636665,,
AP-CIEN10,5.0,-72.0,13.0,2025-04-02,AP-CIEN10,13.35933806146572,11.19070133963751,68.5865004026106,15.049645390070921,6.108747044917258
AP-BIBHUM07,5.0,-76.0,9.0,2025-04-02,AP-BIBHUM07,5.492981007431874,3.124690338563171,58.66555468948837,,
AP-MED60,2.4,-57.0,9.0,2025-04-02,AP-MED60,4.520882584712372,4.104806934594168,57.76101369730806,,
AP-LLET64,5.0,-56.0,9.0,2025-04-02,AP-LLET64,3.465721040189125,7.598896769109535,70.20942310765834,15.545311268715524,2.4286840031520884
AP-CIEN10,5.0,-82.0,13.0,2025-04-02,AP-CIEN10,13.35933806146572,11.19070133963751,68.5865004026106,15.049645390070921,6.108747044917258
AP-DRET02,5.0,-76.0,9.0,2025-04-02,AP-DRET02,13.303388494877856,12.479905437352246,76.66042954593891,16.016548463356973,2.178092986603625
AP-SAF09,2.4,-63.0,9.0,2025-04-02,AP-SAF09,4.166272655634358,6.334121355397951,69.83521709897906,20.49330181245075,2.326241134751773
AP-LLET13,5.0,-35.0,14.0,2025-04-02,AP-LLET13,3.541431261770245,5.552730696798493,67.02572631105147,15.448210922787194,2.8342749529190208
AP-CREAF05,5.0,-63.0,9.0,2025-04-02,AP-CREAF05,3.2537431048069347,3.0031520882584712,57.49458023614742,,
AP-ICTAICP21,2.4,-66.0,9.0,2025-04-02,AP-ICTAICP21,2.016548463356974,2.103230890464933,60.14579735700765,,
AP-EST03,2.4,-53.0,9.0,2025-04-02,AP-EST03,8.933018124507486,3.976359338061466,58.41640315203282,,
AP-VET34,5.0,-76.0,9.0,2025-04-02,AP-VET34,5.8132387706855795,3.8037825059101653,58.01565006575542,,
AP-CIEN14,5.0,-74.0,9.0,2025-04-02,AP-CIEN14,4.774625689519307,10.331757289204099,72.50991557409637,17.23798266351458,2.771473601260835
AP-IBB01,5.0,-67.0,9.0,2025-04-02,AP-IBB01,3.7825059101654848,5.732072498029945,67.75718184957891,15.771473601260835,2.0598896769109536
AP-CIEN62,5.0,-71.0,9.0,2025-04-02,AP-CIEN62,4.314420803782506,10.156028368794326,70.50163227925907,20.29787234042553,6.331757289204098
AP-CCOM18,5.0,-84.0,9.0,2025-04-02,AP-CCOM18,7.157545605306799,9.690713101160862,76.0005730486936,15.0,1.6326699834162521
AP-DRET02,5.0,-57.0,9.0,2025-04-02,AP-DRET02,13.303388494877856,12.479905437352246,76.66042954593891,16.016548463356973,2.178092986603625
AP-MRB05,5.0,-64.0,9.0,2025-04-02,AP-MRB05,6.804570527974783,5.792750197005516,66.30574631461609,20.62647754137116,2.479905437352246
AP-CIEN14,5.0,-86.0,9.0,2025-04-02,AP-CIEN14,4.774625689519307,10.331757289204099,72.50991557409637,17.23798266351458,2.771473601260835
AP-MRB06,2.4,-71.0,9.0,2025-04-02,AP-MRB06,1.9330181245074862,5.077226162332545,65.61186831566789,18.0,1.4688731284475964
AP-GTIP05,2.4,-58.0,9.0,2025-04-02,AP-GTIP05,3.555724033358605,3.152388172858226,58.31534569449332,,
AP-POL10,5.0,-76.0,9.0,2025-04-02,AP-POL10,3.3325453112687153,3.925925925925926,58.613893051042744,,
AP-LLET64,5.0,-63.0,9.0,2025-04-02,AP-LLET64,3.465721040189125,7.598896769109535,70.20942310765834,15.545311268715524,2.4286840031520884
AP-ETSE13,2.4,-66.0,9.0,2025-04-02,AP-ETSE13,7.055555555555555,3.6464646464646466,57.663506997225426,,
AP-VET77,2.4,-54.0,9.0,2025-04-02,AP-VET77,1.2293144208037825,2.0315208825847124,61.33445800668813,,
AP-REC09,2.4,-66.0,9.0,2025-04-02,AP-REC09,6.240346729708432,2.4814814814814814,57.954879676040456,,
AP-LLET39,5.0,-82.0,15.0,2025-04-02,AP-LLET39,12.790386130811664,8.951930654058314,69.33496171188887,15.918045705279749,4.531914893617022
AP-CCOM12,5.0,-67.0,9.0,2025-04-02,AP-CCOM12,3.239558707643814,3.289204097714736,57.180275090159846,,
AP-CIEN14,5.0,-85.0,9.0,2025-04-02,AP-CIEN14,4.774625689519307,10.331757289204099,72.50991557409637,17.23798266351458,2.771473601260835
AP-LLET48,5.0,-62.0,15.0,2025-04-02,AP-LLET48,1.7407407407407407,4.892828999211978,67.24194950033738,15.159180457052797,1.446808510638298
AP-MED58,5.0,-47.0,14.0,2025-04-01,AP-MED58,1.9992119779353823,4.721040189125295,65.65384869667015,17.09613869188337,1.6587864460204886
AP-BIBHUM01,5.0,-48.0,9.0,2025-04-02,AP-BIBHUM01,8.308835672997523,4.284888521882742,57.42465264620139,,
AP-ETSE75,5.0,-85.0,9.0,2025-04-02,AP-ETSE75,7.476753349093775,10.493301812450749,71.96704453523064,17.0,4.5650118203309695
AP-VET76,5.0,-54.0,9.0,2025-04-02,AP-VET76,2.5041322314049586,1.2861570247933884,56.82525168260928,,
AP-LLET45,5.0,-62.0,15.0,2025-04-02,AP-LLET45,4.832939322301025,5.692671394799055,66.52490432741408,15.049645390070921,2.2403467297084316
AP-MED59,5.0,-62.0,9.0,2025-04-02,AP-MED59,3.896719319562576,5.667071688942892,65.86008671840895,18.0,1.9501822600243013
AP-MED11,5.0,-82.0,9.0,2025-04-02,AP-MED11,3.8486997635933804,5.588652482269503,67.60238273904932,15.886524822695035,1.8518518518518519
AP-CCOM41,2.4,-76.0,9.0,2025-04-02,AP-CCOM41,1.5216706067769898,2.9235618597320725,58.352800091649904,,
AP-CIEN21,5.0,-50.0,9.0,2025-04-02,AP-CIEN21,4.61150512214342,3.4806934594168637,57.95558693025399,,
AP-DRET02,5.0,-84.0,9.0,2025-04-02,AP-DRET02,13.303388494877856,12.479905437352246,76.66042954593891,16.016548463356973,2.178092986603625
AP-BIBHUM07,5.0,-72.0,9.0,2025-04-02,AP-BIBHUM07,5.492981007431874,3.124690338563171,58.66555468948837,,
AP-MED43,5.0,-51.0,9.0,2025-04-02,AP-MED43,3.045705279747833,21.04728132387707,56.718529154745205,,
AP-MED19,5.0,-64.0,9.0,2025-04-02,AP-MED19,1.5681639085894405,5.9763593380614655,69.56972870483868,15.0,2.1055949566587864
AP-LLET42,5.0,-67.0,15.0,2025-04-02,AP-LLET42,3.3877068557919623,5.63672182821119,66.44622519383651,15.0,1.9330181245074862
AP-LLET25,2.4,-53.0,9.0,2025-04-02,AP-LLET25,7.0464933018124505,9.265563435776201,70.74503584446254,15.41371158392435,2.6587864460204886
AP-MED59,5.0,-67.0,9.0,2025-04-02,AP-MED59,3.896719319562576,5.667071688942892,65.86008671840895,18.0,1.9501822600243013
AP-MED43,5.0,-56.0,9.0,2025-04-02,AP-MED43,3.045705279747833,21.04728132387707,56.718529154745205,,
AP-VH16,2.4,-50.0,9.0,2025-04-02,AP-VH16,5.412451361867705,6.976653696498055,69.66591198434816,17.0,3.0817120622568095
AP-DRET02,5.0,-84.0,9.0,2025-04-02,AP-DRET02,13.303388494877856,12.479905437352246,76.66042954593891,16.016548463356973,2.178092986603625
AP-MED12,5.0,-54.0,9.0,2025-04-02,AP-MED12,2.8772782503037666,3.138517618469016,60.420496856304815,,
AP-MED48,5.0,-85.0,9.0,2025-04-02,AP-MED48,2.625,6.798611111111111,72.03447558663751,15.0,1.5416666666666667
AP-MED12,5.0,-59.0,9.0,2025-04-02,AP-MED12,2.8772782503037666,3.138517618469016,60.420496856304815,,
AP-CCOM18,5.0,-87.0,9.0,2025-04-02,AP-CCOM18,7.157545605306799,9.690713101160862,76.0005730486936,15.0,1.6326699834162521
AP-ICTAICP23,2.4,-51.0,9.0,2025-04-02,AP-ICTAICP23,1.2379826635145783,1.574468085106383,58.781480927636665,,
AP-CIEN10,5.0,-73.0,13.0,2025-04-02,AP-CIEN10,13.35933806146572,11.19070133963751,68.5865004026106,15.049645390070921,6.108747044917258
AP-BIBHUM07,5.0,-76.0,9.0,2025-04-02,AP-BIBHUM07,5.492981007431874,3.124690338563171,58.66555468948837,,
AP-MED60,2.4,-57.0,9.0,2025-04-02,AP-MED60,4.520882584712372,4.104806934594168,57.76101369730806,,
AP-LLET64,5.0,-56.0,9.0,2025-04-02,AP-LLET64,3.465721040189125,7.598896769109535,70.20942310765834,15.545311268715524,2.4286840031520884
AP-CIEN10,5.0,-84.0,13.0,2025-04-02,AP-CIEN10,13.35933806146572,11.19070133963751,68.5865004026106,15.049645390070921,6.108747044917258
AP-DRET02,5.0,-76.0,9.0,2025-04-02,AP-DRET02,13.303388494877856,12.479905437352246,76.66042954593891,16.016548463356973,2.178092986603625
AP-SAF09,2.4,-63.0,9.0,2025-04-02,AP-SAF09,4.166272655634358,6.334121355397951,69.83521709897906,20.49330181245075,2.326241134751773
AP-LLET13,5.0,-35.0,14.0,2025-04-02,AP-LLET13,3.541431261770245,5.552730696798493,67.02572631105147,15.448210922787194,2.8342749529190208
AP-CREAF05,5.0,-63.0,9.0,2025-04-02,AP-CREAF05,3.2537431048069347,3.0031520882584712,57.49458023614742,,
AP-ICTAICP21,2.4,-66.0,9.0,2025-04-02,AP-ICTAICP21,2.016548463356974,2.103230890464933,60.14579735700765,,
AP-EST03,2.4,-52.0,9.0,2025-04-02,AP-EST03,8.933018124507486,3.976359338061466,58.41640315203282,,
AP-VET34,5.0,-75.0,9.0,2025-04-02,AP-VET34,5.8132387706855795,3.8037825059101653,58.01565006575542,,
AP-CIEN14,5.0,-74.0,9.0,2025-04-02,AP-CIEN14,4.774625689519307,10.331757289204099,72.50991557409637,17.23798266351458,2.771473601260835
AP-IBB01,5.0,-69.0,9.0,2025-04-02,AP-IBB01,3.7825059101654848,5.732072498029945,67.75718184957891,15.771473601260835,2.0598896769109536
AP-CIEN62,5.0,-71.0,9.0,2025-04-02,AP-CIEN62,4.314420803782506,10.156028368794326,70.50163227925907,20.29787234042553,6.331757289204098
AP-CCOM18,5.0,-84.0,9.0,2025-04-02,AP-CCOM18,7.157545605306799,9.690713101160862,76.0005730486936,15.0,1.6326699834162521
AP-DRET02,5.0,-57.0,9.0,2025-04-02,AP-DRET02,13.303388494877856,12.479905437352246,76.66042954593891,16.016548463356973,2.178092986603625
AP-MRB05,5.0,-64.0,9.0,2025-04-02,AP-MRB05,6.804570527974783,5.792750197005516,66.30574631461609,20.62647754137116,2.479905437352246
AP-CIEN14,5.0,-86.0,9.0,2025-04-02,AP-CIEN14,4.774625689519307,10.331757289204099,72.50991557409637,17.23798266351458,2.771473601260835
AP-MRB06,2.4,-72.0,9.0,2025-04-02,AP-MRB06,1.9330181245074862,5.077226162332545,65.61186831566789,18.0,1.4688731284475964
AP-GTIP05,2.4,-57.0,9.0,2025-04-02,AP-GTIP05,3.555724033358605,3.152388172858226,58.31534569449332,,
AP-POL10,5.0,-76.0,9.0,2025-04-02,AP-POL10,3.3325453112687153,3.925925925925926,58.613893051042744,,
AP-LLET64,5.0,-63.0,9.0,2025-04-02,AP-LLET64,3.465721040189125,7.598896769109535,70.20942310765834,15.545311268715524,2.4286840031520884
AP-ETSE13,2.4,-66.0,9.0,2025-04-02,AP-ETSE13,7.055555555555555,3.6464646464646466,57.663506997225426,,
AP-VET77,2.4,-54.0,9.0,2025-04-02,AP-VET77,1.2293144208037825,2.0315208825847124,61.33445800668813,,
AP-REC09,2.4,-65.0,9.0,2025-04-02,AP-REC09,6.240346729708432,2.4814814814814814,57.954879676040456,,
AP-LLET39,5.0,-82.0,15.0,2025-04-02,AP-LLET39,12.790386130811664,8.951930654058314,69.33496171188887,15.918045705279749,4.531914893617022
AP-CCOM12,5.0,-65.0,9.0,2025-04-02,AP-CCOM12,3.239558707643814,3.289204097714736,57.180275090159846,,
AP-CIEN14,5.0,-85.0,9.0,2025-04-02,AP-CIEN14,4.774625689519307,10.331757289204099,72.50991557409637,17.23798266351458,2.771473601260835
AP-LLET48,5.0,-62.0,15.0,2025-04-02,AP-LLET48,1.7407407407407407,4.892828999211978,67.24194950033738,15.159180457052797,1.446808510638298
AP-MED58,5.0,-47.0,14.0,2025-04-01,AP-MED58,1.9992119779353823,4.721040189125295,65.65384869667015,17.09613869188337,1.6587864460204886
AP-BIBHUM01,5.0,-48.0,9.0,2025-04-02,AP-BIBHUM01,8.308835672997523,4.284888521882742,57.42465264620139,,
AP-ETSE75,5.0,-85.0,9.0,2025-04-02,AP-ETSE75,7.476753349093775,10.493301812450749,71.96704453523064,17.0,4.5650118203309695
AP-VET76,2.4,-47.0,9.0,2025-04-02,AP-VET76,2.5041322314049586,1.2861570247933884,56.82525168260928,,
AP-LLET45,5.0,-63.0,15.0,2025-04-02,AP-LLET45,4.832939322301025,5.692671394799055,66.52490432741408,15.049645390070921,2.2403467297084316
AP-MED59,5.0,-62.0,9.0,2025-04-02,AP-MED59,3.896719319562576,5.667071688942892,65.86008671840895,18.0,1.9501822600243013
AP-CCOM41,2.4,-75.0,9.0,2025-04-02,AP-CCOM41,1.5216706067769898,2.9235618597320725,58.352800091649904,,
AP-CIEN21,5.0,-49.0,9.0,2025-04-02,AP-CIEN21,4.61150512214342,3.4806934594168637,57.95558693025399,,
AP-DRET02,5.0,-84.0,9.0,2025-04-02,AP-DRET02,13.303388494877856,12.479905437352246,76.66042954593891,16.016548463356973,2.178092986603625
AP-BIBHUM07,5.0,-71.0,9.0,2025-04-02,AP-BIBHUM07,5.492981007431874,3.124690338563171,58.66555468948837,,
AP-MED43,5.0,-51.0,9.0,2025-04-02,AP-MED43,3.045705279747833,21.04728132387707,56.718529154745205,,
AP-MED19,5.0,-64.0,9.0,2025-04-02,AP-MED19,1.5681639085894405,5.9763593380614655,69.56972870483868,15.0,2.1055949566587864
AP-LLET42,5.0,-67.0,15.0,2025-04-02,AP-LLET42,3.3877068557919623,5.63672182821119,66.44622519383651,15.0,1.9330181245074862
AP-LLET25,2.4,-53.0,9.0,2025-04-02,AP-LLET25,7.0464933018124505,9.265563435776201,70.74503584446254,15.41371158392435,2.6587864460204886
AP-MED59,5.0,-67.0,9.0,2025-04-02,AP-MED59,3.896719319562576,5.667071688942892,65.86008671840895,18.0,1.9501822600243013
AP-MED43,5.0,-57.0,9.0,2025-04-02,AP-MED43,3.045705279747833,21.04728132387707,56.718529154745205,,
AP-VH16,2.4,-50.0,9.0,2025-04-02,AP-VH16,5.412451361867705,6.976653696498055,69.66591198434816,17.0,3.0817120622568095
AP-DRET02,5.0,-84.0,9.0,2025-04-02,AP-DRET02,13.303388494877856,12.479905437352246,76.66042954593891,16.016548463356973,2.178092986603625
AP-MED12,5.0,-52.0,9.0,2025-04-02,AP-MED12,2.8772782503037666,3.138517618469016,60.420496856304815,,
AP-MED48,5.0,-85.0,9.0,2025-04-02,AP-MED48,2.625,6.798611111111111,72.03447558663751,15.0,1.5416666666666667
AP-MED12,5.0,-59.0,9.0,2025-04-02,AP-MED12,2.8772782503037666,3.138517618469016,60.420496856304815,,
AP-CCOM18,5.0,-87.0,9.0,2025-04-02,AP-CCOM18,7.157545605306799,9.690713101160862,76.0005730486936,15.0,1.6326699834162521
AP-ICTAICP23,2.4,-50.0,9.0,2025-04-02,AP-ICTAICP23,1.2379826635145783,1.574468085106383,58.781480927636665,,
AP-CIEN10,5.0,-72.0,13.0,2025-04-02,AP-CIEN10,13.35933806146572,11.19070133963751,68.5865004026106,15.049645390070921,6.108747044917258
AP-BIBHUM07,5.0,-76.0,9.0,2025-04-02,AP-BIBHUM07,5.492981007431874,3.124690338563171,58.66555468948837,,
AP-MED60,2.4,-56.0,9.0,2025-04-02,AP-MED60,4.520882584712372,4.104806934594168,57.76101369730806,,
AP-LLET64,5.0,-56.0,9.0,2025-04-02,AP-LLET64,3.465721040189125,7.598896769109535,70.20942310765834,15.545311268715524,2.4286840031520884
AP-CIEN10,5.0,-84.0,13.0,2025-04-02,AP-CIEN10,13.35933806146572,11.19070133963751,68.5865004026106,15.049645390070921,6.108747044917258
AP-DRET02,5.0,-76.0,9.0,2025-04-02,AP-DRET02,13.303388494877856,12.479905437352246,76.66042954593891,16.016548463356973,2.178092986603625
AP-SAF09,2.4,-63.0,9.0,2025-04-02,AP-SAF09,4.166272655634358,6.334121355397951,69.83521709897906,20.49330181245075,2.326241134751773
AP-LLET13,5.0,-34.0,14.0,2025-04-02,AP-LLET13,3.541431261770245,5.552730696798493,67.02572631105147,15.448210922787194,2.8342749529190208
AP-CREAF05,5.0,-63.0,9.0,2025-04-02,AP-CREAF05,3.2537431048069347,3.0031520882584712,57.49458023614742,,
AP-ICTAICP21,2.4,-66.0,9.0,2025-04-02,AP-ICTAICP21,2.016548463356974,2.103230890464933,60.14579735700765,,
AP-EST03,2.4,-52.0,9.0,2025-04-02,AP-EST03,8.933018124507486,3.976359338061466,58.41640315203282,,
AP-VET34,5.0,-77.0,9.0,2025-04-02,AP-VET34,5.8132387706855795,3.8037825059101653,58.01565006575542,,
AP-CIEN14,5.0,-74.0,9.0,2025-04-02,AP-CIEN14,4.774625689519307,10.331757289204099,72.50991557409637,17.23798266351458,2.771473601260835
AP-IBB01,5.0,-68.0,9.0,2025-04-02,AP-IBB01,3.7825059101654848,5.732072498029945,67.75718184957891,15.771473601260835,2.0598896769109536
AP-CIEN62,5.0,-71.0,9.0,2025-04-02,AP-CIEN62,4.314420803782506,10.156028368794326,70.50163227925907,20.29787234042553,6.331757289204098
AP-CCOM18,5.0,-84.0,9.0,2025-04-02,AP-CCOM18,7.157545605306799,9.690713101160862,76.0005730486936,15.0,1.6326699834162521
AP-DRET02,5.0,-57.0,9.0,2025-04-02,AP-DRET02,13.303388494877856,12.479905437352246,76.66042954593891,16.016548463356973,2.178092986603625
AP-MRB05,5.0,-64.0,9.0,2025-04-02,AP-MRB05,6.804570527974783,5.792750197005516,66.30574631461609,20.62647754137116,2.479905437352246
AP-CIEN14,5.0,-86.0,9.0,2025-04-02,AP-CIEN14,4.774625689519307,10.331757289204099,72.50991557409637,17.23798266351458,2.771473601260835
AP-MRB06,2.4,-71.0,9.0,2025-04-02,AP-MRB06,1.9330181245074862,5.077226162332545,65.61186831566789,18.0,1.4688731284475964
AP-GTIP05,2.4,-58.0,9.0,2025-04-02,AP-GTIP05,3.555724033358605,3.152388172858226,58.31534569449332,,
AP-POL10,5.0,-76.0,9.0,2025-04-02,AP-POL10,3.3325453112687153,3.925925925925926,58.613893051042744,,
AP-LLET64,5.0,-63.0,9.0,2025-04-02,AP-LLET64,3.465721040189125,7.598896769109535,70.20942310765834,15.545311268715524,2.4286840031520884
AP-ETSE13,2.4,-65.0,9.0,2025-04-02,AP-ETSE13,7.055555555555555,3.6464646464646466,57.663506997225426,,
AP-VET77,2.4,-54.0,9.0,2025-04-02,AP-VET77,1.2293144208037825,2.0315208825847124,61.33445800668813,,
AP-REC09,2.4,-66.0,9.0,2025-04-02,AP-REC09,6.240346729708432,2.4814814814814814,57.954879676040456,,
AP-LLET39,5.0,-82.0,15.0,2025-04-02,AP-LLET39,12.790386130811664,8.951930654058314,69.33496171188887,15.918045705279749,4.531914893617022
AP-CCOM12,5.0,-67.0,9.0,2025-04-02,AP-CCOM12,3.239558707643814,3.289204097714736,57.180275090159846,,
AP-CIEN14,5.0,-85.0,9.0,2025-04-02,AP-CIEN14,4.774625689519307,10.331757289204099,72.50991557409637,17.23798266351458,2.771473601260835
AP-LLET48,5.0,-62.0,15.0,2025-04-02,AP-LLET48,1.7407407407407407,4.892828999211978,67.24194950033738,15.159180457052797,1.446808510638298
AP-MED58,5.0,-47.0,14.0,2025-04-01,AP-MED58,1.9992119779353823,4.721040189125295,65.65384869667015,17.09613869188337,1.6587864460204886
AP-BIBHUM01,5.0,-48.0,9.0,2025-04-02,AP-BIBHUM01,8.308835672997523,4.284888521882742,57.42465264620139,,
AP-ETSE75,5.0,-85.0,9.0,2025-04-02,AP-ETSE75,7.476753349093775,10.493301812450749,71.96704453523064,17.0,4.5650118203309695
AP-VET76,5.0,-55.0,9.0,2025-04-02,AP-VET76,2.5041322314049586,1.2861570247933884,56.82525168260928,,
AP-LLET45,5.0,-63.0,15.0,2025-04-02,AP-LLET45,4.832939322301025,5.692671394799055,66.52490432741408,15.049645390070921,2.2403467297084316
AP-MED59,5.0,-62.0,9.0,2025-04-02,AP-MED59,3.896719319562576,5.667071688942892,65.86008671840895,18.0,1.9501822600243013
AP-CCOM41,2.4,-75.0,9.0,2025-04-02,AP-CCOM41,1.5216706067769898,2.9235618597320725,58.352800091649904,,
AP-CIEN21,5.0,-50.0,9.0,2025-04-02,AP-CIEN21,4.61150512214342,3.4806934594168637,57.95558693025399,,
AP-DRET02,5.0,-84.0,9.0,2025-04-02,AP-DRET02,13.303388494877856,12.479905437352246,76.66042954593891,16.016548463356973,2.178092986603625
AP-BIBHUM07,5.0,-72.0,9.0,2025-04-02,AP-BIBHUM07,5.492981007431874,3.124690338563171,58.66555468948837,,
AP-MED43,5.0,-51.0,9.0,2025-04-02,AP-MED43,3.045705279747833,21.04728132387707,56.718529154745205,,
AP-MED19,5.0,-63.0,9.0,2025-04-02,AP-MED19,1.5681639085894405,5.9763593380614655,69.56972870483868,15.0,2.1055949566587864
AP-LLET42,5.0,-68.0,15.0,2025-04-02,AP-LLET42,3.3877068557919623,5.63672182821119,66.44622519383651,15.0,1.9330181245074862
AP-LLET25,2.4,-52.0,9.0,2025-04-02,AP-LLET25,7.0464933018124505,9.265563435776201,70.74503584446254,15.41371158392435,2.6587864460204886
AP-MED59,5.0,-67.0,9.0,2025-04-02,AP-MED59,3.896719319562576,5.667071688942892,65.86008671840895,18.0,1.9501822600243013
AP-MED43,5.0,-48.0,9.0,2025-04-02,AP-MED43,3.045705279747833,21.04728132387707,56.718529154745205,,
AP-VH16,2.4,-50.0,9.0,2025-04-02,AP-VH16,5.412451361867705,6.976653696498055,69.66591198434816,17.0,3.0817120622568095
AP-DRET02,5.0,-84.0,9.0,2025-04-02,AP-DRET02,13.303388494877856,12.479905437352246,76.66042954593891,16.016548463356973,2.178092986603625
AP-MED12,5.0,-53.0,9.0,2025-04-02,AP-MED12,2.8772782503037666,3.138517618469016,60.420496856304815,,
AP-MED48,5.0,-85.0,9.0,2025-04-02,AP-MED48,2.625,6.798611111111111,72.03447558663751,15.0,1.5416666666666667
AP-MED12,5.0,-59.0,9.0,2025-04-02,AP-MED12,2.8772782503037666,3.138517618469016,60.420496856304815,,
AP-CCOM18,5.0,-87.0,9.0,2025-04-02,AP-CCOM18,7.157545605306799,9.690713101160862,76.0005730486936,15.0,1.6326699834162521
AP-ICTAICP23,2.4,-51.0,9.0,2025-04-02,AP-ICTAICP23,1.2379826635145783,1.574468085106383,58.781480927636665,,
AP-CIEN10,5.0,-73.0,13.0,2025-04-02,AP-CIEN10,13.35933806146572,11.19070133963751,68.5865004026106,15.049645390070921,6.108747044917258
AP-BIBHUM07,5.0,-76.0,9.0,2025-04-02,AP-BIBHUM07,5.492981007431874,3.124690338563171,58.66555468948837,,
AP-MED60,2.4,-56.0,9.0,2025-04-02,AP-MED60,4.520882584712372,4.104806934594168,57.76101369730806,,
AP-LLET64,5.0,-57.0,9.0,2025-04-02,AP-LLET64,3.465721040189125,7.598896769109535,70.20942310765834,15.545311268715524,2.4286840031520884
AP-CIEN10,5.0,-83.0,13.0,2025-04-02,AP-CIEN10,13.35933806146572,11.19070133963751,68.5865004026106,15.049645390070921,6.108747044917258
AP-DRET02,5.0,-76.0,9.0,2025-04-02,AP-DRET02,13.303388494877856,12.479905437352246,76.66042954593891,16.016548463356973,2.178092986603625
AP-SAF09,2.4,-63.0,9.0,2025-04-02,AP-SAF09,4.166272655634358,6.334121355397951,69.83521709897906,20.49330181245075,2.326241134751773
AP-LLET13,5.0,-35.0,14.0,2025-04-02,AP-LLET13,3.541431261770245,5.552730696798493,67.02572631105147,15.448210922787194,2.8342749529190208
AP-CREAF05,5.0,-63.0,9.0,2025-04-02,AP-CREAF05,3.2537431048069347,3.0031520882584712,57.49458023614742,,
AP-ICTAICP21,2.4,-65.0,9.0,2025-04-02,AP-ICTAICP21,2.016548463356974,2.103230890464933,60.14579735700765,,
AP-EST03,2.4,-52.0,9.0,2025-04-02,AP-EST03,8.933018124507486,3.976359338061466,58.41640315203282,,
AP-VET34,5.0,-76.0,9.0,2025-04-02,AP-VET34,5.8132387706855795,3.8037825059101653,58.01565006575542,,
AP-CIEN14,5.0,-74.0,9.0,2025-04-02,AP-CIEN14,4.774625689519307,10.331757289204099,72.50991557409637,17.23798266351458,2.771473601260835
AP-IBB01,5.0,-67.0,9.0,2025-04-02,AP-IBB01,3.7825059101654848,5.732072498029945,67.75718184957891,15.771473601260835,2.0598896769109536
AP-CIEN62,5.0,-71.0,9.0,2025-04-02,AP-CIEN62,4.314420803782506,10.156028368794326,70.50163227925907,20.29787234042553,6.331757289204098
AP-CCOM18,5.0,-84.0,9.0,2025-04-02,AP-CCOM18,7.157545605306799,9.690713101160862,76.0005730486936,15.0,1.6326699834162521
AP-DRET02,5.0,-57.0,9.0,2025-04-02,AP-DRET02,13.303388494877856,12.479905437352246,76.66042954593891,16.016548463356973,2.178092986603625
AP-MRB05,5.0,-64.0,9.0,2025-04-02,AP-MRB05,6.804570527974783,5.792750197005516,66.30574631461609,20.62647754137116,2.479905437352246
AP-CIEN14,5.0,-86.0,9.0,2025-04-02,AP-CIEN14,4.774625689519307,10.331757289204099,72.50991557409637,17.23798266351458,2.771473601260835
AP-MRB06,2.4,-71.0,9.0,2025-04-02,AP-MRB06,1.9330181245074862,5.077226162332545,65.61186831566789,18.0,1.4688731284475964
AP-GTIP05,2.4,-57.0,9.0,2025-04-02,AP-GTIP05,3.555724033358605,3.152388172858226,58.31534569449332,,
AP-POL10,5.0,-76.0,9.0,2025-04-02,AP-POL10,3.3325453112687153,3.925925925925926,58.613893051042744,,
AP-LLET64,5.0,-63.0,9.0,2025-04-02,AP-LLET64,3.465721040189125,7.598896769109535,70.20942310765834,15.545311268715524,2.4286840031520884
AP-ETSE13,2.4,-68.0,9.0,2025-04-02,AP-ETSE13,7.055555555555555,3.6464646464646466,57.663506997225426,,
AP-VET77,2.4,-54.0,9.0,2025-04-02,AP-VET77,1.2293144208037825,2.0315208825847124,61.33445800668813,,
AP-REC09,2.4,-66.0,9.0,2025-04-02,AP-REC09,6.240346729708432,2.4814814814814814,57.954879676040456,,
AP-LLET39,5.0,-82.0,15.0,2025-04-02,AP-LLET39,12.790386130811664,8.951930654058314,69.33496171188887,15.918045705279749,4.531914893617022
AP-CCOM12,5.0,-66.0,9.0,2025-04-02,AP-CCOM12,3.239558707643814,3.289204097714736,57.180275090159846,,
AP-CIEN14,5.0,-85.0,9.0,2025-04-02,AP-CIEN14,4.774625689519307,10.331757289204099,72.50991557409637,17.23798266351458,2.771473601260835
AP-LLET48,5.0,-61.0,15.0,2025-04-02,AP-LLET48,1.7407407407407407,4.892828999211978,67.24194950033738,15.159180457052797,1.446808510638298
AP-MED58,5.0,-47.0,14.0,2025-04-01,AP-MED58,1.9992119779353823,4.721040189125295,65.65384869667015,17.09613869188337,1.6587864460204886
AP-BIBHUM01,5.0,-48.0,9.0,2025-04-02,AP-BIBHUM01,8.308835672997523,4.284888521882742,57.42465264620139,,
AP-ETSE75,5.0,-85.0,9.0,2025-04-02,AP-ETSE75,7.476753349093775,10.493301812450749,71.96704453523064,17.0,4.5650118203309695
AP-VET76,2.4,-41.0,9.0,2025-04-02,AP-VET76,2.5041322314049586,1.2861570247933884,56.82525168260928,,
AP-LLET45,5.0,-61.0,15.0,2025-04-02,AP-LLET45,4.832939322301025,5.692671394799055,66.52490432741408,15.049645390070921,2.2403467297084316
AP-MED59,5.0,-61.0,9.0,2025-04-02,AP-MED59,3.896719319562576,5.667071688942892,65.86008671840895,18.0,1.9501822600243013
AP-CCOM41,2.4,-76.0,9.0,2025-04-02,AP-CCOM41,1.5216706067769898,2.9235618597320725,58.352800091649904,,
AP-CIEN21,5.0,-49.0,9.0,2025-04-02,AP-CIEN21,4.61150512214342,3.4806934594168637,57.95558693025399,,
AP-DRET02,5.0,-84.0,9.0,2025-04-02,AP-DRET02,13.303388494877856,12.479905437352246,76.66042954593891,16.016548463356973,2.178092986603625
AP-BIBHUM07,5.0,-72.0,9.0,2025-04-02,AP-BIBHUM07,5.492981007431874,3.124690338563171,58.66555468948837,,
AP-MED43,5.0,-51.0,9.0,2025-04-02,AP-MED43,3.045705279747833,21.04728132387707,56.718529154745205,,
AP-MED19,5.0,-63.0,9.0,2025-04-02,AP-MED19,1.5681639085894405,5.9763593380614655,69.56972870483868,15.0,2.1055949566587864
AP-LLET42,5.0,-68.0,15.0,2025-04-02,AP-LLET42,3.3877068557919623,5.63672182821119,66.44622519383651,15.0,1.9330181245074862
AP-LLET25,2.4,-52.0,9.0,2025-04-02,AP-LLET25,7.0464933018124505,9.265563435776201,70.74503584446254,15.41371158392435,2.6587864460204886
AP-MED59,5.0,-67.0,9.0,2025-04-02,AP-MED59,3.896719319562576,5.667071688942892,65.86008671840895,18.0,1.9501822600243013
AP-MED43,5.0,-55.0,9.0,2025-04-02,AP-MED43,3.045705279747833,21.04728132387707,56.718529154745205,,
AP-VH16,2.4,-49.0,9.0,2025-04-02,AP-VH16,5.412451361867705,6.976653696498055,69.66591198434816,17.0,3.0817120622568095
AP-DRET02,5.0,-84.0,9.0,2025-04-02,AP-DRET02,13.303388494877856,12.479905437352246,76.66042954593891,16.016548463356973,2.178092986603625
AP-MED12,5.0,-53.0,9.0,2025-04-02,AP-MED12,2.8772782503037666,3.138517618469016,60.420496856304815,,
AP-MED48,5.0,-85.0,9.0,2025-04-02,AP-MED48,2.625,6.798611111111111,72.03447558663751,15.0,1.5416666666666667
AP-MED12,5.0,-59.0,9.0,2025-04-02,AP-MED12,2.8772782503037666,3.138517618469016,60.420496856304815,,
AP-CCOM18,5.0,-87.0,9.0,2025-04-02,AP-CCOM18,7.157545605306799,9.690713101160862,76.0005730486936,15.0,1.6326699834162521
AP-ICTAICP23,2.4,-50.0,9.0,2025-04-02,AP-ICTAICP23,1.2379826635145783,1.574468085106383,58.781480927636665,,
AP-CIEN10,5.0,-72.0,13.0,2025-04-02,AP-CIEN10,13.35933806146572,11.19070133963751,68.5865004026106,15.049645390070921,6.108747044917258
AP-BIBHUM07,5.0,-76.0,9.0,2025-04-02,AP-BIBHUM07,5.492981007431874,3.124690338563171,58.66555468948837,,
AP-MED60,2.4,-56.0,9.0,2025-04-02,AP-MED60,4.520882584712372,4.104806934594168,57.76101369730806,,
AP-LLET64,5.0,-56.0,9.0,2025-04-02,AP-LLET64,3.465721040189125,7.598896769109535,70.20942310765834,15.545311268715524,2.4286840031520884
AP-CIEN10,5.0,-86.0,13.0,2025-04-02,AP-CIEN10,13.35933806146572,11.19070133963751,68.5865004026106,15.049645390070921,6.108747044917258
AP-DRET02,5.0,-76.0,9.0,2025-04-02,AP-DRET02,13.303388494877856,12.479905437352246,76.66042954593891,16.016548463356973,2.178092986603625
AP-SAF09,2.4,-63.0,9.0,2025-04-02,AP-SAF09,4.166272655634358,6.334121355397951,69.83521709897906,20.49330181245075,2.326241134751773
AP-LLET13,5.0,-35.0,14.0,2025-04-02,AP-LLET13,3.541431261770245,5.552730696798493,67.02572631105147,15.448210922787194,2.8342749529190208
AP-CREAF05,5.0,-63.0,9.0,2025-04-02,AP-CREAF05,3.2537431048069347,3.0031520882584712,57.49458023614742,,
AP-ICTAICP21,2.4,-66.0,9.0,2025-04-02,AP-ICTAICP21,2.016548463356974,2.103230890464933,60.14579735700765,,
AP-EST03,2.4,-52.0,9.0,2025-04-02,AP-EST03,8.933018124507486,3.976359338061466,58.41640315203282,,
AP-VET34,5.0,-76.0,9.0,2025-04-02,AP-VET34,5.8132387706855795,3.8037825059101653,58.01565006575542,,
AP-CIEN14,5.0,-74.0,9.0,2025-04-02,AP-CIEN14,4.774625689519307,10.331757289204099,72.50991557409637,17.23798266351458,2.771473601260835
AP-IBB01,5.0,-67.0,9.0,2025-04-02,AP-IBB01,3.7825059101654848,5.732072498029945,67.75718184957891,15.771473601260835,2.0598896769109536
AP-CIEN62,5.0,-71.0,9.0,2025-04-02,AP-CIEN62,4.314420803782506,10.156028368794326,70.50163227925907,20.29787234042553,6.331757289204098
AP-CCOM18,5.0,-84.0,9.0,2025-04-02,AP-CCOM18,7.157545605306799,9.690713101160862,76.0005730486936,15.0,1.6326699834162521
AP-DRET02,5.0,-57.0,9.0,2025-04-02,AP-DRET02,13.303388494877856,12.479905437352246,76.66042954593891,16.016548463356973,2.178092986603625
AP-MRB05,5.0,-64.0,9.0,2025-04-02,AP-MRB05,6.804570527974783,5.792750197005516,66.30574631461609,20.62647754137116,2.479905437352246
AP-CIEN14,5.0,-86.0,9.0,2025-04-02,AP-CIEN14,4.774625689519307,10.331757289204099,72.50991557409637,17.23798266351458,2.771473601260835
AP-MRB06,2.4,-71.0,9.0,2025-04-02,AP-MRB06,1.9330181245074862,5.077226162332545,65.61186831566789,18.0,1.4688731284475964
AP-GTIP05,2.4,-57.0,9.0,2025-04-02,AP-GTIP05,3.555724033358605,3.152388172858226,58.31534569449332,,
AP-POL10,5.0,-76.0,9.0,2025-04-02,AP-POL10,3.3325453112687153,3.925925925925926,58.613893051042744,,
AP-LLET64,5.0,-63.0,9.0,2025-04-02,AP-LLET64,3.465721040189125,7.598896769109535,70.20942310765834,15.545311268715524,2.4286840031520884
AP-ETSE13,2.4,-65.0,9.0,2025-04-02,AP-ETSE13,7.055555555555555,3.6464646464646466,57.663506997225426,,
AP-VET77,2.4,-54.0,9.0,2025-04-02,AP-VET77,1.2293144208037825,2.0315208825847124,61.33445800668813,,
AP-REC09,2.4,-65.0,9.0,2025-04-02,AP-REC09,6.240346729708432,2.4814814814814814,57.954879676040456,,
AP-LLET39,5.0,-82.0,15.0,2025-04-02,AP-LLET39,12.790386130811664,8.951930654058314,69.33496171188887,15.918045705279749,4.531914893617022
AP-CCOM12,5.0,-65.0,9.0,2025-04-02,AP-CCOM12,3.239558707643814,3.289204097714736,57.180275090159846,,
AP-CIEN14,5.0,-85.0,9.0,2025-04-02,AP-CIEN14,4.774625689519307,10.331757289204099,72.50991557409637,17.23798266351458,2.771473601260835
AP-LLET48,5.0,-62.0,15.0,2025-04-02,AP-LLET48,1.7407407407407407,4.892828999211978,67.24194950033738,15.159180457052797,1.446808510638298
AP-MED58,5.0,-47.0,14.0,2025-04-01,AP-MED58,1.9992119779353823,4.721040189125295,65.65384869667015,17.09613869188337,1.6587864460204886
AP-BIBHUM01,5.0,-48.0,9.0,2025-04-02,AP-BIBHUM01,8.308835672997523,4.284888521882742,57.42465264620139,,
AP-ETSE75,5.0,-85.0,9.0,2025-04-02,AP-ETSE75,7.476753349093775,10.493301812450749,71.96704453523064,17.0,4.5650118203309695
AP-VET76,5.0,-59.0,9.0,2025-04-02,AP-VET76,2.5041322314049586,1.2861570247933884,56.82525168260928,,
AP-LLET45,5.0,-61.0,15.0,2025-04-02,AP-LLET45,4.832939322301025,5.692671394799055,66.52490432741408,15.049645390070921,2.2403467297084316
AP-MED59,5.0,-62.0,9.0,2025-04-02,AP-MED59,3.896719319562576,5.667071688942892,65.86008671840895,18.0,1.9501822600243013
AP-CCOM41,2.4,-75.0,9.0,2025-04-02,AP-CCOM41,1.5216706067769898,2.9235618597320725,58.352800091649904,,
AP-CIEN21,5.0,-49.0,9.0,2025-04-02,AP-CIEN21,4.61150512214342,3.4806934594168637,57.95558693025399,,
AP-DRET02,5.0,-84.0,9.0,2025-04-02,AP-DRET02,13.303388494877856,12.479905437352246,76.66042954593891,16.016548463356973,2.178092986603625
AP-BIBHUM07,5.0,-72.0,9.0,2025-04-02,AP-BIBHUM07,5.492981007431874,3.124690338563171,58.66555468948837,,
AP-MED43,5.0,-51.0,9.0,2025-04-02,AP-MED43,3.045705279747833,21.04728132387707,56.718529154745205,,
AP-MED19,5.0,-65.0,9.0,2025-04-02,AP-MED19,1.5681639085894405,5.9763593380614655,69.56972870483868,15.0,2.1055949566587864
AP-LLET42,5.0,-68.0,15.0,2025-04-02,AP-LLET42,3.3877068557919623,5.63672182821119,66.44622519383651,15.0,1.9330181245074862
AP-LLET25,2.4,-53.0,9.0,2025-04-02,AP-LLET25,7.0464933018124505,9.265563435776201,70.74503584446254,15.41371158392435,2.6587864460204886
AP-MED59,5.0,-67.0,9.0,2025-04-02,AP-MED59,3.896719319562576,5.667071688942892,65.86008671840895,18.0,1.9501822600243013
AP-MED43,5.0,-46.0,9.0,2025-04-02,AP-MED43,3.045705279747833,21.04728132387707,56.718529154745205,,
AP-VH16,2.4,-50.0,9.0,2025-04-02,AP-VH16,5.412451361867705,6.976653696498055,69.66591198434816,17.0,3.0817120622568095
AP-DRET02,5.0,-84.0,9.0,2025-04-02,AP-DRET02,13.303388494877856,12.479905437352246,76.66042954593891,16.016548463356973,2.178092986603625
AP-MED12,5.0,-53.0,9.0,2025-04-02,AP-MED12,2.8772782503037666,3.138517618469016,60.420496856304815,,
AP-MED48,5.0,-85.0,9.0,2025-04-02,AP-MED48,2.625,6.798611111111111,72.03447558663751,15.0,1.5416666666666667
AP-MED12,5.0,-59.0,9.0,2025-04-02,AP-MED12,2.8772782503037666,3.138517618469016,60.420496856304815,,
AP-CCOM18,5.0,-87.0,9.0,2025-04-02,AP-CCOM18,7.157545605306799,9.690713101160862,76.0005730486936,15.0,1.6326699834162521
AP-ICTAICP23,2.4,-51.0,9.0,2025-04-02,AP-ICTAICP23,1.2379826635145783,1.574468085106383,58.781480927636665,,
AP-CIEN10,5.0,-72.0,13.0,2025-04-02,AP-CIEN10,13.35933806146572,11.19070133963751,68.5865004026106,15.049645390070921,6.108747044917258
AP-BIBHUM07,5.0,-76.0,9.0,2025-04-02,AP-BIBHUM07,5.492981007431874,3.124690338563171,58.66555468948837,,
AP-MED60,2.4,-58.0,9.0,2025-04-02,AP-MED60,4.520882584712372,4.104806934594168,57.76101369730806,,
AP-LLET64,5.0,-56.0,9.0,2025-04-02,AP-LLET64,3.465721040189125,7.598896769109535,70.20942310765834,15.545311268715524,2.4286840031520884
AP-CIEN10,5.0,-85.0,13.0,2025-04-02,AP-CIEN10,13.35933806146572,11.19070133963751,68.5865004026106,15.049645390070921,6.108747044917258
AP-DRET02,5.0,-76.0,9.0,2025-04-02,AP-DRET02,13.303388494877856,12.479905437352246,76.66042954593891,16.016548463356973,2.178092986603625
AP-SAF09,2.4,-63.0,9.0,2025-04-02,AP-SAF09,4.166272655634358,6.334121355397951,69.83521709897906,20.49330181245075,2.326241134751773
AP-LLET13,5.0,-34.0,14.0,2025-04-02,AP-LLET13,3.541431261770245,5.552730696798493,67.02572631105147,15.448210922787194,2.8342749529190208
AP-CREAF05,5.0,-63.0,9.0,2025-04-02,AP-CREAF05,3.2537431048069347,3.0031520882584712,57.49458023614742,,
AP-ICTAICP21,2.4,-66.0,9.0,2025-04-02,AP-ICTAICP21,2.016548463356974,2.103230890464933,60.14579735700765,,
AP-EST03,2.4,-52.0,9.0,2025-04-02,AP-EST03,8.933018124507486,3.976359338061466,58.41640315203282,,
AP-VET34,5.0,-76.0,9.0,2025-04-02,AP-VET34,5.8132387706855795,3.8037825059101653,58.01565006575542,,
AP-CIEN14,5.0,-73.0,9.0,2025-04-02,AP-CIEN14,4.774625689519307,10.331757289204099,72.50991557409637,17.23798266351458,2.771473601260835
AP-IBB01,5.0,-67.0,9.0,2025-04-02,AP-IBB01,3.7825059101654848,5.732072498029945,67.75718184957891,15.771473601260835,2.0598896769109536
AP-CIEN62,5.0,-71.0,9.0,2025-04-02,AP-CIEN62,4.314420803782506,10.156028368794326,70.50163227925907,20.29787234042553,6.331757289204098
AP-CCOM18,5.0,-84.0,9.0,2025-04-02,AP-CCOM18,7.157545605306799,9.690713101160862,76.0005730486936,15.0,1.6326699834162521
AP-DRET02,5.0,-57.0,9.0,2025-04-02,AP-DRET02,13.303388494877856,12.479905437352246,76.66042954593891,16.016548463356973,2.178092986603625
AP-MRB05,5.0,-64.0,9.0,2025-04-02,AP-MRB05,6.804570527974783,5.792750197005516,66.30574631461609,20.62647754137116,2.479905437352246
AP-CIEN14,5.0,-86.0,9.0,2025-04-02,AP-CIEN14,4.774625689519307,10.331757289204099,72.50991557409637,17.23798266351458,2.771473601260835
AP-MRB06,2.4,-70.0,9.0,2025-04-02,AP-MRB06,1.9330181245074862,5.077226162332545,65.61186831566789,18.0,1.4688731284475964
AP-GTIP05,2.4,-57.0,9.0,2025-04-02,AP-GTIP05,3.555724033358605,3.152388172858226,58.31534569449332,,
AP-POL10,5.0,-77.0,9.0,2025-04-02,AP-POL10,3.3325453112687153,3.925925925925926,58.613893051042744,,
AP-LLET64,5.0,-63.0,9.0,2025-04-02,AP-LLET64,3.465721040189125,7.598896769109535,70.20942310765834,15.545311268715524,2.4286840031520884
AP-ETSE13,2.4,-66.0,9.0,2025-04-02,AP-ETSE13,7.055555555555555,3.6464646464646466,57.663506997225426,,
AP-VET77,2.4,-54.0,9.0,2025-04-02,AP-VET77,1.2293144208037825,2.0315208825847124,61.33445800668813,,
AP-REC09,2.4,-65.0,9.0,2025-04-02,AP-REC09,6.240346729708432,2.4814814814814814,57.954879676040456,,
AP-LLET39,5.0,-82.0,15.0,2025-04-02,AP-LLET39,12.790386130811664,8.951930654058314,69.33496171188887,15.918045705279749,4.531914893617022
AP-CCOM12,5.0,-66.0,9.0,2025-04-02,AP-CCOM12,3.239558707643814,3.289204097714736,57.180275090159846,,
AP-CIEN14,5.0,-85.0,9.0,2025-04-02,AP-CIEN14,4.774625689519307,10.331757289204099,72.50991557409637,17.23798266351458,2.771473601260835
AP-LLET48,5.0,-62.0,15.0,2025-04-02,AP-LLET48,1.7407407407407407,4.892828999211978,67.24194950033738,15.159180457052797,1.446808510638298
AP-MED58,5.0,-47.0,14.0,2025-04-01,AP-MED58,1.9992119779353823,4.721040189125295,65.65384869667015,17.09613869188337,1.6587864460204886
AP-BIBHUM01,5.0,-47.0,9.0,2025-04-02,AP-BIBHUM01,8.308835672997523,4.284888521882742,57.42465264620139,,
AP-ETSE75,5.0,-79.0,9.0,2025-04-02,AP-ETSE75,7.476753349093775,10.493301812450749,71.96704453523064,17.0,4.5650118203309695
AP-VET76,2.4,-45.0,9.0,2025-04-02,AP-VET76,2.5041322314049586,1.2861570247933884,56.82525168260928,,
AP-LLET45,5.0,-62.0,15.0,2025-04-02,AP-LLET45,4.832939322301025,5.692671394799055,66.52490432741408,15.049645390070921,2.2403467297084316
AP-MED59,5.0,-62.0,9.0,2025-04-02,AP-MED59,3.896719319562576,5.667071688942892,65.86008671840895,18.0,1.9501822600243013
AP-CCOM41,2.4,-75.0,9.0,2025-04-02,AP-CCOM41,1.5216706067769898,2.9235618597320725,58.352800091649904,,
AP-DRET02,5.0,-84.0,9.0,2025-04-02,AP-DRET02,13.303388494877856,12.479905437352246,76.66042954593891,16.016548463356973,2.178092986603625
AP-BIBHUM07,5.0,-72.0,9.0,2025-04-02,AP-BIBHUM07,5.492981007431874,3.124690338563171,58.66555468948837,,
AP-MED43,5.0,-50.0,9.0,2025-04-02,AP-MED43,3.045705279747833,21.04728132387707,56.718529154745205,,
AP-MED19,5.0,-63.0,9.0,2025-04-02,AP-MED19,1.5681639085894405,5.9763593380614655,69.56972870483868,15.0,2.1055949566587864
AP-LLET42,5.0,-67.0,15.0,2025-04-02,AP-LLET42,3.3877068557919623,5.63672182821119,66.44622519383651,15.0,1.9330181245074862
AP-LLET25,2.4,-52.0,9.0,2025-04-02,AP-LLET25,7.0464933018124505,9.265563435776201,70.74503584446254,15.41371158392435,2.6587864460204886
AP-MED59,5.0,-66.0,9.0,2025-04-02,AP-MED59,3.896719319562576,5.667071688942892,65.86008671840895,18.0,1.9501822600243013
AP-MED43,5.0,-51.0,9.0,2025-04-02,AP-MED43,3.045705279747833,21.04728132387707,56.718529154745205,,
AP-VH16,2.4,-50.0,9.0,2025-04-02,AP-VH16,5.412451361867705,6.976653696498055,69.66591198434816,17.0,3.0817120622568095
AP-DRET02,5.0,-84.0,9.0,2025-04-02,AP-DRET02,13.303388494877856,12.479905437352246,76.66042954593891,16.016548463356973,2.178092986603625
AP-MED12,5.0,-54.0,9.0,2025-04-02,AP-MED12,2.8772782503037666,3.138517618469016,60.420496856304815,,
AP-MED48,5.0,-85.0,9.0,2025-04-02,AP-MED48,2.625,6.798611111111111,72.03447558663751,15.0,1.5416666666666667
AP-MED12,5.0,-59.0,9.0,2025-04-02,AP-MED12,2.8772782503037666,3.138517618469016,60.420496856304815,,
AP-CCOM18,5.0,-87.0,9.0,2025-04-02,AP-CCOM18,7.157545605306799,9.690713101160862,76.0005730486936,15.0,1.6326699834162521
AP-ICTAICP23,2.4,-50.0,9.0,2025-04-02,AP-ICTAICP23,1.2379826635145783,1.574468085106383,58.781480927636665,,
AP-CIEN10,5.0,-71.0,13.0,2025-04-02,AP-CIEN10,13.35933806146572,11.19070133963751,68.5865004026106,15.049645390070921,6.108747044917258
AP-BIBHUM07,5.0,-75.0,9.0,2025-04-02,AP-BIBHUM07,5.492981007431874,3.124690338563171,58.66555468948837,,
AP-MED60,2.4,-57.0,9.0,2025-04-02,AP-MED60,4.520882584712372,4.104806934594168,57.76101369730806,,
AP-CIEN10,2.4,-67.0,13.0,2025-04-02,AP-CIEN10,13.35933806146572,11.19070133963751,68.5865004026106,15.049645390070921,6.108747044917258
AP-DRET02,5.0,-76.0,9.0,2025-04-02,AP-DRET02,13.303388494877856,12.479905437352246,76.66042954593891,16.016548463356973,2.178092986603625
AP-SAF09,2.4,-65.0,9.0,2025-04-02,AP-SAF09,4.166272655634358,6.334121355397951,69.83521709897906,20.49330181245075,2.326241134751773
AP-LLET13,2.4,-36.0,14.0,2025-04-02,AP-LLET13,3.541431261770245,5.552730696798493,67.02572631105147,15.448210922787194,2.8342749529190208
AP-CREAF05,5.0,-64.0,9.0,2025-04-02,AP-CREAF05,3.2537431048069347,3.0031520882584712,57.49458023614742,,
AP-ICTAICP21,2.4,-67.0,9.0,2025-04-02,AP-ICTAICP21,2.016548463356974,2.103230890464933,60.14579735700765,,
AP-EST03,2.4,-53.0,9.0,2025-04-02,AP-EST03,8.933018124507486,3.976359338061466,58.41640315203282,,
AP-VET34,5.0,-76.0,9.0,2025-04-02,AP-VET34,5.8132387706855795,3.8037825059101653,58.01565006575542,,
AP-CIEN14,5.0,-74.0,9.0,2025-04-02,AP-CIEN14,4.774625689519307,10.331757289204099,72.50991557409637,17.23798266351458,2.771473601260835
AP-IBB01,5.0,-68.0,9.0,2025-04-02,AP-IBB01,3.7825059101654848,5.732072498029945,67.75718184957891,15.771473601260835,2.0598896769109536
AP-CIEN62,5.0,-71.0,9.0,2025-04-02,AP-CIEN62,4.314420803782506,10.156028368794326,70.50163227925907,20.29787234042553,6.331757289204098
AP-CCOM18,5.0,-84.0,9.0,2025-04-02,AP-CCOM18,7.157545605306799,9.690713101160862,76.0005730486936,15.0,1.6326699834162521
AP-DRET02,5.0,-57.0,9.0,2025-04-02,AP-DRET02,13.303388494877856,12.479905437352246,76.66042954593891,16.016548463356973,2.178092986603625
AP-MRB05,5.0,-64.0,9.0,2025-04-02,AP-MRB05,6.804570527974783,5.792750197005516,66.30574631461609,20.62647754137116,2.479905437352246
AP-CIEN14,5.0,-86.0,9.0,2025-04-02,AP-CIEN14,4.774625689519307,10.331757289204099,72.50991557409637,17.23798266351458,2.771473601260835
AP-MRB06,2.4,-70.0,9.0,2025-04-02,AP-MRB06,1.9330181245074862,5.077226162332545,65.61186831566789,18.0,1.4688731284475964
AP-GTIP05,2.4,-57.0,9.0,2025-04-02,AP-GTIP05,3.555724033358605,3.152388172858226,58.31534569449332,,
AP-POL10,5.0,-76.0,9.0,2025-04-02,AP-POL10,3.3325453112687153,3.925925925925926,58.613893051042744,,
AP-ETSE13,2.4,-65.0,9.0,2025-04-02,AP-ETSE13,7.055555555555555,3.6464646464646466,57.663506997225426,,
AP-VET77,2.4,-55.0,9.0,2025-04-02,AP-VET77,1.2293144208037825,2.0315208825847124,61.33445800668813,,
AP-REC09,2.4,-66.0,9.0,2025-04-02,AP-REC09,6.240346729708432,2.4814814814814814,57.954879676040456,,
AP-LLET49,5.0,-71.0,15.0,2025-04-02,AP-LLET49,2.5350669818754925,4.969267139479905,66.25891972657651,15.049645390070921,1.5122143420015761
AP-CCOM12,5.0,-66.0,9.0,2025-04-02,AP-CCOM12,3.239558707643814,3.289204097714736,57.180275090159846,,
AP-CIEN14,5.0,-85.0,9.0,2025-04-02,AP-CIEN14,4.774625689519307,10.331757289204099,72.50991557409637,17.23798266351458,2.771473601260835
AP-LLET48,2.4,-54.0,15.0,2025-04-02,AP-LLET48,1.7407407407407407,4.892828999211978,67.24194950033738,15.159180457052797,1.446808510638298
AP-MED58,5.0,-47.0,14.0,2025-04-01,AP-MED58,1.9992119779353823,4.721040189125295,65.65384869667015,17.09613869188337,1.6587864460204886
AP-BIBHUM01,5.0,-47.0,9.0,2025-04-02,AP-BIBHUM01,8.308835672997523,4.284888521882742,57.42465264620139,,
AP-ETSE75,5.0,-79.0,9.0,2025-04-02,AP-ETSE75,7.476753349093775,10.493301812450749,71.96704453523064,17.0,4.5650118203309695
AP-VET76,5.0,-56.0,9.0,2025-04-02,AP-VET76,2.5041322314049586,1.2861570247933884,56.82525168260928,,
AP-MED59,5.0,-61.0,9.0,2025-04-02,AP-MED59,3.896719319562576,5.667071688942892,65.86008671840895,18.0,1.9501822600243013
AP-CCOM41,2.4,-75.0,9.0,2025-04-02,AP-CCOM41,1.5216706067769898,2.9235618597320725,58.352800091649904,,
AP-DRET02,5.0,-84.0,9.0,2025-04-02,AP-DRET02,13.303388494877856,12.479905437352246,76.66042954593891,16.016548463356973,2.178092986603625
AP-BIBHUM07,5.0,-72.0,9.0,2025-04-02,AP-BIBHUM07,5.492981007431874,3.124690338563171,58.66555468948837,,
AP-MED43,5.0,-50.0,9.0,2025-04-02,AP-MED43,3.045705279747833,21.04728132387707,56.718529154745205,,
AP-MED19,5.0,-65.0,9.0,2025-04-02,AP-MED19,1.5681639085894405,5.9763593380614655,69.56972870483868,15.0,2.1055949566587864
AP-LLET42,5.0,-68.0,15.0,2025-04-02,AP-LLET42,3.3877068557919623,5.63672182821119,66.44622519383651,15.0,1.9330181245074862
AP-MED59,5.0,-67.0,9.0,2025-04-02,AP-MED59,3.896719319562576,5.667071688942892,65.86008671840895,18.0,1.9501822600243013
AP-MED43,5.0,-51.0,9.0,2025-04-02,AP-MED43,3.045705279747833,21.04728132387707,56.718529154745205,,
AP-VH16,2.4,-50.0,9.0,2025-04-02,AP-VH16,5.412451361867705,6.976653696498055,69.66591198434816,17.0,3.0817120622568095
AP-DRET02,5.0,-84.0,9.0,2025-04-02,AP-DRET02,13.303388494877856,12.479905437352246,76.66042954593891,16.016548463356973,2.178092986603625
AP-MED12,5.0,-52.0,9.0,2025-04-02,AP-MED12,2.8772782503037666,3.138517618469016,60.420496856304815,,
AP-MED48,5.0,-85.0,9.0,2025-04-02,AP-MED48,2.625,6.798611111111111,72.03447558663751,15.0,1.5416666666666667
AP-MED12,5.0,-59.0,9.0,2025-04-02,AP-MED12,2.8772782503037666,3.138517618469016,60.420496856304815,,
AP-ICTAICP23,2.4,-50.0,9.0,2025-04-02,AP-ICTAICP23,1.2379826635145783,1.574468085106383,58.781480927636665,,
AP-CIEN10,5.0,-72.0,13.0,2025-04-02,AP-CIEN10,13.35933806146572,11.19070133963751,68.5865004026106,15.049645390070921,6.108747044917258
AP-BIBHUM07,5.0,-75.0,9.0,2025-04-02,AP-BIBHUM07,5.492981007431874,3.124690338563171,58.66555468948837,,
AP-MED60,2.4,-58.0,9.0,2025-04-02,AP-MED60,4.520882584712372,4.104806934594168,57.76101369730806,,
AP-CIEN10,2.4,-68.0,13.0,2025-04-02,AP-CIEN10,13.35933806146572,11.19070133963751,68.5865004026106,15.049645390070921,6.108747044917258
AP-DRET02,5.0,-76.0,9.0,2025-04-02,AP-DRET02,13.303388494877856,12.479905437352246,76.66042954593891,16.016548463356973,2.178092986603625
AP-SAF09,2.4,-63.0,9.0,2025-04-02,AP-SAF09,4.166272655634358,6.334121355397951,69.83521709897906,20.49330181245075,2.326241134751773
AP-LLET13,2.4,-36.0,14.0,2025-04-02,AP-LLET13,3.541431261770245,5.552730696798493,67.02572631105147,15.448210922787194,2.8342749529190208
AP-CREAF05,5.0,-64.0,9.0,2025-04-02,AP-CREAF05,3.2537431048069347,3.0031520882584712,57.49458023614742,,
AP-ICTAICP21,2.4,-65.0,9.0,2025-04-02,AP-ICTAICP21,2.016548463356974,2.103230890464933,60.14579735700765,,
AP-EST03,2.4,-52.0,9.0,2025-04-02,AP-EST03,8.933018124507486,3.976359338061466,58.41640315203282,,
AP-VET34,5.0,-76.0,9.0,2025-04-02,AP-VET34,5.8132387706855795,3.8037825059101653,58.01565006575542,,
AP-CIEN14,5.0,-73.0,9.0,2025-04-02,AP-CIEN14,4.774625689519307,10.331757289204099,72.50991557409637,17.23798266351458,2.771473601260835
AP-IBB01,5.0,-68.0,9.0,2025-04-02,AP-IBB01,3.7825059101654848,5.732072498029945,67.75718184957891,15.771473601260835,2.0598896769109536
AP-CIEN62,5.0,-71.0,9.0,2025-04-02,AP-CIEN62,4.314420803782506,10.156028368794326,70.50163227925907,20.29787234042553,6.331757289204098
AP-TAULI10,2.4,-61.0,3.0,2025-04-03,AP-TAULI10,1.504245283018868,3.1641509433962263,56.496911837954606,,
AP-DRET02,5.0,-57.0,9.0,2025-04-02,AP-DRET02,13.303388494877856,12.479905437352246,76.66042954593891,16.016548463356973,2.178092986603625
AP-MRB05,5.0,-64.0,9.0,2025-04-02,AP-MRB05,6.804570527974783,5.792750197005516,66.30574631461609,20.62647754137116,2.479905437352246
AP-CIEN14,5.0,-86.0,9.0,2025-04-02,AP-CIEN14,4.774625689519307,10.331757289204099,72.50991557409637,17.23798266351458,2.771473601260835
AP-MRB06,2.4,-70.0,9.0,2025-04-02,AP-MRB06,1.9330181245074862,5.077226162332545,65.61186831566789,18.0,1.4688731284475964
AP-GTIP05,2.4,-56.0,9.0,2025-04-02,AP-GTIP05,3.555724033358605,3.152388172858226,58.31534569449332,,
AP-POL10,5.0,-76.0,9.0,2025-04-02,AP-POL10,3.3325453112687153,3.925925925925926,58.613893051042744,,
AP-ETSE13,2.4,-69.0,9.0,2025-04-02,AP-ETSE13,7.055555555555555,3.6464646464646466,57.663506997225426,,
AP-VET77,2.4,-54.0,9.0,2025-04-02,AP-VET77,1.2293144208037825,2.0315208825847124,61.33445800668813,,
AP-REC09,2.4,-65.0,9.0,2025-04-02,AP-REC09,6.240346729708432,2.4814814814814814,57.954879676040456,,
AP-LLET49,5.0,-72.0,15.0,2025-04-02,AP-LLET49,2.5350669818754925,4.969267139479905,66.25891972657651,15.049645390070921,1.5122143420015761
AP-CCOM12,5.0,-66.0,9.0,2025-04-02,AP-CCOM12,3.239558707643814,3.289204097714736,57.180275090159846,,
AP-CIEN14,5.0,-85.0,9.0,2025-04-02,AP-CIEN14,4.774625689519307,10.331757289204099,72.50991557409637,17.23798266351458,2.771473601260835
AP-LLET48,2.4,-54.0,15.0,2025-04-02,AP-LLET48,1.7407407407407407,4.892828999211978,67.24194950033738,15.159180457052797,1.446808510638298
AP-MED58,5.0,-47.0,14.0,2025-04-01,AP-MED58,1.9992119779353823,4.721040189125295,65.65384869667015,17.09613869188337,1.6587864460204886
AP-BIBHUM01,5.0,-49.0,9.0,2025-04-02,AP-BIBHUM01,8.308835672997523,4.284888521882742,57.42465264620139,,
AP-ETSE75,5.0,-79.0,9.0,2025-04-02,AP-ETSE75,7.476753349093775,10.493301812450749,71.96704453523064,17.0,4.5650118203309695
AP-VET76,5.0,-54.0,9.0,2025-04-02,AP-VET76,2.5041322314049586,1.2861570247933884,56.82525168260928,,
AP-MED59,5.0,-62.0,9.0,2025-04-02,AP-MED59,3.896719319562576,5.667071688942892,65.86008671840895,18.0,1.9501822600243013
AP-CCOM41,2.4,-74.0,9.0,2025-04-02,AP-CCOM41,1.5216706067769898,2.9235618597320725,58.352800091649904,,
AP-DRET02,5.0,-84.0,9.0,2025-04-02,AP-DRET02,13.303388494877856,12.479905437352246,76.66042954593891,16.016548463356973,2.178092986603625
AP-BIBHUM07,5.0,-72.0,9.0,2025-04-02,AP-BIBHUM07,5.492981007431874,3.124690338563171,58.66555468948837,,
AP-MED43,5.0,-51.0,9.0,2025-04-02,AP-MED43,3.045705279747833,21.04728132387707,56.718529154745205,,
AP-MED19,5.0,-65.0,9.0,2025-04-02,AP-MED19,1.5681639085894405,5.9763593380614655,69.56972870483868,15.0,2.1055949566587864
AP-LLET42,5.0,-67.0,15.0,2025-04-02,AP-LLET42,3.3877068557919623,5.63672182821119,66.44622519383651,15.0,1.9330181245074862
AP-MED59,5.0,-67.0,9.0,2025-04-02,AP-MED59,3.896719319562576,5.667071688942892,65.86008671840895,18.0,1.9501822600243013
AP-MED43,5.0,-47.0,9.0,2025-04-02,AP-MED43,3.045705279747833,21.04728132387707,56.718529154745205,,
AP-VH16,2.4,-51.0,9.0,2025-04-02,AP-VH16,5.412451361867705,6.976653696498055,69.66591198434816,17.0,3.0817120622568095
AP-DRET02,5.0,-84.0,9.0,2025-04-02,AP-DRET02,13.303388494877856,12.479905437352246,76.66042954593891,16.016548463356973,2.178092986603625
AP-MED12,5.0,-52.0,9.0,2025-04-02,AP-MED12,2.8772782503037666,3.138517618469016,60.420496856304815,,
AP-MED48,5.0,-85.0,9.0,2025-04-02,AP-MED48,2.625,6.798611111111111,72.03447558663751,15.0,1.5416666666666667
AP-MED12,5.0,-59.0,9.0,2025-04-02,AP-MED12,2.8772782503037666,3.138517618469016,60.420496856304815,,
AP-CCOM18,5.0,-87.0,9.0,2025-04-02,AP-CCOM18,7.157545605306799,9.690713101160862,76.0005730486936,15.0,1.6326699834162521
AP-ICTAICP23,2.4,-50.0,9.0,2025-04-02,AP-ICTAICP23,1.2379826635145783,1.574468085106383,58.781480927636665,,
AP-CIEN10,2.4,-66.0,13.0,2025-04-02,AP-CIEN10,13.35933806146572,11.19070133963751,68.5865004026106,15.049645390070921,6.108747044917258
AP-BIBHUM07,5.0,-75.0,9.0,2025-04-02,AP-BIBHUM07,5.492981007431874,3.124690338563171,58.66555468948837,,
AP-MED60,2.4,-57.0,9.0,2025-04-02,AP-MED60,4.520882584712372,4.104806934594168,57.76101369730806,,
AP-CIEN10,2.4,-68.0,13.0,2025-04-02,AP-CIEN10,13.35933806146572,11.19070133963751,68.5865004026106,15.049645390070921,6.108747044917258
AP-DRET02,5.0,-75.0,9.0,2025-04-02,AP-DRET02,13.303388494877856,12.479905437352246,76.66042954593891,16.016548463356973,2.178092986603625
AP-SAF09,2.4,-63.0,9.0,2025-04-02,AP-SAF09,4.166272655634358,6.334121355397951,69.83521709897906,20.49330181245075,2.326241134751773
AP-LLET13,2.4,-36.0,14.0,2025-04-02,AP-LLET13,3.541431261770245,5.552730696798493,67.02572631105147,15.448210922787194,2.8342749529190208
AP-CREAF05,5.0,-62.0,9.0,2025-04-02,AP-CREAF05,3.2537431048069347,3.0031520882584712,57.49458023614742,,
AP-ICTAICP21,2.4,-66.0,9.0,2025-04-02,AP-ICTAICP21,2.016548463356974,2.103230890464933,60.14579735700765,,
AP-EST03,2.4,-52.0,9.0,2025-04-02,AP-EST03,8.933018124507486,3.976359338061466,58.41640315203282,,
AP-VET34,5.0,-76.0,9.0,2025-04-02,AP-VET34,5.8132387706855795,3.8037825059101653,58.01565006575542,,
AP-CIEN14,5.0,-72.0,9.0,2025-04-02,AP-CIEN14,4.774625689519307,10.331757289204099,72.50991557409637,17.23798266351458,2.771473601260835
AP-IBB01,5.0,-67.0,9.0,2025-04-02,AP-IBB01,3.7825059101654848,5.732072498029945,67.75718184957891,15.771473601260835,2.0598896769109536
AP-CIEN62,5.0,-71.0,9.0,2025-04-02,AP-CIEN62,4.314420803782506,10.156028368794326,70.50163227925907,20.29787234042553,6.331757289204098
AP-CCOM18,5.0,-84.0,9.0,2025-04-02,AP-CCOM18,7.157545605306799,9.690713101160862,76.0005730486936,15.0,1.6326699834162521
AP-TAULI10,2.4,-62.0,3.0,2025-04-03,AP-TAULI10,1.504245283018868,3.1641509433962263,56.496911837954606,,
AP-DRET02,5.0,-56.0,9.0,2025-04-02,AP-DRET02,13.303388494877856,12.479905437352246,76.66042954593891,16.016548463356973,2.178092986603625
AP-MRB05,5.0,-64.0,9.0,2025-04-02,AP-MRB05,6.804570527974783,5.792750197005516,66.30574631461609,20.62647754137116,2.479905437352246
AP-CIEN14,5.0,-86.0,9.0,2025-04-02,AP-CIEN14,4.774625689519307,10.331757289204099,72.50991557409637,17.23798266351458,2.771473601260835
AP-MRB06,2.4,-69.0,9.0,2025-04-02,AP-MRB06,1.9330181245074862,5.077226162332545,65.61186831566789,18.0,1.4688731284475964
AP-GTIP05,2.4,-59.0,9.0,2025-04-02,AP-GTIP05,3.555724033358605,3.152388172858226,58.31534569449332,,
AP-POL10,5.0,-57.0,9.0,2025-04-02,AP-POL10,3.3325453112687153,3.925925925925926,58.613893051042744,,
AP-ETSE13,2.4,-68.0,9.0,2025-04-02,AP-ETSE13,7.055555555555555,3.6464646464646466,57.663506997225426,,
AP-VET77,2.4,-53.0,9.0,2025-04-02,AP-VET77,1.2293144208037825,2.0315208825847124,61.33445800668813,,
AP-REC09,2.4,-65.0,9.0,2025-04-02,AP-REC09,6.240346729708432,2.4814814814814814,57.954879676040456,,
AP-LLET49,5.0,-71.0,15.0,2025-04-02,AP-LLET49,2.5350669818754925,4.969267139479905,66.25891972657651,15.049645390070921,1.5122143420015761
AP-CCOM12,5.0,-67.0,9.0,2025-04-02,AP-CCOM12,3.239558707643814,3.289204097714736,57.180275090159846,,
AP-CIEN14,5.0,-85.0,9.0,2025-04-02,AP-CIEN14,4.774625689519307,10.331757289204099,72.50991557409637,17.23798266351458,2.771473601260835
AP-LLET48,5.0,-55.0,15.0,2025-04-02,AP-LLET48,1.7407407407407407,4.892828999211978,67.24194950033738,15.159180457052797,1.446808510638298
AP-MED58,5.0,-48.0,14.0,2025-04-01,AP-MED58,1.9992119779353823,4.721040189125295,65.65384869667015,17.09613869188337,1.6587864460204886
AP-BIBHUM01,5.0,-49.0,9.0,2025-04-02,AP-BIBHUM01,8.308835672997523,4.284888521882742,57.42465264620139,,
AP-ETSE75,5.0,-85.0,9.0,2025-04-02,AP-ETSE75,7.476753349093775,10.493301812450749,71.96704453523064,17.0,4.5650118203309695
AP-VET76,2.4,-41.0,9.0,2025-04-02,AP-VET76,2.5041322314049586,1.2861570247933884,56.82525168260928,,
AP-MED59,5.0,-59.0,9.0,2025-04-02,AP-MED59,3.896719319562576,5.667071688942892,65.86008671840895,18.0,1.9501822600243013
AP-CCOM41,2.4,-75.0,9.0,2025-04-02,AP-CCOM41,1.5216706067769898,2.9235618597320725,58.352800091649904,,
AP-DRET02,5.0,-83.0,9.0,2025-04-02,AP-DRET02,13.303388494877856,12.479905437352246,76.66042954593891,16.016548463356973,2.178092986603625
AP-BIBHUM07,5.0,-71.0,9.0,2025-04-02,AP-BIBHUM07,5.492981007431874,3.124690338563171,58.66555468948837,,
AP-MED43,5.0,-53.0,9.0,2025-04-02,AP-MED43,3.045705279747833,21.04728132387707,56.718529154745205,,
AP-MED19,5.0,-64.0,9.0,2025-04-02,AP-MED19,1.5681639085894405,5.9763593380614655,69.56972870483868,15.0,2.1055949566587864
AP-LLET42,5.0,-68.0,15.0,2025-04-02,AP-LLET42,3.3877068557919623,5.63672182821119,66.44622519383651,15.0,1.9330181245074862
AP-MED59,5.0,-67.0,9.0,2025-04-02,AP-MED59,3.896719319562576,5.667071688942892,65.86008671840895,18.0,1.9501822600243013
AP-MED43,5.0,-54.0,9.0,2025-04-02,AP-MED43,3.045705279747833,21.04728132387707,56.718529154745205,,
AP-VH16,2.4,-43.0,9.0,2025-04-02,AP-VH16,5.412451361867705,6.976653696498055,69.66591198434816,17.0,3.0817120622568095
AP-DRET02,5.0,-83.0,9.0,2025-04-02,AP-DRET02,13.303388494877856,12.479905437352246,76.66042954593891,16.016548463356973,2.178092986603625
AP-MED12,5.0,-52.0,9.0,2025-04-02,AP-MED12,2.8772782503037666,3.138517618469016,60.420496856304815,,
AP-MED48,5.0,-85.0,9.0,2025-04-02,AP-MED48,2.625,6.798611111111111,72.03447558663751,15.0,1.5416666666666667
AP-MED12,5.0,-58.0,9.0,2025-04-02,AP-MED12,2.8772782503037666,3.138517618469016,60.420496856304815,,
AP-CCOM18,5.0,-87.0,9.0,2025-04-02,AP-CCOM18,7.157545605306799,9.690713101160862,76.0005730486936,15.0,1.6326699834162521
AP-ICTAICP23,2.4,-51.0,9.0,2025-04-02,AP-ICTAICP23,1.2379826635145783,1.574468085106383,58.781480927636665,,
AP-CIEN10,2.4,-67.0,13.0,2025-04-02,AP-CIEN10,13.35933806146572,11.19070133963751,68.5865004026106,15.049645390070921,6.108747044917258
AP-BIBHUM07,5.0,-74.0,9.0,2025-04-02,AP-BIBHUM07,5.492981007431874,3.124690338563171,58.66555468948837,,
AP-MED60,2.4,-58.0,9.0,2025-04-02,AP-MED60,4.520882584712372,4.104806934594168,57.76101369730806,,
AP-CIEN10,2.4,-68.0,13.0,2025-04-02,AP-CIEN10,13.35933806146572,11.19070133963751,68.5865004026106,15.049645390070921,6.108747044917258
AP-DRET02,5.0,-76.0,9.0,2025-04-02,AP-DRET02,13.303388494877856,12.479905437352246,76.66042954593891,16.016548463356973,2.178092986603625
AP-SAF09,2.4,-63.0,9.0,2025-04-02,AP-SAF09,4.166272655634358,6.334121355397951,69.83521709897906,20.49330181245075,2.326241134751773
AP-LLET13,2.4,-37.0,14.0,2025-04-02,AP-LLET13,3.541431261770245,5.552730696798493,67.02572631105147,15.448210922787194,2.8342749529190208
AP-CREAF05,5.0,-62.0,9.0,2025-04-02,AP-CREAF05,3.2537431048069347,3.0031520882584712,57.49458023614742,,
AP-ICTAICP21,2.4,-67.0,9.0,2025-04-02,AP-ICTAICP21,2.016548463356974,2.103230890464933,60.14579735700765,,
AP-EST03,2.4,-52.0,9.0,2025-04-02,AP-EST03,8.933018124507486,3.976359338061466,58.41640315203282,,
AP-VET34,5.0,-76.0,9.0,2025-04-02,AP-VET34,5.8132387706855795,3.8037825059101653,58.01565006575542,,
AP-CIEN14,5.0,-73.0,9.0,2025-04-02,AP-CIEN14,4.774625689519307,10.331757289204099,72.50991557409637,17.23798266351458,2.771473601260835
AP-IBB01,5.0,-67.0,9.0,2025-04-02,AP-IBB01,3.7825059101654848,5.732072498029945,67.75718184957891,15.771473601260835,2.0598896769109536
AP-CIEN62,5.0,-71.0,9.0,2025-04-02,AP-CIEN62,4.314420803782506,10.156028368794326,70.50163227925907,20.29787234042553,6.331757289204098
AP-CCOM18,5.0,-84.0,9.0,2025-04-02,AP-CCOM18,7.157545605306799,9.690713101160862,76.0005730486936,15.0,1.6326699834162521
AP-TAULI10,2.4,-64.0,3.0,2025-04-03,AP-TAULI10,1.504245283018868,3.1641509433962263,56.496911837954606,,
AP-DRET02,5.0,-57.0,9.0,2025-04-02,AP-DRET02,13.303388494877856,12.479905437352246,76.66042954593891,16.016548463356973,2.178092986603625
AP-MRB05,5.0,-65.0,9.0,2025-04-02,AP-MRB05,6.804570527974783,5.792750197005516,66.30574631461609,20.62647754137116,2.479905437352246
AP-CIEN14,5.0,-86.0,9.0,2025-04-02,AP-CIEN14,4.774625689519307,10.331757289204099,72.50991557409637,17.23798266351458,2.771473601260835
AP-MRB06,2.4,-69.0,9.0,2025-04-02,AP-MRB06,1.9330181245074862,5.077226162332545,65.61186831566789,18.0,1.4688731284475964
AP-GTIP05,2.4,-57.0,9.0,2025-04-02,AP-GTIP05,3.555724033358605,3.152388172858226,58.31534569449332,,
AP-POL10,5.0,-57.0,9.0,2025-04-02,AP-POL10,3.3325453112687153,3.925925925925926,58.613893051042744,,
AP-ETSE13,2.4,-68.0,9.0,2025-04-02,AP-ETSE13,7.055555555555555,3.6464646464646466,57.663506997225426,,
AP-VET77,2.4,-54.0,9.0,2025-04-02,AP-VET77,1.2293144208037825,2.0315208825847124,61.33445800668813,,
AP-REC09,2.4,-66.0,9.0,2025-04-02,AP-REC09,6.240346729708432,2.4814814814814814,57.954879676040456,,
AP-LLET49,5.0,-72.0,15.0,2025-04-02,AP-LLET49,2.5350669818754925,4.969267139479905,66.25891972657651,15.049645390070921,1.5122143420015761
AP-CCOM12,5.0,-67.0,9.0,2025-04-02,AP-CCOM12,3.239558707643814,3.289204097714736,57.180275090159846,,
AP-CIEN14,5.0,-85.0,9.0,2025-04-02,AP-CIEN14,4.774625689519307,10.331757289204099,72.50991557409637,17.23798266351458,2.771473601260835
AP-LLET48,5.0,-55.0,15.0,2025-04-02,AP-LLET48,1.7407407407407407,4.892828999211978,67.24194950033738,15.159180457052797,1.446808510638298
AP-MED58,5.0,-48.0,14.0,2025-04-01,AP-MED58,1.9992119779353823,4.721040189125295,65.65384869667015,17.09613869188337,1.6587864460204886
AP-BIBHUM01,5.0,-47.0,9.0,2025-04-02,AP-BIBHUM01,8.308835672997523,4.284888521882742,57.42465264620139,,
AP-VET76,5.0,-42.0,9.0,2025-04-02,AP-VET76,2.5041322314049586,1.2861570247933884,56.82525168260928,,
AP-MED59,5.0,-60.0,9.0,2025-04-02,AP-MED59,3.896719319562576,5.667071688942892,65.86008671840895,18.0,1.9501822600243013
AP-CCOM41,2.4,-73.0,9.0,2025-04-02,AP-CCOM41,1.5216706067769898,2.9235618597320725,58.352800091649904,,
AP-DRET02,5.0,-84.0,9.0,2025-04-02,AP-DRET02,13.303388494877856,12.479905437352246,76.66042954593891,16.016548463356973,2.178092986603625
AP-BIBHUM07,5.0,-72.0,9.0,2025-04-02,AP-BIBHUM07,5.492981007431874,3.124690338563171,58.66555468948837,,
AP-MED43,5.0,-51.0,9.0,2025-04-02,AP-MED43,3.045705279747833,21.04728132387707,56.718529154745205,,
AP-MED19,5.0,-64.0,9.0,2025-04-02,AP-MED19,1.5681639085894405,5.9763593380614655,69.56972870483868,15.0,2.1055949566587864
AP-LLET42,5.0,-68.0,15.0,2025-04-02,AP-LLET42,3.3877068557919623,5.63672182821119,66.44622519383651,15.0,1.9330181245074862
AP-MED59,5.0,-69.0,9.0,2025-04-02,AP-MED59,3.896719319562576,5.667071688942892,65.86008671840895,18.0,1.9501822600243013
AP-MED43,5.0,-56.0,9.0,2025-04-02,AP-MED43,3.045705279747833,21.04728132387707,56.718529154745205,,
AP-VH16,2.4,-42.0,9.0,2025-04-02,AP-VH16,5.412451361867705,6.976653696498055,69.66591198434816,17.0,3.0817120622568095
AP-DRET02,5.0,-84.0,9.0,2025-04-02,AP-DRET02,13.303388494877856,12.479905437352246,76.66042954593891,16.016548463356973,2.178092986603625
AP-MED12,5.0,-52.0,9.0,2025-04-02,AP-MED12,2.8772782503037666,3.138517618469016,60.420496856304815,,
AP-MED48,5.0,-85.0,9.0,2025-04-02,AP-MED48,2.625,6.798611111111111,72.03447558663751,15.0,1.5416666666666667
AP-MED12,5.0,-59.0,9.0,2025-04-02,AP-MED12,2.8772782503037666,3.138517618469016,60.420496856304815,,
AP-CCOM18,5.0,-87.0,9.0,2025-04-02,AP-CCOM18,7.157545605306799,9.690713101160862,76.0005730486936,15.0,1.6326699834162521
AP-ICTAICP23,2.4,-51.0,9.0,2025-04-02,AP-ICTAICP23,1.2379826635145783,1.574468085106383,58.781480927636665,,
AP-CIEN10,2.4,-65.0,13.0,2025-04-02,AP-CIEN10,13.35933806146572,11.19070133963751,68.5865004026106,15.049645390070921,6.108747044917258
AP-BIBHUM07,5.0,-74.0,9.0,2025-04-02,AP-BIBHUM07,5.492981007431874,3.124690338563171,58.66555468948837,,
AP-MED60,2.4,-58.0,9.0,2025-04-02,AP-MED60,4.520882584712372,4.104806934594168,57.76101369730806,,
AP-CIEN10,2.4,-68.0,13.0,2025-04-02,AP-CIEN10,13.35933806146572,11.19070133963751,68.5865004026106,15.049645390070921,6.108747044917258
AP-DRET02,5.0,-76.0,9.0,2025-04-02,AP-DRET02,13.303388494877856,12.479905437352246,76.66042954593891,16.016548463356973,2.178092986603625
AP-SAF09,2.4,-64.0,9.0,2025-04-02,AP-SAF09,4.166272655634358,6.334121355397951,69.83521709897906,20.49330181245075,2.326241134751773
AP-LLET13,2.4,-37.0,14.0,2025-04-02,AP-LLET13,3.541431261770245,5.552730696798493,67.02572631105147,15.448210922787194,2.8342749529190208
AP-CREAF05,5.0,-61.0,9.0,2025-04-02,AP-CREAF05,3.2537431048069347,3.0031520882584712,57.49458023614742,,
AP-ICTAICP21,2.4,-67.0,9.0,2025-04-02,AP-ICTAICP21,2.016548463356974,2.103230890464933,60.14579735700765,,
AP-EST03,2.4,-52.0,9.0,2025-04-02,AP-EST03,8.933018124507486,3.976359338061466,58.41640315203282,,
AP-VET34,5.0,-76.0,9.0,2025-04-02,AP-VET34,5.8132387706855795,3.8037825059101653,58.01565006575542,,
AP-CIEN14,5.0,-72.0,9.0,2025-04-02,AP-CIEN14,4.774625689519307,10.331757289204099,72.50991557409637,17.23798266351458,2.771473601260835
AP-IBB01,5.0,-67.0,9.0,2025-04-02,AP-IBB01,3.7825059101654848,5.732072498029945,67.75718184957891,15.771473601260835,2.0598896769109536
AP-BIBCIE03,2.4,-62.0,6.0,2025-04-03,AP-BIBCIE03,13.384927066450567,4.512155591572123,58.02007287516654,,
AP-CIEN62,5.0,-71.0,9.0,2025-04-02,AP-CIEN62,4.314420803782506,10.156028368794326,70.50163227925907,20.29787234042553,6.331757289204098
AP-CCOM18,5.0,-84.0,9.0,2025-04-02,AP-CCOM18,7.157545605306799,9.690713101160862,76.0005730486936,15.0,1.6326699834162521
AP-DRET02,5.0,-55.0,9.0,2025-04-02,AP-DRET02,13.303388494877856,12.479905437352246,76.66042954593891,16.016548463356973,2.178092986603625
AP-MRB05,5.0,-65.0,9.0,2025-04-02,AP-MRB05,6.804570527974783,5.792750197005516,66.30574631461609,20.62647754137116,2.479905437352246
AP-CIEN14,5.0,-86.0,9.0,2025-04-02,AP-CIEN14,4.774625689519307,10.331757289204099,72.50991557409637,17.23798266351458,2.771473601260835
AP-MRB06,2.4,-69.0,9.0,2025-04-02,AP-MRB06,1.9330181245074862,5.077226162332545,65.61186831566789,18.0,1.4688731284475964
AP-GTIP05,2.4,-58.0,9.0,2025-04-02,AP-GTIP05,3.555724033358605,3.152388172858226,58.31534569449332,,
AP-BIBCIE03,5.0,-71.0,6.0,2025-04-03,AP-BIBCIE03,13.384927066450567,4.512155591572123,58.02007287516654,,
AP-POL10,5.0,-58.0,9.0,2025-04-02,AP-POL10,3.3325453112687153,3.925925925925926,58.613893051042744,,
AP-ETSE13,2.4,-66.0,9.0,2025-04-02,AP-ETSE13,7.055555555555555,3.6464646464646466,57.663506997225426,,
AP-VET77,2.4,-54.0,9.0,2025-04-02,AP-VET77,1.2293144208037825,2.0315208825847124,61.33445800668813,,
AP-REC09,2.4,-66.0,9.0,2025-04-02,AP-REC09,6.240346729708432,2.4814814814814814,57.954879676040456,,
AP-LLET49,5.0,-72.0,15.0,2025-04-02,AP-LLET49,2.5350669818754925,4.969267139479905,66.25891972657651,15.049645390070921,1.5122143420015761
AP-CCOM12,5.0,-67.0,9.0,2025-04-02,AP-CCOM12,3.239558707643814,3.289204097714736,57.180275090159846,,
AP-CIEN14,5.0,-85.0,9.0,2025-04-02,AP-CIEN14,4.774625689519307,10.331757289204099,72.50991557409637,17.23798266351458,2.771473601260835
AP-LLET48,5.0,-55.0,15.0,2025-04-02,AP-LLET48,1.7407407407407407,4.892828999211978,67.24194950033738,15.159180457052797,1.446808510638298
AP-MED58,5.0,-48.0,14.0,2025-04-01,AP-MED58,1.9992119779353823,4.721040189125295,65.65384869667015,17.09613869188337,1.6587864460204886
AP-BIBHUM01,5.0,-47.0,9.0,2025-04-02,AP-BIBHUM01,8.308835672997523,4.284888521882742,57.42465264620139,,
AP-ETSE75,5.0,-79.0,9.0,2025-04-02,AP-ETSE75,7.476753349093775,10.493301812450749,71.96704453523064,17.0,4.5650118203309695
AP-BIBCIE03,5.0,-76.0,6.0,2025-04-03,AP-BIBCIE03,13.384927066450567,4.512155591572123,58.02007287516654,,
AP-VET76,5.0,-39.0,9.0,2025-04-02,AP-VET76,2.5041322314049586,1.2861570247933884,56.82525168260928,,
AP-MED59,5.0,-60.0,9.0,2025-04-02,AP-MED59,3.896719319562576,5.667071688942892,65.86008671840895,18.0,1.9501822600243013
AP-CCOM41,2.4,-75.0,9.0,2025-04-02,AP-CCOM41,1.5216706067769898,2.9235618597320725,58.352800091649904,,
AP-DRET02,5.0,-84.0,9.0,2025-04-02,AP-DRET02,13.303388494877856,12.479905437352246,76.66042954593891,16.016548463356973,2.178092986603625
AP-MED43,5.0,-50.0,9.0,2025-04-02,AP-MED43,3.045705279747833,21.04728132387707,56.718529154745205,,
AP-MED19,5.0,-65.0,9.0,2025-04-02,AP-MED19,1.5681639085894405,5.9763593380614655,69.56972870483868,15.0,2.1055949566587864
AP-LLET42,5.0,-68.0,15.0,2025-04-02,AP-LLET42,3.3877068557919623,5.63672182821119,66.44622519383651,15.0,1.9330181245074862
AP-MED59,5.0,-69.0,9.0,2025-04-02,AP-MED59,3.896719319562576,5.667071688942892,65.86008671840895,18.0,1.9501822600243013
AP-MED43,5.0,-48.0,9.0,2025-04-02,AP-MED43,3.045705279747833,21.04728132387707,56.718529154745205,,
AP-VH16,2.4,-42.0,9.0,2025-04-02,AP-VH16,5.412451361867705,6.976653696498055,69.66591198434816,17.0,3.0817120622568095
AP-DRET02,5.0,-84.0,9.0,2025-04-02,AP-DRET02,13.303388494877856,12.479905437352246,76.66042954593891,16.016548463356973,2.178092986603625
AP-MED12,5.0,-53.0,9.0,2025-04-02,AP-MED12,2.8772782503037666,3.138517618469016,60.420496856304815,,
AP-MED48,5.0,-85.0,9.0,2025-04-02,AP-MED48,2.625,6.798611111111111,72.03447558663751,15.0,1.5416666666666667
AP-MED12,5.0,-58.0,9.0,2025-04-02,AP-MED12,2.8772782503037666,3.138517618469016,60.420496856304815,,
AP-BIBCIE03,5.0,-61.0,6.0,2025-04-03,AP-BIBCIE03,13.384927066450567,4.512155591572123,58.02007287516654,,
AP-CCOM18,5.0,-87.0,9.0,2025-04-02,AP-CCOM18,7.157545605306799,9.690713101160862,76.0005730486936,15.0,1.6326699834162521
AP-ICTAICP23,2.4,-51.0,9.0,2025-04-02,AP-ICTAICP23,1.2379826635145783,1.574468085106383,58.781480927636665,,
AP-CIEN10,2.4,-66.0,13.0,2025-04-02,AP-CIEN10,13.35933806146572,11.19070133963751,68.5865004026106,15.049645390070921,6.108747044917258
AP-BIBHUM07,5.0,-75.0,9.0,2025-04-02,AP-BIBHUM07,5.492981007431874,3.124690338563171,58.66555468948837,,
AP-MED60,2.4,-57.0,9.0,2025-04-02,AP-MED60,4.520882584712372,4.104806934594168,57.76101369730806,,
AP-CIEN10,2.4,-68.0,13.0,2025-04-02,AP-CIEN10,13.35933806146572,11.19070133963751,68.5865004026106,15.049645390070921,6.108747044917258
AP-DRET02,5.0,-76.0,9.0,2025-04-02,AP-DRET02,13.303388494877856,12.479905437352246,76.66042954593891,16.016548463356973,2.178092986603625
AP-SAF09,2.4,-64.0,9.0,2025-04-02,AP-SAF09,4.166272655634358,6.334121355397951,69.83521709897906,20.49330181245075,2.326241134751773
AP-LLET13,2.4,-37.0,14.0,2025-04-02,AP-LLET13,3.541431261770245,5.552730696798493,67.02572631105147,15.448210922787194,2.8342749529190208
AP-CREAF05,5.0,-61.0,9.0,2025-04-02,AP-CREAF05,3.2537431048069347,3.0031520882584712,57.49458023614742,,
AP-ICTAICP21,2.4,-66.0,9.0,2025-04-02,AP-ICTAICP21,2.016548463356974,2.103230890464933,60.14579735700765,,
AP-EST03,2.4,-52.0,9.0,2025-04-02,AP-EST03,8.933018124507486,3.976359338061466,58.41640315203282,,
AP-VET34,5.0,-76.0,9.0,2025-04-02,AP-VET34,5.8132387706855795,3.8037825059101653,58.01565006575542,,
AP-CIEN14,5.0,-72.0,9.0,2025-04-02,AP-CIEN14,4.774625689519307,10.331757289204099,72.50991557409637,17.23798266351458,2.771473601260835
AP-BIBCIE03,5.0,-59.0,6.0,2025-04-03,AP-BIBCIE03,13.384927066450567,4.512155591572123,58.02007287516654,,
AP-IBB01,5.0,-67.0,9.0,2025-04-02,AP-IBB01,3.7825059101654848,5.732072498029945,67.75718184957891,15.771473601260835,2.0598896769109536
AP-BIBCIE03,5.0,-67.0,6.0,2025-04-03,AP-BIBCIE03,13.384927066450567,4.512155591572123,58.02007287516654,,
AP-CIEN62,5.0,-71.0,9.0,2025-04-02,AP-CIEN62,4.314420803782506,10.156028368794326,70.50163227925907,20.29787234042553,6.331757289204098
AP-CCOM18,5.0,-84.0,9.0,2025-04-02,AP-CCOM18,7.157545605306799,9.690713101160862,76.0005730486936,15.0,1.6326699834162521
AP-BIBCIE03,5.0,-62.0,6.0,2025-04-03,AP-BIBCIE03,13.384927066450567,4.512155591572123,58.02007287516654,,
AP-DRET02,5.0,-54.0,9.0,2025-04-02,AP-DRET02,13.303388494877856,12.479905437352246,76.66042954593891,16.016548463356973,2.178092986603625
AP-MRB05,5.0,-64.0,9.0,2025-04-02,AP-MRB05,6.804570527974783,5.792750197005516,66.30574631461609,20.62647754137116,2.479905437352246
AP-CIEN14,5.0,-86.0,9.0,2025-04-02,AP-CIEN14,4.774625689519307,10.331757289204099,72.50991557409637,17.23798266351458,2.771473601260835
AP-MRB06,2.4,-69.0,9.0,2025-04-02,AP-MRB06,1.9330181245074862,5.077226162332545,65.61186831566789,18.0,1.4688731284475964
AP-GTIP05,2.4,-59.0,9.0,2025-04-02,AP-GTIP05,3.555724033358605,3.152388172858226,58.31534569449332,,
AP-POL10,5.0,-58.0,9.0,2025-04-02,AP-POL10,3.3325453112687153,3.925925925925926,58.613893051042744,,
AP-ETSE13,2.4,-65.0,9.0,2025-04-02,AP-ETSE13,7.055555555555555,3.6464646464646466,57.663506997225426,,
AP-VET77,2.4,-54.0,9.0,2025-04-02,AP-VET77,1.2293144208037825,2.0315208825847124,61.33445800668813,,
AP-REC09,2.4,-66.0,9.0,2025-04-02,AP-REC09,6.240346729708432,2.4814814814814814,57.954879676040456,,
AP-LLET49,5.0,-72.0,15.0,2025-04-02,AP-LLET49,2.5350669818754925,4.969267139479905,66.25891972657651,15.049645390070921,1.5122143420015761
AP-CCOM12,5.0,-67.0,9.0,2025-04-02,AP-CCOM12,3.239558707643814,3.289204097714736,57.180275090159846,,
AP-CIEN14,5.0,-85.0,9.0,2025-04-02,AP-CIEN14,4.774625689519307,10.331757289204099,72.50991557409637,17.23798266351458,2.771473601260835
AP-LLET48,5.0,-54.0,15.0,2025-04-02,AP-LLET48,1.7407407407407407,4.892828999211978,67.24194950033738,15.159180457052797,1.446808510638298
AP-MED58,5.0,-48.0,14.0,2025-04-01,AP-MED58,1.9992119779353823,4.721040189125295,65.65384869667015,17.09613869188337,1.6587864460204886
AP-BIBHUM01,5.0,-47.0,9.0,2025-04-02,AP-BIBHUM01,8.308835672997523,4.284888521882742,57.42465264620139,,
AP-ETSE75,5.0,-79.0,9.0,2025-04-02,AP-ETSE75,7.476753349093775,10.493301812450749,71.96704453523064,17.0,4.5650118203309695
AP-BIBCIE03,5.0,-63.0,6.0,2025-04-03,AP-BIBCIE03,13.384927066450567,4.512155591572123,58.02007287516654,,
AP-VET76,5.0,-49.0,9.0,2025-04-02,AP-VET76,2.5041322314049586,1.2861570247933884,56.82525168260928,,
AP-MED59,5.0,-61.0,9.0,2025-04-02,AP-MED59,3.896719319562576,5.667071688942892,65.86008671840895,18.0,1.9501822600243013
AP-CCOM41,2.4,-74.0,9.0,2025-04-02,AP-CCOM41,1.5216706067769898,2.9235618597320725,58.352800091649904,,
AP-DRET02,5.0,-84.0,9.0,2025-04-02,AP-DRET02,13.303388494877856,12.479905437352246,76.66042954593891,16.016548463356973,2.178092986603625
AP-BIBHUM07,5.0,-68.0,9.0,2025-04-02,AP-BIBHUM07,5.492981007431874,3.124690338563171,58.66555468948837,,
AP-MED43,5.0,-50.0,9.0,2025-04-02,AP-MED43,3.045705279747833,21.04728132387707,56.718529154745205,,
AP-MED19,5.0,-65.0,9.0,2025-04-02,AP-MED19,1.5681639085894405,5.9763593380614655,69.56972870483868,15.0,2.1055949566587864
AP-LLET42,5.0,-68.0,15.0,2025-04-02,AP-LLET42,3.3877068557919623,5.63672182821119,66.44622519383651,15.0,1.9330181245074862
AP-MED59,5.0,-68.0,9.0,2025-04-02,AP-MED59,3.896719319562576,5.667071688942892,65.86008671840895,18.0,1.9501822600243013
AP-MED43,5.0,-57.0,9.0,2025-04-02,AP-MED43,3.045705279747833,21.04728132387707,56.718529154745205,,
AP-VH16,2.4,-41.0,9.0,2025-04-02,AP-VH16,5.412451361867705,6.976653696498055,69.66591198434816,17.0,3.0817120622568095
AP-DRET02,5.0,-84.0,9.0,2025-04-02,AP-DRET02,13.303388494877856,12.479905437352246,76.66042954593891,16.016548463356973,2.178092986603625
AP-MED12,5.0,-53.0,9.0,2025-04-02,AP-MED12,2.8772782503037666,3.138517618469016,60.420496856304815,,
AP-MED48,5.0,-85.0,9.0,2025-04-02,AP-MED48,2.625,6.798611111111111,72.03447558663751,15.0,1.5416666666666667
AP-MED12,5.0,-59.0,9.0,2025-04-02,AP-MED12,2.8772782503037666,3.138517618469016,60.420496856304815,,
AP-BIBCIE03,5.0,-65.0,6.0,2025-04-03,AP-BIBCIE03,13.384927066450567,4.512155591572123,58.02007287516654,,
AP-BIBCIE03,5.0,-55.0,6.0,2025-04-03,AP-BIBCIE03,13.384927066450567,4.512155591572123,58.02007287516654,,
AP-CCOM18,5.0,-87.0,9.0,2025-04-02,AP-CCOM18,7.157545605306799,9.690713101160862,76.0005730486936,15.0,1.6326699834162521
AP-BIBCIE03,5.0,-60.0,6.0,2025-04-03,AP-BIBCIE03,13.384927066450567,4.512155591572123,58.02007287516654,,
AP-ICTAICP23,2.4,-50.0,9.0,2025-04-02,AP-ICTAICP23,1.2379826635145783,1.574468085106383,58.781480927636665,,
AP-CIEN10,2.4,-67.0,13.0,2025-04-02,AP-CIEN10,13.35933806146572,11.19070133963751,68.5865004026106,15.049645390070921,6.108747044917258
AP-BIBHUM07,5.0,-76.0,9.0,2025-04-02,AP-BIBHUM07,5.492981007431874,3.124690338563171,58.66555468948837,,
AP-MED60,2.4,-64.0,9.0,2025-04-02,AP-MED60,4.520882584712372,4.104806934594168,57.76101369730806,,
AP-CIEN10,2.4,-69.0,13.0,2025-04-02,AP-CIEN10,13.35933806146572,11.19070133963751,68.5865004026106,15.049645390070921,6.108747044917258
AP-DRET02,5.0,-76.0,9.0,2025-04-02,AP-DRET02,13.303388494877856,12.479905437352246,76.66042954593891,16.016548463356973,2.178092986603625
AP-MED27,5.0,-58.0,9.0,2025-04-02,AP-MED27,7.650118203309693,3.46414499605989,59.22019983417637,,
AP-BIBCIE03,5.0,-66.0,6.0,2025-04-03,AP-BIBCIE03,13.384927066450567,4.512155591572123,58.02007287516654,,
AP-SAF09,2.4,-64.0,9.0,2025-04-02,AP-SAF09,4.166272655634358,6.334121355397951,69.83521709897906,20.49330181245075,2.326241134751773
AP-LLET13,2.4,-37.0,14.0,2025-04-02,AP-LLET13,3.541431261770245,5.552730696798493,67.02572631105147,15.448210922787194,2.8342749529190208
AP-CREAF05,5.0,-66.0,9.0,2025-04-02,AP-CREAF05,3.2537431048069347,3.0031520882584712,57.49458023614742,,
AP-BIBCIE03,5.0,-69.0,6.0,2025-04-03,AP-BIBCIE03,13.384927066450567,4.512155591572123,58.02007287516654,,
AP-ICTAICP21,2.4,-66.0,9.0,2025-04-02,AP-ICTAICP21,2.016548463356974,2.103230890464933,60.14579735700765,,
AP-EST03,2.4,-52.0,9.0,2025-04-02,AP-EST03,8.933018124507486,3.976359338061466,58.41640315203282,,
AP-VET34,5.0,-75.0,9.0,2025-04-02,AP-VET34,5.8132387706855795,3.8037825059101653,58.01565006575542,,
AP-CIEN100,5.0,-88.0,14.0,2025-04-02,AP-CIEN100,7.092986603624902,6.608353033884949,67.03880603148183,15.049645390070921,2.868400315208826
AP-CIEN14,5.0,-72.0,9.0,2025-04-02,AP-CIEN14,4.774625689519307,10.331757289204099,72.50991557409637,17.23798266351458,2.771473601260835
AP-BIBCIE03,5.0,-70.0,6.0,2025-04-03,AP-BIBCIE03,13.384927066450567,4.512155591572123,58.02007287516654,,
AP-IBB01,5.0,-67.0,9.0,2025-04-02,AP-IBB01,3.7825059101654848,5.732072498029945,67.75718184957891,15.771473601260835,2.0598896769109536
AP-BIBCIE03,5.0,-65.0,6.0,2025-04-03,AP-BIBCIE03,13.384927066450567,4.512155591572123,58.02007287516654,,
AP-CIEN62,5.0,-71.0,9.0,2025-04-02,AP-CIEN62,4.314420803782506,10.156028368794326,70.50163227925907,20.29787234042553,6.331757289204098
AP-CCOM18,5.0,-84.0,9.0,2025-04-02,AP-CCOM18,7.157545605306799,9.690713101160862,76.0005730486936,15.0,1.6326699834162521
AP-BIBCIE03,5.0,-69.0,6.0,2025-04-03,AP-BIBCIE03,13.384927066450567,4.512155591572123,58.02007287516654,,
AP-DRET02,5.0,-54.0,9.0,2025-04-02,AP-DRET02,13.303388494877856,12.479905437352246,76.66042954593891,16.016548463356973,2.178092986603625
AP-MRB05,5.0,-64.0,9.0,2025-04-02,AP-MRB05,6.804570527974783,5.792750197005516,66.30574631461609,20.62647754137116,2.479905437352246
AP-CIEN14,5.0,-86.0,9.0,2025-04-02,AP-CIEN14,4.774625689519307,10.331757289204099,72.50991557409637,17.23798266351458,2.771473601260835
AP-MRB06,2.4,-69.0,9.0,2025-04-02,AP-MRB06,1.9330181245074862,5.077226162332545,65.61186831566789,18.0,1.4688731284475964
AP-GTIP05,2.4,-58.0,9.0,2025-04-02,AP-GTIP05,3.555724033358605,3.152388172858226,58.31534569449332,,
AP-POL10,5.0,-60.0,9.0,2025-04-02,AP-POL10,3.3325453112687153,3.925925925925926,58.613893051042744,,
AP-ETSE13,2.4,-65.0,9.0,2025-04-02,AP-ETSE13,7.055555555555555,3.6464646464646466,57.663506997225426,,
AP-VET77,2.4,-54.0,9.0,2025-04-02,AP-VET77,1.2293144208037825,2.0315208825847124,61.33445800668813,,
AP-REC09,2.4,-66.0,9.0,2025-04-02,AP-REC09,6.240346729708432,2.4814814814814814,57.954879676040456,,
AP-LLET49,5.0,-72.0,15.0,2025-04-02,AP-LLET49,2.5350669818754925,4.969267139479905,66.25891972657651,15.049645390070921,1.5122143420015761
AP-CCOM12,5.0,-66.0,9.0,2025-04-02,AP-CCOM12,3.239558707643814,3.289204097714736,57.180275090159846,,
AP-CIEN14,5.0,-85.0,9.0,2025-04-02,AP-CIEN14,4.774625689519307,10.331757289204099,72.50991557409637,17.23798266351458,2.771473601260835
AP-CIEN08,2.4,-74.0,13.0,2025-04-02,AP-CIEN08,28.881889763779526,15.700787401574804,67.18232766549076,20.503937007874015,15.15748031496063
AP-LLET48,5.0,-55.0,15.0,2025-04-02,AP-LLET48,1.7407407407407407,4.892828999211978,67.24194950033738,15.159180457052797,1.446808510638298
AP-MED58,5.0,-48.0,14.0,2025-04-01,AP-MED58,1.9992119779353823,4.721040189125295,65.65384869667015,17.09613869188337,1.6587864460204886
AP-BIBCIE03,2.4,-78.0,6.0,2025-04-03,AP-BIBCIE03,13.384927066450567,4.512155591572123,58.02007287516654,,
AP-BIBHUM01,5.0,-47.0,9.0,2025-04-02,AP-BIBHUM01,8.308835672997523,4.284888521882742,57.42465264620139,,
AP-ETSE75,5.0,-79.0,9.0,2025-04-02,AP-ETSE75,7.476753349093775,10.493301812450749,71.96704453523064,17.0,4.5650118203309695
AP-VET76,5.0,-52.0,9.0,2025-04-02,AP-VET76,2.5041322314049586,1.2861570247933884,56.82525168260928,,
AP-MED59,5.0,-60.0,9.0,2025-04-02,AP-MED59,3.896719319562576,5.667071688942892,65.86008671840895,18.0,1.9501822600243013
AP-BIBCIE03,5.0,-76.0,6.0,2025-04-03,AP-BIBCIE03,13.384927066450567,4.512155591572123,58.02007287516654,,
AP-CCOM41,2.4,-75.0,9.0,2025-04-02,AP-CCOM41,1.5216706067769898,2.9235618597320725,58.352800091649904,,
AP-DRET02,5.0,-84.0,9.0,2025-04-02,AP-DRET02,13.303388494877856,12.479905437352246,76.66042954593891,16.016548463356973,2.178092986603625
AP-MED43,5.0,-52.0,9.0,2025-04-02,AP-MED43,3.045705279747833,21.04728132387707,56.718529154745205,,
AP-MED19,5.0,-64.0,9.0,2025-04-02,AP-MED19,1.5681639085894405,5.9763593380614655,69.56972870483868,15.0,2.1055949566587864
AP-LLET42,5.0,-67.0,15.0,2025-04-02,AP-LLET42,3.3877068557919623,5.63672182821119,66.44622519383651,15.0,1.9330181245074862
AP-MED59,5.0,-68.0,9.0,2025-04-02,AP-MED59,3.896719319562576,5.667071688942892,65.86008671840895,18.0,1.9501822600243013
AP-MED43,5.0,-57.0,9.0,2025-04-02,AP-MED43,3.045705279747833,21.04728132387707,56.718529154745205,,
AP-VH16,2.4,-41.0,9.0,2025-04-02,AP-VH16,5.412451361867705,6.976653696498055,69.66591198434816,17.0,3.0817120622568095
AP-DRET02,5.0,-84.0,9.0,2025-04-02,AP-DRET02,13.303388494877856,12.479905437352246,76.66042954593891,16.016548463356973,2.178092986603625
AP-MED12,5.0,-53.0,9.0,2025-04-02,AP-MED12,2.8772782503037666,3.138517618469016,60.420496856304815,,
AP-MED48,5.0,-85.0,9.0,2025-04-02,AP-MED48,2.625,6.798611111111111,72.03447558663751,15.0,1.5416666666666667
AP-MED12,5.0,-59.0,9.0,2025-04-02,AP-MED12,2.8772782503037666,3.138517618469016,60.420496856304815,,
AP-BIBCIE03,5.0,-63.0,6.0,2025-04-03,AP-BIBCIE03,13.384927066450567,4.512155591572123,58.02007287516654,,
AP-BIBCIE03,5.0,-62.0,6.0,2025-04-03,AP-BIBCIE03,13.384927066450567,4.512155591572123,58.02007287516654,,
AP-CCOM18,5.0,-87.0,9.0,2025-04-02,AP-CCOM18,7.157545605306799,9.690713101160862,76.0005730486936,15.0,1.6326699834162521
AP-ICTAICP23,2.4,-51.0,9.0,2025-04-02,AP-ICTAICP23,1.2379826635145783,1.574468085106383,58.781480927636665,,
AP-CIEN10,2.4,-66.0,13.0,2025-04-02,AP-CIEN10,13.35933806146572,11.19070133963751,68.5865004026106,15.049645390070921,6.108747044917258
AP-BIBHUM07,5.0,-75.0,9.0,2025-04-02,AP-BIBHUM07,5.492981007431874,3.124690338563171,58.66555468948837,,
AP-MED60,2.4,-59.0,9.0,2025-04-02,AP-MED60,4.520882584712372,4.104806934594168,57.76101369730806,,
AP-CIEN10,2.4,-68.0,13.0,2025-04-02,AP-CIEN10,13.35933806146572,11.19070133963751,68.5865004026106,15.049645390070921,6.108747044917258
AP-BIBCIE03,5.0,-63.0,6.0,2025-04-03,AP-BIBCIE03,13.384927066450567,4.512155591572123,58.02007287516654,,
AP-DRET02,5.0,-76.0,9.0,2025-04-02,AP-DRET02,13.303388494877856,12.479905437352246,76.66042954593891,16.016548463356973,2.178092986603625
AP-MED27,5.0,-63.0,9.0,2025-04-02,AP-MED27,7.650118203309693,3.46414499605989,59.22019983417637,,
AP-BIBCIE03,5.0,-69.0,6.0,2025-04-03,AP-BIBCIE03,13.384927066450567,4.512155591572123,58.02007287516654,,
AP-SAF09,2.4,-64.0,9.0,2025-04-02,AP-SAF09,4.166272655634358,6.334121355397951,69.83521709897906,20.49330181245075,2.326241134751773
AP-LLET13,2.4,-39.0,14.0,2025-04-02,AP-LLET13,3.541431261770245,5.552730696798493,67.02572631105147,15.448210922787194,2.8342749529190208
AP-CREAF05,5.0,-66.0,9.0,2025-04-02,AP-CREAF05,3.2537431048069347,3.0031520882584712,57.49458023614742,,
AP-BIBCIE03,5.0,-70.0,6.0,2025-04-03,AP-BIBCIE03,13.384927066450567,4.512155591572123,58.02007287516654,,
AP-ICTAICP21,2.4,-66.0,9.0,2025-04-02,AP-ICTAICP21,2.016548463356974,2.103230890464933,60.14579735700765,,
AP-EST03,2.4,-51.0,9.0,2025-04-02,AP-EST03,8.933018124507486,3.976359338061466,58.41640315203282,,
AP-VET34,5.0,-77.0,9.0,2025-04-02,AP-VET34,5.8132387706855795,3.8037825059101653,58.01565006575542,,
AP-CIEN100,5.0,-88.0,14.0,2025-04-02,AP-CIEN100,7.092986603624902,6.608353033884949,67.03880603148183,15.049645390070921,2.868400315208826
AP-CIEN14,5.0,-72.0,9.0,2025-04-02,AP-CIEN14,4.774625689519307,10.331757289204099,72.50991557409637,17.23798266351458,2.771473601260835
AP-IBB01,5.0,-67.0,9.0,2025-04-02,AP-IBB01,3.7825059101654848,5.732072498029945,67.75718184957891,15.771473601260835,2.0598896769109536
AP-BIBCIE03,5.0,-65.0,6.0,2025-04-03,AP-BIBCIE03,13.384927066450567,4.512155591572123,58.02007287516654,,
AP-BIBCIE03,5.0,-62.0,6.0,2025-04-03,AP-BIBCIE03,13.384927066450567,4.512155591572123,58.02007287516654,,
AP-CIEN62,5.0,-71.0,9.0,2025-04-02,AP-CIEN62,4.314420803782506,10.156028368794326,70.50163227925907,20.29787234042553,6.331757289204098
AP-CCOM18,5.0,-84.0,9.0,2025-04-02,AP-CCOM18,7.157545605306799,9.690713101160862,76.0005730486936,15.0,1.6326699834162521
AP-BIBCIE03,5.0,-67.0,6.0,2025-04-03,AP-BIBCIE03,13.384927066450567,4.512155591572123,58.02007287516654,,
AP-DRET02,5.0,-54.0,9.0,2025-04-02,AP-DRET02,13.303388494877856,12.479905437352246,76.66042954593891,16.016548463356973,2.178092986603625
AP-MRB05,5.0,-64.0,9.0,2025-04-02,AP-MRB05,6.804570527974783,5.792750197005516,66.30574631461609,20.62647754137116,2.479905437352246
AP-CIEN14,5.0,-86.0,9.0,2025-04-02,AP-CIEN14,4.774625689519307,10.331757289204099,72.50991557409637,17.23798266351458,2.771473601260835
AP-MRB06,2.4,-71.0,9.0,2025-04-02,AP-MRB06,1.9330181245074862,5.077226162332545,65.61186831566789,18.0,1.4688731284475964
AP-GTIP05,2.4,-62.0,9.0,2025-04-02,AP-GTIP05,3.555724033358605,3.152388172858226,58.31534569449332,,
AP-BIBCIE03,5.0,-73.0,6.0,2025-04-03,AP-BIBCIE03,13.384927066450567,4.512155591572123,58.02007287516654,,
AP-POL10,5.0,-57.0,9.0,2025-04-02,AP-POL10,3.3325453112687153,3.925925925925926,58.613893051042744,,
AP-ETSE13,2.4,-66.0,9.0,2025-04-02,AP-ETSE13,7.055555555555555,3.6464646464646466,57.663506997225426,,
AP-VET77,2.4,-53.0,9.0,2025-04-02,AP-VET77,1.2293144208037825,2.0315208825847124,61.33445800668813,,
AP-REC09,2.4,-66.0,9.0,2025-04-02,AP-REC09,6.240346729708432,2.4814814814814814,57.954879676040456,,
AP-LLET49,5.0,-72.0,15.0,2025-04-02,AP-LLET49,2.5350669818754925,4.969267139479905,66.25891972657651,15.049645390070921,1.5122143420015761
AP-CCOM12,5.0,-67.0,9.0,2025-04-02,AP-CCOM12,3.239558707643814,3.289204097714736,57.180275090159846,,
AP-BIBCIE03,5.0,-73.0,6.0,2025-04-03,AP-BIBCIE03,13.384927066450567,4.512155591572123,58.02007287516654,,
AP-LLET48,5.0,-55.0,15.0,2025-04-02,AP-LLET48,1.7407407407407407,4.892828999211978,67.24194950033738,15.159180457052797,1.446808510638298
AP-MED58,5.0,-48.0,14.0,2025-04-01,AP-MED58,1.9992119779353823,4.721040189125295,65.65384869667015,17.09613869188337,1.6587864460204886
AP-EDBLANC25,5.0,-55.0,7.0,2025-04-03,AP-EDBLANC25,2.66446499339498,4.803170409511228,57.93442398525577,,
AP-BIBHUM01,5.0,-46.0,9.0,2025-04-02,AP-BIBHUM01,8.308835672997523,4.284888521882742,57.42465264620139,,
AP-ETSE75,5.0,-85.0,9.0,2025-04-02,AP-ETSE75,7.476753349093775,10.493301812450749,71.96704453523064,17.0,4.5650118203309695
AP-VET76,5.0,-54.0,9.0,2025-04-02,AP-VET76,2.5041322314049586,1.2861570247933884,56.82525168260928,,
AP-MED59,5.0,-60.0,9.0,2025-04-02,AP-MED59,3.896719319562576,5.667071688942892,65.86008671840895,18.0,1.9501822600243013
AP-BIBCIE03,5.0,-69.0,6.0,2025-04-03,AP-BIBCIE03,13.384927066450567,4.512155591572123,58.02007287516654,,
AP-CCOM41,2.4,-74.0,9.0,2025-04-02,AP-CCOM41,1.5216706067769898,2.9235618597320725,58.352800091649904,,
AP-DRET02,5.0,-84.0,9.0,2025-04-02,AP-DRET02,13.303388494877856,12.479905437352246,76.66042954593891,16.016548463356973,2.178092986603625
AP-EDBLANC25,5.0,-53.0,7.0,2025-04-03,AP-EDBLANC25,2.66446499339498,4.803170409511228,57.93442398525577,,
AP-MED43,5.0,-51.0,9.0,2025-04-02,AP-MED43,3.045705279747833,21.04728132387707,56.718529154745205,,
AP-MED19,5.0,-64.0,9.0,2025-04-02,AP-MED19,1.5681639085894405,5.9763593380614655,69.56972870483868,15.0,2.1055949566587864
AP-LLET42,5.0,-68.0,15.0,2025-04-02,AP-LLET42,3.3877068557919623,5.63672182821119,66.44622519383651,15.0,1.9330181245074862
AP-MED59,5.0,-69.0,9.0,2025-04-02,AP-MED59,3.896719319562576,5.667071688942892,65.86008671840895,18.0,1.9501822600243013
AP-MED43,5.0,-47.0,9.0,2025-04-02,AP-MED43,3.045705279747833,21.04728132387707,56.718529154745205,,
AP-VH16,2.4,-51.0,9.0,2025-04-02,AP-VH16,5.412451361867705,6.976653696498055,69.66591198434816,17.0,3.0817120622568095
AP-EDBLANC25,5.0,-51.0,7.0,2025-04-03,AP-EDBLANC25,2.66446499339498,4.803170409511228,57.93442398525577,,
AP-DRET02,5.0,-84.0,9.0,2025-04-02,AP-DRET02,13.303388494877856,12.479905437352246,76.66042954593891,16.016548463356973,2.178092986603625
AP-MED12,5.0,-54.0,9.0,2025-04-02,AP-MED12,2.8772782503037666,3.138517618469016,60.420496856304815,,
AP-BIBCIE03,5.0,-62.0,6.0,2025-04-03,AP-BIBCIE03,13.384927066450567,4.512155591572123,58.02007287516654,,
AP-MED48,5.0,-85.0,9.0,2025-04-02,AP-MED48,2.625,6.798611111111111,72.03447558663751,15.0,1.5416666666666667
AP-MED12,5.0,-59.0,9.0,2025-04-02,AP-MED12,2.8772782503037666,3.138517618469016,60.420496856304815,,
AP-BIBCIE03,5.0,-61.0,6.0,2025-04-03,AP-BIBCIE03,13.384927066450567,4.512155591572123,58.02007287516654,,
AP-EDBLANC25,5.0,-45.0,7.0,2025-04-03,AP-EDBLANC25,2.66446499339498,4.803170409511228,57.93442398525577,,
AP-ICTAICP23,2.4,-50.0,9.0,2025-04-02,AP-ICTAICP23,1.2379826635145783,1.574468085106383,58.781480927636665,,
AP-CIEN10,2.4,-66.0,13.0,2025-04-02,AP-CIEN10,13.35933806146572,11.19070133963751,68.5865004026106,15.049645390070921,6.108747044917258
AP-BIBHUM07,5.0,-76.0,9.0,2025-04-02,AP-BIBHUM07,5.492981007431874,3.124690338563171,58.66555468948837,,
AP-MED60,2.4,-58.0,9.0,2025-04-02,AP-MED60,4.520882584712372,4.104806934594168,57.76101369730806,,
AP-CIEN10,2.4,-69.0,13.0,2025-04-02,AP-CIEN10,13.35933806146572,11.19070133963751,68.5865004026106,15.049645390070921,6.108747044917258
AP-BIBCIE03,5.0,-64.0,6.0,2025-04-03,AP-BIBCIE03,13.384927066450567,4.512155591572123,58.02007287516654,,
AP-DRET02,5.0,-76.0,9.0,2025-04-02,AP-DRET02,13.303388494877856,12.479905437352246,76.66042954593891,16.016548463356973,2.178092986603625
AP-MED27,5.0,-85.0,9.0,2025-04-02,AP-MED27,7.650118203309693,3.46414499605989,59.22019983417637,,
AP-SAF09,2.4,-60.0,9.0,2025-04-02,AP-SAF09,4.166272655634358,6.334121355397951,69.83521709897906,20.49330181245075,2.326241134751773
AP-LLET13,2.4,-38.0,14.0,2025-04-02,AP-LLET13,3.541431261770245,5.552730696798493,67.02572631105147,15.448210922787194,2.8342749529190208
AP-CREAF05,5.0,-65.0,9.0,2025-04-02,AP-CREAF05,3.2537431048069347,3.0031520882584712,57.49458023614742,,
AP-BIBCIE03,5.0,-70.0,6.0,2025-04-03,AP-BIBCIE03,13.384927066450567,4.512155591572123,58.02007287516654,,
AP-ICTAICP21,2.4,-67.0,9.0,2025-04-02,AP-ICTAICP21,2.016548463356974,2.103230890464933,60.14579735700765,,
AP-EST03,2.4,-51.0,9.0,2025-04-02,AP-EST03,8.933018124507486,3.976359338061466,58.41640315203282,,
AP-VET34,5.0,-75.0,9.0,2025-04-02,AP-VET34,5.8132387706855795,3.8037825059101653,58.01565006575542,,
AP-CIEN100,5.0,-88.0,14.0,2025-04-02,AP-CIEN100,7.092986603624902,6.608353033884949,67.03880603148183,15.049645390070921,2.868400315208826
AP-CIEN14,5.0,-73.0,9.0,2025-04-02,AP-CIEN14,4.774625689519307,10.331757289204099,72.50991557409637,17.23798266351458,2.771473601260835
AP-IBB01,5.0,-68.0,9.0,2025-04-02,AP-IBB01,3.7825059101654848,5.732072498029945,67.75718184957891,15.771473601260835,2.0598896769109536
AP-BIBCIE03,5.0,-65.0,6.0,2025-04-03,AP-BIBCIE03,13.384927066450567,4.512155591572123,58.02007287516654,,
AP-BIBCIE03,5.0,-65.0,6.0,2025-04-03,AP-BIBCIE03,13.384927066450567,4.512155591572123,58.02007287516654,,
AP-CIEN62,5.0,-71.0,9.0,2025-04-02,AP-CIEN62,4.314420803782506,10.156028368794326,70.50163227925907,20.29787234042553,6.331757289204098
AP-CCOM18,5.0,-84.0,9.0,2025-04-02,AP-CCOM18,7.157545605306799,9.690713101160862,76.0005730486936,15.0,1.6326699834162521
AP-BIBCIE03,5.0,-75.0,6.0,2025-04-03,AP-BIBCIE03,13.384927066450567,4.512155591572123,58.02007287516654,,
AP-DRET02,5.0,-55.0,9.0,2025-04-02,AP-DRET02,13.303388494877856,12.479905437352246,76.66042954593891,16.016548463356973,2.178092986603625
AP-MRB05,5.0,-64.0,9.0,2025-04-02,AP-MRB05,6.804570527974783,5.792750197005516,66.30574631461609,20.62647754137116,2.479905437352246
AP-CIEN14,5.0,-86.0,9.0,2025-04-02,AP-CIEN14,4.774625689519307,10.331757289204099,72.50991557409637,17.23798266351458,2.771473601260835
AP-MRB06,2.4,-71.0,9.0,2025-04-02,AP-MRB06,1.9330181245074862,5.077226162332545,65.61186831566789,18.0,1.4688731284475964
AP-BIBCIE03,2.4,-78.0,6.0,2025-04-03,AP-BIBCIE03,13.384927066450567,4.512155591572123,58.02007287516654,,
AP-GTIP05,2.4,-58.0,9.0,2025-04-02,AP-GTIP05,3.555724033358605,3.152388172858226,58.31534569449332,,
AP-BIBCIE03,5.0,-73.0,6.0,2025-04-03,AP-BIBCIE03,13.384927066450567,4.512155591572123,58.02007287516654,,
AP-POL10,5.0,-57.0,9.0,2025-04-02,AP-POL10,3.3325453112687153,3.925925925925926,58.613893051042744,,
AP-ETSE13,2.4,-69.0,9.0,2025-04-02,AP-ETSE13,7.055555555555555,3.6464646464646466,57.663506997225426,,
AP-VET77,2.4,-53.0,9.0,2025-04-02,AP-VET77,1.2293144208037825,2.0315208825847124,61.33445800668813,,
AP-REC09,2.4,-66.0,9.0,2025-04-02,AP-REC09,6.240346729708432,2.4814814814814814,57.954879676040456,,
AP-LLET49,5.0,-71.0,15.0,2025-04-02,AP-LLET49,2.5350669818754925,4.969267139479905,66.25891972657651,15.049645390070921,1.5122143420015761
AP-CCOM12,5.0,-68.0,9.0,2025-04-02,AP-CCOM12,3.239558707643814,3.289204097714736,57.180275090159846,,
AP-BIBCIE03,5.0,-50.0,6.0,2025-04-03,AP-BIBCIE03,13.384927066450567,4.512155591572123,58.02007287516654,,
AP-BIBCIE03,5.0,-69.0,6.0,2025-04-03,AP-BIBCIE03,13.384927066450567,4.512155591572123,58.02007287516654,,
AP-LLET48,5.0,-55.0,15.0,2025-04-02,AP-LLET48,1.7407407407407407,4.892828999211978,67.24194950033738,15.159180457052797,1.446808510638298
AP-MED58,5.0,-48.0,14.0,2025-04-01,AP-MED58,1.9992119779353823,4.721040189125295,65.65384869667015,17.09613869188337,1.6587864460204886
AP-BIBHUM01,5.0,-51.0,9.0,2025-04-02,AP-BIBHUM01,8.308835672997523,4.284888521882742,57.42465264620139,,
AP-VET76,5.0,-49.0,9.0,2025-04-02,AP-VET76,2.5041322314049586,1.2861570247933884,56.82525168260928,,
AP-MED59,5.0,-61.0,9.0,2025-04-02,AP-MED59,3.896719319562576,5.667071688942892,65.86008671840895,18.0,1.9501822600243013
AP-BIBCIE03,5.0,-65.0,6.0,2025-04-03,AP-BIBCIE03,13.384927066450567,4.512155591572123,58.02007287516654,,
AP-CCOM41,2.4,-74.0,9.0,2025-04-02,AP-CCOM41,1.5216706067769898,2.9235618597320725,58.352800091649904,,
AP-DRET02,5.0,-84.0,9.0,2025-04-02,AP-DRET02,13.303388494877856,12.479905437352246,76.66042954593891,16.016548463356973,2.178092986603625
AP-MED43,5.0,-51.0,9.0,2025-04-02,AP-MED43,3.045705279747833,21.04728132387707,56.718529154745205,,
AP-BIBCIE03,5.0,-64.0,6.0,2025-04-03,AP-BIBCIE03,13.384927066450567,4.512155591572123,58.02007287516654,,
AP-MED19,5.0,-64.0,9.0,2025-04-02,AP-MED19,1.5681639085894405,5.9763593380614655,69.56972870483868,15.0,2.1055949566587864
AP-LLET42,5.0,-68.0,15.0,2025-04-02,AP-LLET42,3.3877068557919623,5.63672182821119,66.44622519383651,15.0,1.9330181245074862
AP-MED59,5.0,-68.0,9.0,2025-04-02,AP-MED59,3.896719319562576,5.667071688942892,65.86008671840895,18.0,1.9501822600243013
AP-MED43,5.0,-53.0,9.0,2025-04-02,AP-MED43,3.045705279747833,21.04728132387707,56.718529154745205,,
AP-EDBLANC25,5.0,-54.0,7.0,2025-04-03,AP-EDBLANC25,2.66446499339498,4.803170409511228,57.93442398525577,,
AP-EDBLANC25,5.0,-47.0,7.0,2025-04-03,AP-EDBLANC25,2.66446499339498,4.803170409511228,57.93442398525577,,
AP-DRET02,5.0,-84.0,9.0,2025-04-02,AP-DRET02,13.303388494877856,12.479905437352246,76.66042954593891,16.016548463356973,2.178092986603625
AP-MED12,5.0,-53.0,9.0,2025-04-02,AP-MED12,2.8772782503037666,3.138517618469016,60.420496856304815,,
AP-BIBCIE03,5.0,-71.0,6.0,2025-04-03,AP-BIBCIE03,13.384927066450567,4.512155591572123,58.02007287516654,,
AP-MED48,5.0,-85.0,9.0,2025-04-02,AP-MED48,2.625,6.798611111111111,72.03447558663751,15.0,1.5416666666666667
AP-MED12,5.0,-59.0,9.0,2025-04-02,AP-MED12,2.8772782503037666,3.138517618469016,60.420496856304815,,
AP-BIBCIE03,5.0,-58.0,6.0,2025-04-03,AP-BIBCIE03,13.384927066450567,4.512155591572123,58.02007287516654,,
AP-EDBLANC25,5.0,-46.0,7.0,2025-04-03,AP-EDBLANC25,2.66446499339498,4.803170409511228,57.93442398525577,,
AP-EDBLANC25,5.0,-48.0,7.0,2025-04-03,AP-EDBLANC25,2.66446499339498,4.803170409511228,57.93442398525577,,
AP-ICTAICP23,2.4,-51.0,9.0,2025-04-02,AP-ICTAICP23,1.2379826635145783,1.574468085106383,58.781480927636665,,
AP-CIEN10,2.4,-64.0,13.0,2025-04-02,AP-CIEN10,13.35933806146572,11.19070133963751,68.5865004026106,15.049645390070921,6.108747044917258
AP-BIBHUM07,5.0,-78.0,9.0,2025-04-02,AP-BIBHUM07,5.492981007431874,3.124690338563171,58.66555468948837,,
AP-MED60,2.4,-57.0,9.0,2025-04-02,AP-MED60,4.520882584712372,4.104806934594168,57.76101369730806,,
AP-CIEN10,2.4,-68.0,13.0,2025-04-02,AP-CIEN10,13.35933806146572,11.19070133963751,68.5865004026106,15.049645390070921,6.108747044917258
AP-BIBCIE03,5.0,-65.0,6.0,2025-04-03,AP-BIBCIE03,13.384927066450567,4.512155591572123,58.02007287516654,,
AP-DRET02,5.0,-76.0,9.0,2025-04-02,AP-DRET02,13.303388494877856,12.479905437352246,76.66042954593891,16.016548463356973,2.178092986603625
AP-MED27,5.0,-85.0,9.0,2025-04-02,AP-MED27,7.650118203309693,3.46414499605989,59.22019983417637,,
AP-SAF09,2.4,-59.0,9.0,2025-04-02,AP-SAF09,4.166272655634358,6.334121355397951,69.83521709897906,20.49330181245075,2.326241134751773
AP-LLET13,2.4,-37.0,14.0,2025-04-02,AP-LLET13,3.541431261770245,5.552730696798493,67.02572631105147,15.448210922787194,2.8342749529190208
AP-CREAF05,5.0,-67.0,9.0,2025-04-02,AP-CREAF05,3.2537431048069347,3.0031520882584712,57.49458023614742,,
AP-BIBCIE03,5.0,-68.0,6.0,2025-04-03,AP-BIBCIE03,13.384927066450567,4.512155591572123,58.02007287516654,,
AP-ICTAICP21,2.4,-67.0,9.0,2025-04-02,AP-ICTAICP21,2.016548463356974,2.103230890464933,60.14579735700765,,
AP-EST03,2.4,-51.0,9.0,2025-04-02,AP-EST03,8.933018124507486,3.976359338061466,58.41640315203282,,
AP-VET34,5.0,-78.0,9.0,2025-04-02,AP-VET34,5.8132387706855795,3.8037825059101653,58.01565006575542,,
AP-CIEN100,5.0,-88.0,14.0,2025-04-02,AP-CIEN100,7.092986603624902,6.608353033884949,67.03880603148183,15.049645390070921,2.868400315208826
AP-CIEN14,5.0,-72.0,9.0,2025-04-02,AP-CIEN14,4.774625689519307,10.331757289204099,72.50991557409637,17.23798266351458,2.771473601260835
AP-IBB01,5.0,-68.0,9.0,2025-04-02,AP-IBB01,3.7825059101654848,5.732072498029945,67.75718184957891,15.771473601260835,2.0598896769109536
AP-BIBCIE03,5.0,-64.0,6.0,2025-04-03,AP-BIBCIE03,13.384927066450567,4.512155591572123,58.02007287516654,,
AP-BIBCIE03,5.0,-66.0,6.0,2025-04-03,AP-BIBCIE03,13.384927066450567,4.512155591572123,58.02007287516654,,
AP-CIEN62,5.0,-71.0,9.0,2025-04-02,AP-CIEN62,4.314420803782506,10.156028368794326,70.50163227925907,20.29787234042553,6.331757289204098
AP-CCOM18,5.0,-84.0,9.0,2025-04-02,AP-CCOM18,7.157545605306799,9.690713101160862,76.0005730486936,15.0,1.6326699834162521
AP-DRET02,5.0,-61.0,9.0,2025-04-02,AP-DRET02,13.303388494877856,12.479905437352246,76.66042954593891,16.016548463356973,2.178092986603625
AP-MRB05,5.0,-64.0,9.0,2025-04-02,AP-MRB05,6.804570527974783,5.792750197005516,66.30574631461609,20.62647754137116,2.479905437352246
AP-CIEN14,5.0,-86.0,9.0,2025-04-02,AP-CIEN14,4.774625689519307,10.331757289204099,72.50991557409637,17.23798266351458,2.771473601260835
AP-MRB06,2.4,-70.0,9.0,2025-04-02,AP-MRB06,1.9330181245074862,5.077226162332545,65.61186831566789,18.0,1.4688731284475964
AP-GTIP05,2.4,-59.0,9.0,2025-04-02,AP-GTIP05,3.555724033358605,3.152388172858226,58.31534569449332,,
AP-BIBCIE03,5.0,-72.0,6.0,2025-04-03,AP-BIBCIE03,13.384927066450567,4.512155591572123,58.02007287516654,,
AP-POL10,5.0,-57.0,9.0,2025-04-02,AP-POL10,3.3325453112687153,3.925925925925926,58.613893051042744,,
AP-EDBLANC25,5.0,-52.0,7.0,2025-04-03,AP-EDBLANC25,2.66446499339498,4.803170409511228,57.93442398525577,,
AP-ETSE13,2.4,-69.0,9.0,2025-04-02,AP-ETSE13,7.055555555555555,3.6464646464646466,57.663506997225426,,
AP-VET77,2.4,-53.0,9.0,2025-04-02,AP-VET77,1.2293144208037825,2.0315208825847124,61.33445800668813,,
AP-REC09,2.4,-66.0,9.0,2025-04-02,AP-REC09,6.240346729708432,2.4814814814814814,57.954879676040456,,
AP-LLET49,5.0,-71.0,15.0,2025-04-02,AP-LLET49,2.5350669818754925,4.969267139479905,66.25891972657651,15.049645390070921,1.5122143420015761
AP-CCOM12,5.0,-68.0,9.0,2025-04-02,AP-CCOM12,3.239558707643814,3.289204097714736,57.180275090159846,,
AP-LLET48,5.0,-54.0,15.0,2025-04-02,AP-LLET48,1.7407407407407407,4.892828999211978,67.24194950033738,15.159180457052797,1.446808510638298
AP-MED58,5.0,-48.0,14.0,2025-04-01,AP-MED58,1.9992119779353823,4.721040189125295,65.65384869667015,17.09613869188337,1.6587864460204886
AP-BIBHUM01,5.0,-51.0,9.0,2025-04-02,AP-BIBHUM01,8.308835672997523,4.284888521882742,57.42465264620139,,
AP-ETSE75,5.0,-85.0,9.0,2025-04-02,AP-ETSE75,7.476753349093775,10.493301812450749,71.96704453523064,17.0,4.5650118203309695
AP-VET76,5.0,-53.0,9.0,2025-04-02,AP-VET76,2.5041322314049586,1.2861570247933884,56.82525168260928,,
AP-MED59,5.0,-60.0,9.0,2025-04-02,AP-MED59,3.896719319562576,5.667071688942892,65.86008671840895,18.0,1.9501822600243013
AP-CCOM41,2.4,-73.0,9.0,2025-04-02,AP-CCOM41,1.5216706067769898,2.9235618597320725,58.352800091649904,,
AP-DRET02,5.0,-84.0,9.0,2025-04-02,AP-DRET02,13.303388494877856,12.479905437352246,76.66042954593891,16.016548463356973,2.178092986603625
AP-MED43,5.0,-53.0,9.0,2025-04-02,AP-MED43,3.045705279747833,21.04728132387707,56.718529154745205,,
AP-MED19,5.0,-64.0,9.0,2025-04-02,AP-MED19,1.5681639085894405,5.9763593380614655,69.56972870483868,15.0,2.1055949566587864
AP-LLET42,5.0,-68.0,15.0,2025-04-02,AP-LLET42,3.3877068557919623,5.63672182821119,66.44622519383651,15.0,1.9330181245074862
AP-MED59,5.0,-68.0,9.0,2025-04-02,AP-MED59,3.896719319562576,5.667071688942892,65.86008671840895,18.0,1.9501822600243013
AP-MED43,5.0,-55.0,9.0,2025-04-02,AP-MED43,3.045705279747833,21.04728132387707,56.718529154745205,,
AP-EDBLANC25,5.0,-54.0,7.0,2025-04-03,AP-EDBLANC25,2.66446499339498,4.803170409511228,57.93442398525577,,
AP-EDBLANC25,5.0,-43.0,7.0,2025-04-03,AP-EDBLANC25,2.66446499339498,4.803170409511228,57.93442398525577,,
AP-DRET02,5.0,-84.0,9.0,2025-04-02,AP-DRET02,13.303388494877856,12.479905437352246,76.66042954593891,16.016548463356973,2.178092986603625
AP-MED12,5.0,-53.0,9.0,2025-04-02,AP-MED12,2.8772782503037666,3.138517618469016,60.420496856304815,,
AP-MED48,5.0,-85.0,9.0,2025-04-02,AP-MED48,2.625,6.798611111111111,72.03447558663751,15.0,1.5416666666666667
AP-MED12,5.0,-59.0,9.0,2025-04-02,AP-MED12,2.8772782503037666,3.138517618469016,60.420496856304815,,
AP-EDBLANC25,5.0,-47.0,7.0,2025-04-03,AP-EDBLANC25,2.66446499339498,4.803170409511228,57.93442398525577,,
AP-EDBLANC25,5.0,-49.0,7.0,2025-04-03,AP-EDBLANC25,2.66446499339498,4.803170409511228,57.93442398525577,,
AP-ICTAICP23,2.4,-51.0,9.0,2025-04-02,AP-ICTAICP23,1.2379826635145783,1.574468085106383,58.781480927636665,,
AP-CIEN10,2.4,-65.0,13.0,2025-04-02,AP-CIEN10,13.35933806146572,11.19070133963751,68.5865004026106,15.049645390070921,6.108747044917258
AP-BIBHUM07,5.0,-76.0,9.0,2025-04-02,AP-BIBHUM07,5.492981007431874,3.124690338563171,58.66555468948837,,
AP-MED60,2.4,-59.0,9.0,2025-04-02,AP-MED60,4.520882584712372,4.104806934594168,57.76101369730806,,
AP-CIEN10,2.4,-69.0,13.0,2025-04-02,AP-CIEN10,13.35933806146572,11.19070133963751,68.5865004026106,15.049645390070921,6.108747044917258
AP-BIBCIE03,5.0,-63.0,6.0,2025-04-03,AP-BIBCIE03,13.384927066450567,4.512155591572123,58.02007287516654,,
AP-DRET02,5.0,-76.0,9.0,2025-04-02,AP-DRET02,13.303388494877856,12.479905437352246,76.66042954593891,16.016548463356973,2.178092986603625
AP-MED27,5.0,-85.0,9.0,2025-04-02,AP-MED27,7.650118203309693,3.46414499605989,59.22019983417637,,
AP-SAF09,2.4,-59.0,9.0,2025-04-02,AP-SAF09,4.166272655634358,6.334121355397951,69.83521709897906,20.49330181245075,2.326241134751773
AP-LLET13,2.4,-37.0,14.0,2025-04-02,AP-LLET13,3.541431261770245,5.552730696798493,67.02572631105147,15.448210922787194,2.8342749529190208
AP-CREAF05,5.0,-67.0,9.0,2025-04-02,AP-CREAF05,3.2537431048069347,3.0031520882584712,57.49458023614742,,
AP-BIBCIE03,5.0,-68.0,6.0,2025-04-03,AP-BIBCIE03,13.384927066450567,4.512155591572123,58.02007287516654,,
AP-ICTAICP21,2.4,-67.0,9.0,2025-04-02,AP-ICTAICP21,2.016548463356974,2.103230890464933,60.14579735700765,,
AP-EST03,2.4,-52.0,9.0,2025-04-02,AP-EST03,8.933018124507486,3.976359338061466,58.41640315203282,,
AP-VET34,5.0,-75.0,9.0,2025-04-02,AP-VET34,5.8132387706855795,3.8037825059101653,58.01565006575542,,
AP-CIEN100,5.0,-88.0,14.0,2025-04-02,AP-CIEN100,7.092986603624902,6.608353033884949,67.03880603148183,15.049645390070921,2.868400315208826
AP-CIEN14,5.0,-72.0,9.0,2025-04-02,AP-CIEN14,4.774625689519307,10.331757289204099,72.50991557409637,17.23798266351458,2.771473601260835
AP-IBB01,5.0,-68.0,9.0,2025-04-02,AP-IBB01,3.7825059101654848,5.732072498029945,67.75718184957891,15.771473601260835,2.0598896769109536
AP-BIBCIE03,5.0,-66.0,6.0,2025-04-03,AP-BIBCIE03,13.384927066450567,4.512155591572123,58.02007287516654,,
AP-CIEN62,5.0,-71.0,9.0,2025-04-02,AP-CIEN62,4.314420803782506,10.156028368794326,70.50163227925907,20.29787234042553,6.331757289204098
AP-CCOM18,5.0,-84.0,9.0,2025-04-02,AP-CCOM18,7.157545605306799,9.690713101160862,76.0005730486936,15.0,1.6326699834162521
AP-DRET02,5.0,-59.0,9.0,2025-04-02,AP-DRET02,13.303388494877856,12.479905437352246,76.66042954593891,16.016548463356973,2.178092986603625
AP-MRB05,5.0,-64.0,9.0,2025-04-02,AP-MRB05,6.804570527974783,5.792750197005516,66.30574631461609,20.62647754137116,2.479905437352246
AP-CIEN14,5.0,-86.0,9.0,2025-04-02,AP-CIEN14,4.774625689519307,10.331757289204099,72.50991557409637,17.23798266351458,2.771473601260835
AP-MRB06,2.4,-71.0,9.0,2025-04-02,AP-MRB06,1.9330181245074862,5.077226162332545,65.61186831566789,18.0,1.4688731284475964
AP-GTIP05,2.4,-59.0,9.0,2025-04-02,AP-GTIP05,3.555724033358605,3.152388172858226,58.31534569449332,,
AP-BIBCIE03,2.4,-75.0,6.0,2025-04-03,AP-BIBCIE03,13.384927066450567,4.512155591572123,58.02007287516654,,
AP-POL10,5.0,-58.0,9.0,2025-04-02,AP-POL10,3.3325453112687153,3.925925925925926,58.613893051042744,,
AP-EDBLANC25,5.0,-55.0,7.0,2025-04-03,AP-EDBLANC25,2.66446499339498,4.803170409511228,57.93442398525577,,
AP-ETSE13,2.4,-68.0,9.0,2025-04-02,AP-ETSE13,7.055555555555555,3.6464646464646466,57.663506997225426,,
AP-VET77,2.4,-53.0,9.0,2025-04-02,AP-VET77,1.2293144208037825,2.0315208825847124,61.33445800668813,,
AP-REC09,2.4,-66.0,9.0,2025-04-02,AP-REC09,6.240346729708432,2.4814814814814814,57.954879676040456,,
AP-LLET49,5.0,-71.0,15.0,2025-04-02,AP-LLET49,2.5350669818754925,4.969267139479905,66.25891972657651,15.049645390070921,1.5122143420015761
AP-CCOM12,5.0,-68.0,9.0,2025-04-02,AP-CCOM12,3.239558707643814,3.289204097714736,57.180275090159846,,
AP-LLET48,5.0,-55.0,15.0,2025-04-02,AP-LLET48,1.7407407407407407,4.892828999211978,67.24194950033738,15.159180457052797,1.446808510638298
AP-MED58,5.0,-48.0,14.0,2025-04-01,AP-MED58,1.9992119779353823,4.721040189125295,65.65384869667015,17.09613869188337,1.6587864460204886
AP-BIBHUM01,5.0,-50.0,9.0,2025-04-02,AP-BIBHUM01,8.308835672997523,4.284888521882742,57.42465264620139,,
AP-ETSE75,5.0,-79.0,9.0,2025-04-02,AP-ETSE75,7.476753349093775,10.493301812450749,71.96704453523064,17.0,4.5650118203309695
AP-VET76,5.0,-53.0,9.0,2025-04-02,AP-VET76,2.5041322314049586,1.2861570247933884,56.82525168260928,,
AP-MED59,5.0,-60.0,9.0,2025-04-02,AP-MED59,3.896719319562576,5.667071688942892,65.86008671840895,18.0,1.9501822600243013
AP-CCOM41,2.4,-73.0,9.0,2025-04-02,AP-CCOM41,1.5216706067769898,2.9235618597320725,58.352800091649904,,
AP-DRET02,5.0,-84.0,9.0,2025-04-02,AP-DRET02,13.303388494877856,12.479905437352246,76.66042954593891,16.016548463356973,2.178092986603625
AP-MED43,5.0,-51.0,9.0,2025-04-02,AP-MED43,3.045705279747833,21.04728132387707,56.718529154745205,,
AP-MED19,5.0,-63.0,9.0,2025-04-02,AP-MED19,1.5681639085894405,5.9763593380614655,69.56972870483868,15.0,2.1055949566587864
AP-LLET42,5.0,-68.0,15.0,2025-04-02,AP-LLET42,3.3877068557919623,5.63672182821119,66.44622519383651,15.0,1.9330181245074862
AP-MED59,5.0,-69.0,9.0,2025-04-02,AP-MED59,3.896719319562576,5.667071688942892,65.86008671840895,18.0,1.9501822600243013
AP-MED43,5.0,-56.0,9.0,2025-04-02,AP-MED43,3.045705279747833,21.04728132387707,56.718529154745205,,
AP-EDBLANC25,5.0,-52.0,7.0,2025-04-03,AP-EDBLANC25,2.66446499339498,4.803170409511228,57.93442398525577,,
AP-EDBLANC25,5.0,-46.0,7.0,2025-04-03,AP-EDBLANC25,2.66446499339498,4.803170409511228,57.93442398525577,,
AP-DRET02,5.0,-84.0,9.0,2025-04-02,AP-DRET02,13.303388494877856,12.479905437352246,76.66042954593891,16.016548463356973,2.178092986603625
AP-MED12,5.0,-53.0,9.0,2025-04-02,AP-MED12,2.8772782503037666,3.138517618469016,60.420496856304815,,
AP-MED48,5.0,-85.0,9.0,2025-04-02,AP-MED48,2.625,6.798611111111111,72.03447558663751,15.0,1.5416666666666667
AP-MED12,5.0,-59.0,9.0,2025-04-02,AP-MED12,2.8772782503037666,3.138517618469016,60.420496856304815,,
AP-EDBLANC25,5.0,-48.0,7.0,2025-04-03,AP-EDBLANC25,2.66446499339498,4.803170409511228,57.93442398525577,,
AP-ICTAICP23,2.4,-51.0,9.0,2025-04-02,AP-ICTAICP23,1.2379826635145783,1.574468085106383,58.781480927636665,,
AP-CIEN10,2.4,-66.0,13.0,2025-04-02,AP-CIEN10,13.35933806146572,11.19070133963751,68.5865004026106,15.049645390070921,6.108747044917258
AP-BIBHUM07,5.0,-77.0,9.0,2025-04-02,AP-BIBHUM07,5.492981007431874,3.124690338563171,58.66555468948837,,
AP-MED60,2.4,-60.0,9.0,2025-04-02,AP-MED60,4.520882584712372,4.104806934594168,57.76101369730806,,
AP-CIEN10,2.4,-69.0,13.0,2025-04-02,AP-CIEN10,13.35933806146572,11.19070133963751,68.5865004026106,15.049645390070921,6.108747044917258
AP-DRET02,5.0,-76.0,9.0,2025-04-02,AP-DRET02,13.303388494877856,12.479905437352246,76.66042954593891,16.016548463356973,2.178092986603625
AP-MED27,5.0,-85.0,9.0,2025-04-02,AP-MED27,7.650118203309693,3.46414499605989,59.22019983417637,,
AP-SAF09,2.4,-59.0,9.0,2025-04-02,AP-SAF09,4.166272655634358,6.334121355397951,69.83521709897906,20.49330181245075,2.326241134751773
AP-LLET13,2.4,-39.0,14.0,2025-04-02,AP-LLET13,3.541431261770245,5.552730696798493,67.02572631105147,15.448210922787194,2.8342749529190208
AP-CREAF05,5.0,-67.0,9.0,2025-04-02,AP-CREAF05,3.2537431048069347,3.0031520882584712,57.49458023614742,,
AP-BIBCIE03,5.0,-67.0,6.0,2025-04-03,AP-BIBCIE03,13.384927066450567,4.512155591572123,58.02007287516654,,
AP-ICTAICP21,2.4,-67.0,9.0,2025-04-02,AP-ICTAICP21,2.016548463356974,2.103230890464933,60.14579735700765,,
AP-EST03,2.4,-47.0,9.0,2025-04-02,AP-EST03,8.933018124507486,3.976359338061466,58.41640315203282,,
AP-VET34,5.0,-77.0,9.0,2025-04-02,AP-VET34,5.8132387706855795,3.8037825059101653,58.01565006575542,,
AP-CIEN100,5.0,-88.0,14.0,2025-04-02,AP-CIEN100,7.092986603624902,6.608353033884949,67.03880603148183,15.049645390070921,2.868400315208826
AP-CIEN14,5.0,-73.0,9.0,2025-04-02,AP-CIEN14,4.774625689519307,10.331757289204099,72.50991557409637,17.23798266351458,2.771473601260835
AP-IBB01,5.0,-68.0,9.0,2025-04-02,AP-IBB01,3.7825059101654848,5.732072498029945,67.75718184957891,15.771473601260835,2.0598896769109536
AP-BIBCIE03,5.0,-63.0,6.0,2025-04-03,AP-BIBCIE03,13.384927066450567,4.512155591572123,58.02007287516654,,
AP-CIEN62,5.0,-71.0,9.0,2025-04-02,AP-CIEN62,4.314420803782506,10.156028368794326,70.50163227925907,20.29787234042553,6.331757289204098
AP-CCOM18,5.0,-84.0,9.0,2025-04-02,AP-CCOM18,7.157545605306799,9.690713101160862,76.0005730486936,15.0,1.6326699834162521
AP-MRB05,5.0,-64.0,9.0,2025-04-02,AP-MRB05,6.804570527974783,5.792750197005516,66.30574631461609,20.62647754137116,2.479905437352246
AP-CIEN14,5.0,-86.0,9.0,2025-04-02,AP-CIEN14,4.774625689519307,10.331757289204099,72.50991557409637,17.23798266351458,2.771473601260835
AP-MRB06,2.4,-71.0,9.0,2025-04-02,AP-MRB06,1.9330181245074862,5.077226162332545,65.61186831566789,18.0,1.4688731284475964
AP-GTIP05,2.4,-59.0,9.0,2025-04-02,AP-GTIP05,3.555724033358605,3.152388172858226,58.31534569449332,,
AP-POL10,5.0,-57.0,9.0,2025-04-02,AP-POL10,3.3325453112687153,3.925925925925926,58.613893051042744,,
AP-EDBLANC25,5.0,-51.0,7.0,2025-04-03,AP-EDBLANC25,2.66446499339498,4.803170409511228,57.93442398525577,,
AP-ETSE13,2.4,-67.0,9.0,2025-04-02,AP-ETSE13,7.055555555555555,3.6464646464646466,57.663506997225426,,
AP-VET77,2.4,-53.0,9.0,2025-04-02,AP-VET77,1.2293144208037825,2.0315208825847124,61.33445800668813,,
AP-REC09,2.4,-66.0,9.0,2025-04-02,AP-REC09,6.240346729708432,2.4814814814814814,57.954879676040456,,
AP-LLET49,5.0,-72.0,15.0,2025-04-02,AP-LLET49,2.5350669818754925,4.969267139479905,66.25891972657651,15.049645390070921,1.5122143420015761
AP-CCOM12,5.0,-68.0,9.0,2025-04-02,AP-CCOM12,3.239558707643814,3.289204097714736,57.180275090159846,,
AP-LLET48,5.0,-55.0,15.0,2025-04-02,AP-LLET48,1.7407407407407407,4.892828999211978,67.24194950033738,15.159180457052797,1.446808510638298
AP-MED58,5.0,-48.0,14.0,2025-04-01,AP-MED58,1.9992119779353823,4.721040189125295,65.65384869667015,17.09613869188337,1.6587864460204886
AP-BIBHUM01,5.0,-51.0,9.0,2025-04-02,AP-BIBHUM01,8.308835672997523,4.284888521882742,57.42465264620139,,
AP-ETSE75,5.0,-85.0,9.0,2025-04-02,AP-ETSE75,7.476753349093775,10.493301812450749,71.96704453523064,17.0,4.5650118203309695
AP-VET76,5.0,-53.0,9.0,2025-04-02,AP-VET76,2.5041322314049586,1.2861570247933884,56.82525168260928,,
AP-MED59,5.0,-60.0,9.0,2025-04-02,AP-MED59,3.896719319562576,5.667071688942892,65.86008671840895,18.0,1.9501822600243013
AP-CCOM41,2.4,-72.0,9.0,2025-04-02,AP-CCOM41,1.5216706067769898,2.9235618597320725,58.352800091649904,,
AP-DRET02,5.0,-84.0,9.0,2025-04-02,AP-DRET02,13.303388494877856,12.479905437352246,76.66042954593891,16.016548463356973,2.178092986603625
AP-MED43,5.0,-51.0,9.0,2025-04-02,AP-MED43,3.045705279747833,21.04728132387707,56.718529154745205,,
AP-MED19,5.0,-64.0,9.0,2025-04-02,AP-MED19,1.5681639085894405,5.9763593380614655,69.56972870483868,15.0,2.1055949566587864
AP-LLET42,5.0,-68.0,15.0,2025-04-02,AP-LLET42,3.3877068557919623,5.63672182821119,66.44622519383651,15.0,1.9330181245074862
AP-MED59,5.0,-68.0,9.0,2025-04-02,AP-MED59,3.896719319562576,5.667071688942892,65.86008671840895,18.0,1.9501822600243013
AP-MED43,5.0,-47.0,9.0,2025-04-02,AP-MED43,3.045705279747833,21.04728132387707,56.718529154745205,,
AP-EDBLANC25,5.0,-51.0,7.0,2025-04-03,AP-EDBLANC25,2.66446499339498,4.803170409511228,57.93442398525577,,
AP-EDBLANC25,5.0,-47.0,7.0,2025-04-03,AP-EDBLANC25,2.66446499339498,4.803170409511228,57.93442398525577,,
AP-DRET02,5.0,-84.0,9.0,2025-04-02,AP-DRET02,13.303388494877856,12.479905437352246,76.66042954593891,16.016548463356973,2.178092986603625
AP-MED12,5.0,-52.0,9.0,2025-04-02,AP-MED12,2.8772782503037666,3.138517618469016,60.420496856304815,,
AP-MED48,5.0,-85.0,9.0,2025-04-02,AP-MED48,2.625,6.798611111111111,72.03447558663751,15.0,1.5416666666666667
AP-MED12,5.0,-59.0,9.0,2025-04-02,AP-MED12,2.8772782503037666,3.138517618469016,60.420496856304815,,
AP-EDBLANC25,5.0,-48.0,7.0,2025-04-03,AP-EDBLANC25,2.66446499339498,4.803170409511228,57.93442398525577,,
AP-ICTAICP23,2.4,-50.0,9.0,2025-04-02,AP-ICTAICP23,1.2379826635145783,1.574468085106383,58.781480927636665,,
AP-CIEN10,2.4,-67.0,13.0,2025-04-02,AP-CIEN10,13.35933806146572,11.19070133963751,68.5865004026106,15.049645390070921,6.108747044917258
AP-BIBHUM07,5.0,-74.0,9.0,2025-04-02,AP-BIBHUM07,5.492981007431874,3.124690338563171,58.66555468948837,,
AP-MED60,2.4,-57.0,9.0,2025-04-02,AP-MED60,4.520882584712372,4.104806934594168,57.76101369730806,,
AP-CIEN10,2.4,-70.0,13.0,2025-04-02,AP-CIEN10,13.35933806146572,11.19070133963751,68.5865004026106,15.049645390070921,6.108747044917258
AP-BIBCIE03,5.0,-61.0,6.0,2025-04-03,AP-BIBCIE03,13.384927066450567,4.512155591572123,58.02007287516654,,
AP-DRET02,5.0,-76.0,9.0,2025-04-02,AP-DRET02,13.303388494877856,12.479905437352246,76.66042954593891,16.016548463356973,2.178092986603625
AP-MED27,5.0,-52.0,9.0,2025-04-02,AP-MED27,7.650118203309693,3.46414499605989,59.22019983417637,,
AP-SAF09,2.4,-59.0,9.0,2025-04-02,AP-SAF09,4.166272655634358,6.334121355397951,69.83521709897906,20.49330181245075,2.326241134751773
AP-LLET13,2.4,-39.0,14.0,2025-04-02,AP-LLET13,3.541431261770245,5.552730696798493,67.02572631105147,15.448210922787194,2.8342749529190208
AP-BIBCIE03,5.0,-69.0,6.0,2025-04-03,AP-BIBCIE03,13.384927066450567,4.512155591572123,58.02007287516654,,
AP-ICTAICP21,2.4,-66.0,9.0,2025-04-02,AP-ICTAICP21,2.016548463356974,2.103230890464933,60.14579735700765,,
AP-EST03,2.4,-53.0,9.0,2025-04-02,AP-EST03,8.933018124507486,3.976359338061466,58.41640315203282,,
AP-VET34,5.0,-77.0,9.0,2025-04-02,AP-VET34,5.8132387706855795,3.8037825059101653,58.01565006575542,,
AP-CIEN100,5.0,-88.0,14.0,2025-04-02,AP-CIEN100,7.092986603624902,6.608353033884949,67.03880603148183,15.049645390070921,2.868400315208826
AP-CIEN14,5.0,-72.0,9.0,2025-04-02,AP-CIEN14,4.774625689519307,10.331757289204099,72.50991557409637,17.23798266351458,2.771473601260835
AP-IBB01,5.0,-66.0,9.0,2025-04-02,AP-IBB01,3.7825059101654848,5.732072498029945,67.75718184957891,15.771473601260835,2.0598896769109536
AP-BIBCIE03,5.0,-65.0,6.0,2025-04-03,AP-BIBCIE03,13.384927066450567,4.512155591572123,58.02007287516654,,
AP-CIEN62,5.0,-71.0,9.0,2025-04-02,AP-CIEN62,4.314420803782506,10.156028368794326,70.50163227925907,20.29787234042553,6.331757289204098
AP-CCOM18,5.0,-84.0,9.0,2025-04-02,AP-CCOM18,7.157545605306799,9.690713101160862,76.0005730486936,15.0,1.6326699834162521
AP-MRB05,5.0,-65.0,9.0,2025-04-02,AP-MRB05,6.804570527974783,5.792750197005516,66.30574631461609,20.62647754137116,2.479905437352246
AP-CIEN14,5.0,-86.0,9.0,2025-04-02,AP-CIEN14,4.774625689519307,10.331757289204099,72.50991557409637,17.23798266351458,2.771473601260835
AP-MRB06,2.4,-70.0,9.0,2025-04-02,AP-MRB06,1.9330181245074862,5.077226162332545,65.61186831566789,18.0,1.4688731284475964
AP-GTIP05,2.4,-58.0,9.0,2025-04-02,AP-GTIP05,3.555724033358605,3.152388172858226,58.31534569449332,,
AP-POL10,5.0,-57.0,9.0,2025-04-02,AP-POL10,3.3325453112687153,3.925925925925926,58.613893051042744,,
AP-EDBLANC25,5.0,-55.0,7.0,2025-04-03,AP-EDBLANC25,2.66446499339498,4.803170409511228,57.93442398525577,,
AP-ETSE13,2.4,-66.0,9.0,2025-04-02,AP-ETSE13,7.055555555555555,3.6464646464646466,57.663506997225426,,
AP-VET77,2.4,-53.0,9.0,2025-04-02,AP-VET77,1.2293144208037825,2.0315208825847124,61.33445800668813,,
AP-REC09,2.4,-69.0,9.0,2025-04-02,AP-REC09,6.240346729708432,2.4814814814814814,57.954879676040456,,
AP-LLET49,5.0,-71.0,15.0,2025-04-02,AP-LLET49,2.5350669818754925,4.969267139479905,66.25891972657651,15.049645390070921,1.5122143420015761
AP-CCOM12,5.0,-68.0,9.0,2025-04-02,AP-CCOM12,3.239558707643814,3.289204097714736,57.180275090159846,,
AP-LLET48,5.0,-55.0,15.0,2025-04-02,AP-LLET48,1.7407407407407407,4.892828999211978,67.24194950033738,15.159180457052797,1.446808510638298
AP-MED58,5.0,-48.0,14.0,2025-04-01,AP-MED58,1.9992119779353823,4.721040189125295,65.65384869667015,17.09613869188337,1.6587864460204886
AP-BIBHUM01,5.0,-51.0,9.0,2025-04-02,AP-BIBHUM01,8.308835672997523,4.284888521882742,57.42465264620139,,
AP-ETSE75,5.0,-79.0,9.0,2025-04-02,AP-ETSE75,7.476753349093775,10.493301812450749,71.96704453523064,17.0,4.5650118203309695
AP-VET76,5.0,-53.0,9.0,2025-04-02,AP-VET76,2.5041322314049586,1.2861570247933884,56.82525168260928,,
AP-MED59,5.0,-61.0,9.0,2025-04-02,AP-MED59,3.896719319562576,5.667071688942892,65.86008671840895,18.0,1.9501822600243013
AP-CCOM41,2.4,-72.0,9.0,2025-04-02,AP-CCOM41,1.5216706067769898,2.9235618597320725,58.352800091649904,,
AP-DRET02,5.0,-84.0,9.0,2025-04-02,AP-DRET02,13.303388494877856,12.479905437352246,76.66042954593891,16.016548463356973,2.178092986603625
AP-MED43,5.0,-50.0,9.0,2025-04-02,AP-MED43,3.045705279747833,21.04728132387707,56.718529154745205,,
AP-MED19,5.0,-63.0,9.0,2025-04-02,AP-MED19,1.5681639085894405,5.9763593380614655,69.56972870483868,15.0,2.1055949566587864
AP-LLET42,5.0,-68.0,15.0,2025-04-02,AP-LLET42,3.3877068557919623,5.63672182821119,66.44622519383651,15.0,1.9330181245074862
AP-MED59,5.0,-68.0,9.0,2025-04-02,AP-MED59,3.896719319562576,5.667071688942892,65.86008671840895,18.0,1.9501822600243013
AP-MED43,5.0,-57.0,9.0,2025-04-02,AP-MED43,3.045705279747833,21.04728132387707,56.718529154745205,,
AP-VH10,2.4,-55.0,9.0,2025-04-02,AP-VH10,4.416342412451362,3.762645914396887,58.60961297085903,,
AP-EDBLANC25,5.0,-53.0,7.0,2025-04-03,AP-EDBLANC25,2.66446499339498,4.803170409511228,57.93442398525577,,
AP-EDBLANC25,5.0,-49.0,7.0,2025-04-03,AP-EDBLANC25,2.66446499339498,4.803170409511228,57.93442398525577,,
AP-DRET02,5.0,-84.0,9.0,2025-04-02,AP-DRET02,13.303388494877856,12.479905437352246,76.66042954593891,16.016548463356973,2.178092986603625
AP-MED12,5.0,-53.0,9.0,2025-04-02,AP-MED12,2.8772782503037666,3.138517618469016,60.420496856304815,,
AP-MED48,5.0,-85.0,9.0,2025-04-02,AP-MED48,2.625,6.798611111111111,72.03447558663751,15.0,1.5416666666666667
AP-MED12,5.0,-59.0,9.0,2025-04-02,AP-MED12,2.8772782503037666,3.138517618469016,60.420496856304815,,
AP-LLET55,5.0,-59.0,8.0,2025-04-03,AP-LLET55,17.171641791044777,12.7106135986733,71.52380172415106,16.028192371475953,11.14179104477612
AP-CIEN103,5.0,-76.0,8.0,2025-04-03,AP-CIEN103,4.0754560530679935,5.752072968490879,66.27342846876435,16.16252072968491,2.459369817578773
AP-LLET55,5.0,-73.0,8.0,2025-04-03,AP-LLET55,17.171641791044777,12.7106135986733,71.52380172415106,16.028192371475953,11.14179104477612
AP-EDBLANC25,5.0,-48.0,7.0,2025-04-03,AP-EDBLANC25,2.66446499339498,4.803170409511228,57.93442398525577,,
AP-CIEN103,2.4,-63.0,8.0,2025-04-03,AP-CIEN103,4.0754560530679935,5.752072968490879,66.27342846876435,16.16252072968491,2.459369817578773
AP-ICTAICP23,2.4,-50.0,9.0,2025-04-02,AP-ICTAICP23,1.2379826635145783,1.574468085106383,58.781480927636665,,
AP-LLET55,5.0,-85.0,8.0,2025-04-03,AP-LLET55,17.171641791044777,12.7106135986733,71.52380172415106,16.028192371475953,11.14179104477612
AP-LLET55,2.4,-49.0,8.0,2025-04-03,AP-LLET55,17.171641791044777,12.7106135986733,71.52380172415106,16.028192371475953,11.14179104477612
AP-LLET55,5.0,-60.0,8.0,2025-04-03,AP-LLET55,17.171641791044777,12.7106135986733,71.52380172415106,16.028192371475953,11.14179104477612
AP-CIEN10,5.0,-73.0,13.0,2025-04-02,AP-CIEN10,13.35933806146572,11.19070133963751,68.5865004026106,15.049645390070921,6.108747044917258
AP-BIBHUM07,5.0,-76.0,9.0,2025-04-02,AP-BIBHUM07,5.492981007431874,3.124690338563171,58.66555468948837,,
AP-MED60,2.4,-57.0,9.0,2025-04-02,AP-MED60,4.520882584712372,4.104806934594168,57.76101369730806,,
AP-LLET55,5.0,-60.0,8.0,2025-04-03,AP-LLET55,17.171641791044777,12.7106135986733,71.52380172415106,16.028192371475953,11.14179104477612
AP-LLET55,5.0,-54.0,8.0,2025-04-03,AP-LLET55,17.171641791044777,12.7106135986733,71.52380172415106,16.028192371475953,11.14179104477612
AP-LLET55,5.0,-65.0,8.0,2025-04-03,AP-LLET55,17.171641791044777,12.7106135986733,71.52380172415106,16.028192371475953,11.14179104477612
AP-CIEN10,2.4,-69.0,13.0,2025-04-02,AP-CIEN10,13.35933806146572,11.19070133963751,68.5865004026106,15.049645390070921,6.108747044917258
AP-BIBCIE03,5.0,-62.0,6.0,2025-04-03,AP-BIBCIE03,13.384927066450567,4.512155591572123,58.02007287516654,,
AP-DRET02,5.0,-76.0,9.0,2025-04-02,AP-DRET02,13.303388494877856,12.479905437352246,76.66042954593891,16.016548463356973,2.178092986603625
AP-LLET55,5.0,-68.0,8.0,2025-04-03,AP-LLET55,17.171641791044777,12.7106135986733,71.52380172415106,16.028192371475953,11.14179104477612
AP-MED27,5.0,-85.0,9.0,2025-04-02,AP-MED27,7.650118203309693,3.46414499605989,59.22019983417637,,
AP-SAF09,2.4,-59.0,9.0,2025-04-02,AP-SAF09,4.166272655634358,6.334121355397951,69.83521709897906,20.49330181245075,2.326241134751773
AP-LLET13,2.4,-37.0,14.0,2025-04-02,AP-LLET13,3.541431261770245,5.552730696798493,67.02572631105147,15.448210922787194,2.8342749529190208
AP-LLET55,5.0,-57.0,8.0,2025-04-03,AP-LLET55,17.171641791044777,12.7106135986733,71.52380172415106,16.028192371475953,11.14179104477612
AP-BIBCIE03,5.0,-68.0,6.0,2025-04-03,AP-BIBCIE03,13.384927066450567,4.512155591572123,58.02007287516654,,
AP-LLET55,5.0,-60.0,8.0,2025-04-03,AP-LLET55,17.171641791044777,12.7106135986733,71.52380172415106,16.028192371475953,11.14179104477612
AP-ICTAICP21,2.4,-67.0,9.0,2025-04-02,AP-ICTAICP21,2.016548463356974,2.103230890464933,60.14579735700765,,
AP-LLET55,5.0,-57.0,8.0,2025-04-03,AP-LLET55,17.171641791044777,12.7106135986733,71.52380172415106,16.028192371475953,11.14179104477612
AP-EST03,2.4,-57.0,9.0,2025-04-02,AP-EST03,8.933018124507486,3.976359338061466,58.41640315203282,,
AP-VET34,5.0,-78.0,9.0,2025-04-02,AP-VET34,5.8132387706855795,3.8037825059101653,58.01565006575542,,
AP-LLET55,5.0,-54.0,8.0,2025-04-03,AP-LLET55,17.171641791044777,12.7106135986733,71.52380172415106,16.028192371475953,11.14179104477612
AP-LLET55,2.4,-87.0,8.0,2025-04-03,AP-LLET55,17.171641791044777,12.7106135986733,71.52380172415106,16.028192371475953,11.14179104477612
AP-LLET55,5.0,-76.0,8.0,2025-04-03,AP-LLET55,17.171641791044777,12.7106135986733,71.52380172415106,16.028192371475953,11.14179104477612
AP-CIEN100,5.0,-88.0,14.0,2025-04-02,AP-CIEN100,7.092986603624902,6.608353033884949,67.03880603148183,15.049645390070921,2.868400315208826
AP-CIEN14,5.0,-73.0,9.0,2025-04-02,AP-CIEN14,4.774625689519307,10.331757289204099,72.50991557409637,17.23798266351458,2.771473601260835
AP-LLET55,5.0,-85.0,8.0,2025-04-03,AP-LLET55,17.171641791044777,12.7106135986733,71.52380172415106,16.028192371475953,11.14179104477612
AP-LLET55,5.0,-65.0,8.0,2025-04-03,AP-LLET55,17.171641791044777,12.7106135986733,71.52380172415106,16.028192371475953,11.14179104477612
AP-IBB01,5.0,-65.0,9.0,2025-04-02,AP-IBB01,3.7825059101654848,5.732072498029945,67.75718184957891,15.771473601260835,2.0598896769109536
AP-BIBCIE03,5.0,-64.0,6.0,2025-04-03,AP-BIBCIE03,13.384927066450567,4.512155591572123,58.02007287516654,,
AP-CIEN62,5.0,-71.0,9.0,2025-04-02,AP-CIEN62,4.314420803782506,10.156028368794326,70.50163227925907,20.29787234042553,6.331757289204098
AP-CCOM18,5.0,-84.0,9.0,2025-04-02,AP-CCOM18,7.157545605306799,9.690713101160862,76.0005730486936,15.0,1.6326699834162521
AP-LLET55,5.0,-80.0,8.0,2025-04-03,AP-LLET55,17.171641791044777,12.7106135986733,71.52380172415106,16.028192371475953,11.14179104477612
AP-CIEN103,2.4,-64.0,8.0,2025-04-03,AP-CIEN103,4.0754560530679935,5.752072968490879,66.27342846876435,16.16252072968491,2.459369817578773
AP-LLET55,5.0,-66.0,8.0,2025-04-03,AP-LLET55,17.171641791044777,12.7106135986733,71.52380172415106,16.028192371475953,11.14179104477612
AP-MRB05,5.0,-65.0,9.0,2025-04-02,AP-MRB05,6.804570527974783,5.792750197005516,66.30574631461609,20.62647754137116,2.479905437352246
AP-CIEN14,5.0,-86.0,9.0,2025-04-02,AP-CIEN14,4.774625689519307,10.331757289204099,72.50991557409637,17.23798266351458,2.771473601260835
AP-MRB06,2.4,-70.0,9.0,2025-04-02,AP-MRB06,1.9330181245074862,5.077226162332545,65.61186831566789,18.0,1.4688731284475964
AP-GTIP05,2.4,-60.0,9.0,2025-04-02,AP-GTIP05,3.555724033358605,3.152388172858226,58.31534569449332,,
AP-LLET55,5.0,-51.0,8.0,2025-04-03,AP-LLET55,17.171641791044777,12.7106135986733,71.52380172415106,16.028192371475953,11.14179104477612
AP-LLET55,5.0,-71.0,8.0,2025-04-03,AP-LLET55,17.171641791044777,12.7106135986733,71.52380172415106,16.028192371475953,11.14179104477612
AP-LLET55,5.0,-77.0,8.0,2025-04-03,AP-LLET55,17.171641791044777,12.7106135986733,71.52380172415106,16.028192371475953,11.14179104477612
AP-POL10,5.0,-57.0,9.0,2025-04-02,AP-POL10,3.3325453112687153,3.925925925925926,58.613893051042744,,
AP-EDBLANC25,5.0,-56.0,7.0,2025-04-03,AP-EDBLANC25,2.66446499339498,4.803170409511228,57.93442398525577,,
AP-LLET55,5.0,-75.0,8.0,2025-04-03,AP-LLET55,17.171641791044777,12.7106135986733,71.52380172415106,16.028192371475953,11.14179104477612
AP-ETSE13,2.4,-66.0,9.0,2025-04-02,AP-ETSE13,7.055555555555555,3.6464646464646466,57.663506997225426,,
AP-VET77,2.4,-53.0,9.0,2025-04-02,AP-VET77,1.2293144208037825,2.0315208825847124,61.33445800668813,,
AP-REC09,2.4,-67.0,9.0,2025-04-02,AP-REC09,6.240346729708432,2.4814814814814814,57.954879676040456,,
AP-LLET49,5.0,-71.0,15.0,2025-04-02,AP-LLET49,2.5350669818754925,4.969267139479905,66.25891972657651,15.049645390070921,1.5122143420015761
AP-LLET55,5.0,-49.0,8.0,2025-04-03,AP-LLET55,17.171641791044777,12.7106135986733,71.52380172415106,16.028192371475953,11.14179104477612
AP-LLET55,5.0,-60.0,8.0,2025-04-03,AP-LLET55,17.171641791044777,12.7106135986733,71.52380172415106,16.028192371475953,11.14179104477612
AP-CCOM12,5.0,-68.0,9.0,2025-04-02,AP-CCOM12,3.239558707643814,3.289204097714736,57.180275090159846,,
AP-LLET48,5.0,-55.0,15.0,2025-04-02,AP-LLET48,1.7407407407407407,4.892828999211978,67.24194950033738,15.159180457052797,1.446808510638298
AP-MED58,5.0,-49.0,14.0,2025-04-01,AP-MED58,1.9992119779353823,4.721040189125295,65.65384869667015,17.09613869188337,1.6587864460204886
AP-LLET55,5.0,-84.0,8.0,2025-04-03,AP-LLET55,17.171641791044777,12.7106135986733,71.52380172415106,16.028192371475953,11.14179104477612
AP-LLET55,5.0,-74.0,8.0,2025-04-03,AP-LLET55,17.171641791044777,12.7106135986733,71.52380172415106,16.028192371475953,11.14179104477612
AP-CIEN103,5.0,-74.0,8.0,2025-04-03,AP-CIEN103,4.0754560530679935,5.752072968490879,66.27342846876435,16.16252072968491,2.459369817578773
AP-BIBHUM01,5.0,-50.0,9.0,2025-04-02,AP-BIBHUM01,8.308835672997523,4.284888521882742,57.42465264620139,,
AP-LLET55,5.0,-59.0,8.0,2025-04-03,AP-LLET55,17.171641791044777,12.7106135986733,71.52380172415106,16.028192371475953,11.14179104477612
AP-LLET55,5.0,-67.0,8.0,2025-04-03,AP-LLET55,17.171641791044777,12.7106135986733,71.52380172415106,16.028192371475953,11.14179104477612
AP-LLET55,5.0,-67.0,8.0,2025-04-03,AP-LLET55,17.171641791044777,12.7106135986733,71.52380172415106,16.028192371475953,11.14179104477612
AP-VET76,5.0,-52.0,9.0,2025-04-02,AP-VET76,2.5041322314049586,1.2861570247933884,56.82525168260928,,
AP-LLET55,5.0,-66.0,8.0,2025-04-03,AP-LLET55,17.171641791044777,12.7106135986733,71.52380172415106,16.028192371475953,11.14179104477612
AP-MED59,5.0,-60.0,9.0,2025-04-02,AP-MED59,3.896719319562576,5.667071688942892,65.86008671840895,18.0,1.9501822600243013
AP-CCOM41,2.4,-71.0,9.0,2025-04-02,AP-CCOM41,1.5216706067769898,2.9235618597320725,58.352800091649904,,
AP-LLET55,5.0,-78.0,8.0,2025-04-03,AP-LLET55,17.171641791044777,12.7106135986733,71.52380172415106,16.028192371475953,11.14179104477612
AP-LLET55,5.0,-61.0,8.0,2025-04-03,AP-LLET55,17.171641791044777,12.7106135986733,71.52380172415106,16.028192371475953,11.14179104477612
AP-LLET55,5.0,-79.0,8.0,2025-04-03,AP-LLET55,17.171641791044777,12.7106135986733,71.52380172415106,16.028192371475953,11.14179104477612
AP-DRET02,5.0,-84.0,9.0,2025-04-02,AP-DRET02,13.303388494877856,12.479905437352246,76.66042954593891,16.016548463356973,2.178092986603625
AP-BIBHUM07,5.0,-76.0,9.0,2025-04-02,AP-BIBHUM07,5.492981007431874,3.124690338563171,58.66555468948837,,
AP-LLET55,2.4,-79.0,8.0,2025-04-03,AP-LLET55,17.171641791044777,12.7106135986733,71.52380172415106,16.028192371475953,11.14179104477612
AP-MED43,5.0,-52.0,9.0,2025-04-02,AP-MED43,3.045705279747833,21.04728132387707,56.718529154745205,,
AP-LLET55,5.0,-64.0,8.0,2025-04-03,AP-LLET55,17.171641791044777,12.7106135986733,71.52380172415106,16.028192371475953,11.14179104477612
AP-LLET55,5.0,-66.0,8.0,2025-04-03,AP-LLET55,17.171641791044777,12.7106135986733,71.52380172415106,16.028192371475953,11.14179104477612
AP-LLET55,2.4,-50.0,8.0,2025-04-03,AP-LLET55,17.171641791044777,12.7106135986733,71.52380172415106,16.028192371475953,11.14179104477612
AP-LLET55,5.0,-65.0,8.0,2025-04-03,AP-LLET55,17.171641791044777,12.7106135986733,71.52380172415106,16.028192371475953,11.14179104477612
AP-LLET55,5.0,-54.0,8.0,2025-04-03,AP-LLET55,17.171641791044777,12.7106135986733,71.52380172415106,16.028192371475953,11.14179104477612
AP-MED19,5.0,-64.0,9.0,2025-04-02,AP-MED19,1.5681639085894405,5.9763593380614655,69.56972870483868,15.0,2.1055949566587864
AP-LLET55,5.0,-83.0,8.0,2025-04-03,AP-LLET55,17.171641791044777,12.7106135986733,71.52380172415106,16.028192371475953,11.14179104477612
AP-LLET42,5.0,-68.0,15.0,2025-04-02,AP-LLET42,3.3877068557919623,5.63672182821119,66.44622519383651,15.0,1.9330181245074862
AP-MED59,5.0,-68.0,9.0,2025-04-02,AP-MED59,3.896719319562576,5.667071688942892,65.86008671840895,18.0,1.9501822600243013
AP-LLET55,5.0,-68.0,8.0,2025-04-03,AP-LLET55,17.171641791044777,12.7106135986733,71.52380172415106,16.028192371475953,11.14179104477612
AP-MED43,5.0,-57.0,9.0,2025-04-02,AP-MED43,3.045705279747833,21.04728132387707,56.718529154745205,,
AP-LLET55,5.0,-56.0,8.0,2025-04-03,AP-LLET55,17.171641791044777,12.7106135986733,71.52380172415106,16.028192371475953,11.14179104477612
AP-LLET55,5.0,-87.0,8.0,2025-04-03,AP-LLET55,17.171641791044777,12.7106135986733,71.52380172415106,16.028192371475953,11.14179104477612
AP-LLET55,5.0,-65.0,8.0,2025-04-03,AP-LLET55,17.171641791044777,12.7106135986733,71.52380172415106,16.028192371475953,11.14179104477612
AP-EDBLANC25,5.0,-56.0,7.0,2025-04-03,AP-EDBLANC25,2.66446499339498,4.803170409511228,57.93442398525577,,
AP-EDBLANC25,5.0,-47.0,7.0,2025-04-03,AP-EDBLANC25,2.66446499339498,4.803170409511228,57.93442398525577,,
AP-DRET02,5.0,-84.0,9.0,2025-04-02,AP-DRET02,13.303388494877856,12.479905437352246,76.66042954593891,16.016548463356973,2.178092986603625
AP-LLET55,5.0,-59.0,8.0,2025-04-03,AP-LLET55,17.171641791044777,12.7106135986733,71.52380172415106,16.028192371475953,11.14179104477612
AP-MED12,5.0,-52.0,9.0,2025-04-02,AP-MED12,2.8772782503037666,3.138517618469016,60.420496856304815,,
AP-LLET55,5.0,-76.0,8.0,2025-04-03,AP-LLET55,17.171641791044777,12.7106135986733,71.52380172415106,16.028192371475953,11.14179104477612
AP-LLET55,5.0,-52.0,8.0,2025-04-03,AP-LLET55,17.171641791044777,12.7106135986733,71.52380172415106,16.028192371475953,11.14179104477612
AP-MED48,5.0,-85.0,9.0,2025-04-02,AP-MED48,2.625,6.798611111111111,72.03447558663751,15.0,1.5416666666666667
AP-MED12,5.0,-53.0,9.0,2025-04-02,AP-MED12,2.8772782503037666,3.138517618469016,60.420496856304815,,
AP-LLET55,5.0,-86.0,8.0,2025-04-03,AP-LLET55,17.171641791044777,12.7106135986733,71.52380172415106,16.028192371475953,11.14179104477612
AP-LLET55,5.0,-53.0,8.0,2025-04-03,AP-LLET55,17.171641791044777,12.7106135986733,71.52380172415106,16.028192371475953,11.14179104477612
AP-LLET55,5.0,-63.0,8.0,2025-04-03,AP-LLET55,17.171641791044777,12.7106135986733,71.52380172415106,16.028192371475953,11.14179104477612
AP-LLET55,5.0,-64.0,8.0,2025-04-03,AP-LLET55,17.171641791044777,12.7106135986733,71.52380172415106,16.028192371475953,11.14179104477612
AP-LLET55,5.0,-52.0,8.0,2025-04-03,AP-LLET55,17.171641791044777,12.7106135986733,71.52380172415106,16.028192371475953,11.14179104477612
AP-LLET55,5.0,-62.0,8.0,2025-04-03,AP-LLET55,17.171641791044777,12.7106135986733,71.52380172415106,16.028192371475953,11.14179104477612
AP-LLET55,5.0,-70.0,8.0,2025-04-03,AP-LLET55,17.171641791044777,12.7106135986733,71.52380172415106,16.028192371475953,11.14179104477612
AP-LLET55,5.0,-64.0,8.0,2025-04-03,AP-LLET55,17.171641791044777,12.7106135986733,71.52380172415106,16.028192371475953,11.14179104477612
AP-LLET55,5.0,-64.0,8.0,2025-04-03,AP-LLET55,17.171641791044777,12.7106135986733,71.52380172415106,16.028192371475953,11.14179104477612
AP-LLET55,5.0,-58.0,8.0,2025-04-03,AP-LLET55,17.171641791044777,12.7106135986733,71.52380172415106,16.028192371475953,11.14179104477612
AP-ICTAICP23,2.4,-51.0,9.0,2025-04-02,AP-ICTAICP23,1.2379826635145783,1.574468085106383,58.781480927636665,,
AP-LLET55,5.0,-87.0,8.0,2025-04-03,AP-LLET55,17.171641791044777,12.7106135986733,71.52380172415106,16.028192371475953,11.14179104477612
AP-LLET55,5.0,-85.0,8.0,2025-04-03,AP-LLET55,17.171641791044777,12.7106135986733,71.52380172415106,16.028192371475953,11.14179104477612
AP-LLET55,5.0,-55.0,8.0,2025-04-03,AP-LLET55,17.171641791044777,12.7106135986733,71.52380172415106,16.028192371475953,11.14179104477612
AP-CIEN10,5.0,-71.0,13.0,2025-04-02,AP-CIEN10,13.35933806146572,11.19070133963751,68.5865004026106,15.049645390070921,6.108747044917258
AP-BIBHUM07,5.0,-76.0,9.0,2025-04-02,AP-BIBHUM07,5.492981007431874,3.124690338563171,58.66555468948837,,
AP-MED60,2.4,-59.0,9.0,2025-04-02,AP-MED60,4.520882584712372,4.104806934594168,57.76101369730806,,
AP-LLET55,5.0,-67.0,8.0,2025-04-03,AP-LLET55,17.171641791044777,12.7106135986733,71.52380172415106,16.028192371475953,11.14179104477612
AP-LLET55,5.0,-69.0,8.0,2025-04-03,AP-LLET55,17.171641791044777,12.7106135986733,71.52380172415106,16.028192371475953,11.14179104477612
AP-LLET55,5.0,-64.0,8.0,2025-04-03,AP-LLET55,17.171641791044777,12.7106135986733,71.52380172415106,16.028192371475953,11.14179104477612
AP-LLET55,5.0,-62.0,8.0,2025-04-03,AP-LLET55,17.171641791044777,12.7106135986733,71.52380172415106,16.028192371475953,11.14179104477612
AP-CIEN10,2.4,-69.0,13.0,2025-04-02,AP-CIEN10,13.35933806146572,11.19070133963751,68.5865004026106,15.049645390070921,6.108747044917258
AP-BIBCIE03,5.0,-64.0,6.0,2025-04-03,AP-BIBCIE03,13.384927066450567,4.512155591572123,58.02007287516654,,
AP-DRET02,5.0,-76.0,9.0,2025-04-02,AP-DRET02,13.303388494877856,12.479905437352246,76.66042954593891,16.016548463356973,2.178092986603625
AP-LLET55,5.0,-58.0,8.0,2025-04-03,AP-LLET55,17.171641791044777,12.7106135986733,71.52380172415106,16.028192371475953,11.14179104477612
AP-MED27,5.0,-85.0,9.0,2025-04-02,AP-MED27,7.650118203309693,3.46414499605989,59.22019983417637,,
AP-SAF09,2.4,-60.0,9.0,2025-04-02,AP-SAF09,4.166272655634358,6.334121355397951,69.83521709897906,20.49330181245075,2.326241134751773
AP-LLET13,2.4,-36.0,14.0,2025-04-02,AP-LLET13,3.541431261770245,5.552730696798493,67.02572631105147,15.448210922787194,2.8342749529190208
AP-LLET55,5.0,-54.0,8.0,2025-04-03,AP-LLET55,17.171641791044777,12.7106135986733,71.52380172415106,16.028192371475953,11.14179104477612
AP-BIBCIE03,5.0,-68.0,6.0,2025-04-03,AP-BIBCIE03,13.384927066450567,4.512155591572123,58.02007287516654,,
AP-LLET55,5.0,-61.0,8.0,2025-04-03,AP-LLET55,17.171641791044777,12.7106135986733,71.52380172415106,16.028192371475953,11.14179104477612
AP-CIEN103,5.0,-81.0,8.0,2025-04-03,AP-CIEN103,4.0754560530679935,5.752072968490879,66.27342846876435,16.16252072968491,2.459369817578773
AP-ICTAICP21,2.4,-67.0,9.0,2025-04-02,AP-ICTAICP21,2.016548463356974,2.103230890464933,60.14579735700765,,
AP-EST03,2.4,-56.0,9.0,2025-04-02,AP-EST03,8.933018124507486,3.976359338061466,58.41640315203282,,
AP-VET34,5.0,-81.0,9.0,2025-04-02,AP-VET34,5.8132387706855795,3.8037825059101653,58.01565006575542,,
AP-LLET55,5.0,-57.0,8.0,2025-04-03,AP-LLET55,17.171641791044777,12.7106135986733,71.52380172415106,16.028192371475953,11.14179104477612
AP-LLET55,5.0,-67.0,8.0,2025-04-03,AP-LLET55,17.171641791044777,12.7106135986733,71.52380172415106,16.028192371475953,11.14179104477612
AP-CIEN100,5.0,-88.0,14.0,2025-04-02,AP-CIEN100,7.092986603624902,6.608353033884949,67.03880603148183,15.049645390070921,2.868400315208826
AP-CIEN14,5.0,-73.0,9.0,2025-04-02,AP-CIEN14,4.774625689519307,10.331757289204099,72.50991557409637,17.23798266351458,2.771473601260835
AP-LLET55,5.0,-70.0,8.0,2025-04-03,AP-LLET55,17.171641791044777,12.7106135986733,71.52380172415106,16.028192371475953,11.14179104477612
AP-IBB01,5.0,-65.0,9.0,2025-04-02,AP-IBB01,3.7825059101654848,5.732072498029945,67.75718184957891,15.771473601260835,2.0598896769109536
AP-CIEN103,5.0,-89.0,8.0,2025-04-03,AP-CIEN103,4.0754560530679935,5.752072968490879,66.27342846876435,16.16252072968491,2.459369817578773
AP-LLET55,5.0,-64.0,8.0,2025-04-03,AP-LLET55,17.171641791044777,12.7106135986733,71.52380172415106,16.028192371475953,11.14179104477612
AP-LLET55,5.0,-56.0,8.0,2025-04-03,AP-LLET55,17.171641791044777,12.7106135986733,71.52380172415106,16.028192371475953,11.14179104477612
AP-BIBCIE03,5.0,-66.0,6.0,2025-04-03,AP-BIBCIE03,13.384927066450567,4.512155591572123,58.02007287516654,,
AP-LLET55,2.4,-51.0,8.0,2025-04-03,AP-LLET55,17.171641791044777,12.7106135986733,71.52380172415106,16.028192371475953,11.14179104477612
AP-LLET55,5.0,-49.0,8.0,2025-04-03,AP-LLET55,17.171641791044777,12.7106135986733,71.52380172415106,16.028192371475953,11.14179104477612
AP-LLET55,5.0,-55.0,8.0,2025-04-03,AP-LLET55,17.171641791044777,12.7106135986733,71.52380172415106,16.028192371475953,11.14179104477612
AP-CIEN62,5.0,-71.0,9.0,2025-04-02,AP-CIEN62,4.314420803782506,10.156028368794326,70.50163227925907,20.29787234042553,6.331757289204098
AP-CCOM18,5.0,-84.0,9.0,2025-04-02,AP-CCOM18,7.157545605306799,9.690713101160862,76.0005730486936,15.0,1.6326699834162521
AP-LLET55,5.0,-53.0,8.0,2025-04-03,AP-LLET55,17.171641791044777,12.7106135986733,71.52380172415106,16.028192371475953,11.14179104477612
AP-LLET55,5.0,-67.0,8.0,2025-04-03,AP-LLET55,17.171641791044777,12.7106135986733,71.52380172415106,16.028192371475953,11.14179104477612
AP-LLET55,5.0,-59.0,8.0,2025-04-03,AP-LLET55,17.171641791044777,12.7106135986733,71.52380172415106,16.028192371475953,11.14179104477612
AP-LLET55,5.0,-63.0,8.0,2025-04-03,AP-LLET55,17.171641791044777,12.7106135986733,71.52380172415106,16.028192371475953,11.14179104477612
AP-LLET55,5.0,-51.0,8.0,2025-04-03,AP-LLET55,17.171641791044777,12.7106135986733,71.52380172415106,16.028192371475953,11.14179104477612
AP-LLET55,5.0,-64.0,8.0,2025-04-03,AP-LLET55,17.171641791044777,12.7106135986733,71.52380172415106,16.028192371475953,11.14179104477612
AP-MRB05,5.0,-64.0,9.0,2025-04-02,AP-MRB05,6.804570527974783,5.792750197005516,66.30574631461609,20.62647754137116,2.479905437352246
AP-CIEN14,5.0,-86.0,9.0,2025-04-02,AP-CIEN14,4.774625689519307,10.331757289204099,72.50991557409637,17.23798266351458,2.771473601260835
AP-LLET55,5.0,-65.0,8.0,2025-04-03,AP-LLET55,17.171641791044777,12.7106135986733,71.52380172415106,16.028192371475953,11.14179104477612
AP-MRB06,2.4,-70.0,9.0,2025-04-02,AP-MRB06,1.9330181245074862,5.077226162332545,65.61186831566789,18.0,1.4688731284475964
AP-LLET55,5.0,-64.0,8.0,2025-04-03,AP-LLET55,17.171641791044777,12.7106135986733,71.52380172415106,16.028192371475953,11.14179104477612
AP-LLET55,5.0,-50.0,8.0,2025-04-03,AP-LLET55,17.171641791044777,12.7106135986733,71.52380172415106,16.028192371475953,11.14179104477612
AP-LLET55,5.0,-70.0,8.0,2025-04-03,AP-LLET55,17.171641791044777,12.7106135986733,71.52380172415106,16.028192371475953,11.14179104477612
AP-LLET55,5.0,-47.0,8.0,2025-04-03,AP-LLET55,17.171641791044777,12.7106135986733,71.52380172415106,16.028192371475953,11.14179104477612
AP-LLET55,5.0,-43.0,8.0,2025-04-03,AP-LLET55,17.171641791044777,12.7106135986733,71.52380172415106,16.028192371475953,11.14179104477612
AP-LLET55,5.0,-76.0,8.0,2025-04-03,AP-LLET55,17.171641791044777,12.7106135986733,71.52380172415106,16.028192371475953,11.14179104477612
AP-LLET55,5.0,-67.0,8.0,2025-04-03,AP-LLET55,17.171641791044777,12.7106135986733,71.52380172415106,16.028192371475953,11.14179104477612
AP-LLET55,5.0,-62.0,8.0,2025-04-03,AP-LLET55,17.171641791044777,12.7106135986733,71.52380172415106,16.028192371475953,11.14179104477612
AP-LLET55,5.0,-84.0,8.0,2025-04-03,AP-LLET55,17.171641791044777,12.7106135986733,71.52380172415106,16.028192371475953,11.14179104477612
AP-LLET55,5.0,-62.0,8.0,2025-04-03,AP-LLET55,17.171641791044777,12.7106135986733,71.52380172415106,16.028192371475953,11.14179104477612
AP-CIEN103,5.0,-80.0,8.0,2025-04-03,AP-CIEN103,4.0754560530679935,5.752072968490879,66.27342846876435,16.16252072968491,2.459369817578773
AP-POL10,5.0,-57.0,9.0,2025-04-02,AP-POL10,3.3325453112687153,3.925925925925926,58.613893051042744,,
AP-ETSE13,2.4,-65.0,9.0,2025-04-02,AP-ETSE13,7.055555555555555,3.6464646464646466,57.663506997225426,,
AP-VET77,2.4,-53.0,9.0,2025-04-02,AP-VET77,1.2293144208037825,2.0315208825847124,61.33445800668813,,
AP-REC09,2.4,-68.0,9.0,2025-04-02,AP-REC09,6.240346729708432,2.4814814814814814,57.954879676040456,,
AP-LLET49,5.0,-71.0,15.0,2025-04-02,AP-LLET49,2.5350669818754925,4.969267139479905,66.25891972657651,15.049645390070921,1.5122143420015761
AP-LLET55,5.0,-45.0,8.0,2025-04-03,AP-LLET55,17.171641791044777,12.7106135986733,71.52380172415106,16.028192371475953,11.14179104477612
AP-LLET55,5.0,-60.0,8.0,2025-04-03,AP-LLET55,17.171641791044777,12.7106135986733,71.52380172415106,16.028192371475953,11.14179104477612
AP-CCOM12,5.0,-69.0,9.0,2025-04-02,AP-CCOM12,3.239558707643814,3.289204097714736,57.180275090159846,,
AP-LLET48,5.0,-56.0,15.0,2025-04-02,AP-LLET48,1.7407407407407407,4.892828999211978,67.24194950033738,15.159180457052797,1.446808510638298
AP-MED58,5.0,-48.0,14.0,2025-04-01,AP-MED58,1.9992119779353823,4.721040189125295,65.65384869667015,17.09613869188337,1.6587864460204886
AP-BIBHUM01,5.0,-50.0,9.0,2025-04-02,AP-BIBHUM01,8.308835672997523,4.284888521882742,57.42465264620139,,
AP-LLET55,5.0,-55.0,8.0,2025-04-03,AP-LLET55,17.171641791044777,12.7106135986733,71.52380172415106,16.028192371475953,11.14179104477612
AP-LLET55,5.0,-71.0,8.0,2025-04-03,AP-LLET55,17.171641791044777,12.7106135986733,71.52380172415106,16.028192371475953,11.14179104477612
AP-ETSE75,5.0,-85.0,9.0,2025-04-02,AP-ETSE75,7.476753349093775,10.493301812450749,71.96704453523064,17.0,4.5650118203309695
AP-CIEN103,5.0,-88.0,8.0,2025-04-03,AP-CIEN103,4.0754560530679935,5.752072968490879,66.27342846876435,16.16252072968491,2.459369817578773
AP-LLET55,5.0,-74.0,8.0,2025-04-03,AP-LLET55,17.171641791044777,12.7106135986733,71.52380172415106,16.028192371475953,11.14179104477612
AP-VET76,5.0,-52.0,9.0,2025-04-02,AP-VET76,2.5041322314049586,1.2861570247933884,56.82525168260928,,
AP-LLET55,5.0,-65.0,8.0,2025-04-03,AP-LLET55,17.171641791044777,12.7106135986733,71.52380172415106,16.028192371475953,11.14179104477612
AP-MED59,5.0,-60.0,9.0,2025-04-02,AP-MED59,3.896719319562576,5.667071688942892,65.86008671840895,18.0,1.9501822600243013
AP-LLET55,5.0,-66.0,8.0,2025-04-03,AP-LLET55,17.171641791044777,12.7106135986733,71.52380172415106,16.028192371475953,11.14179104477612
AP-CCOM41,2.4,-72.0,9.0,2025-04-02,AP-CCOM41,1.5216706067769898,2.9235618597320725,58.352800091649904,,
AP-LLET55,5.0,-53.0,8.0,2025-04-03,AP-LLET55,17.171641791044777,12.7106135986733,71.52380172415106,16.028192371475953,11.14179104477612
AP-LLET55,5.0,-73.0,8.0,2025-04-03,AP-LLET55,17.171641791044777,12.7106135986733,71.52380172415106,16.028192371475953,11.14179104477612
AP-LLET55,5.0,-85.0,8.0,2025-04-03,AP-LLET55,17.171641791044777,12.7106135986733,71.52380172415106,16.028192371475953,11.14179104477612
AP-LLET55,5.0,-59.0,8.0,2025-04-03,AP-LLET55,17.171641791044777,12.7106135986733,71.52380172415106,16.028192371475953,11.14179104477612
AP-DRET02,5.0,-84.0,9.0,2025-04-02,AP-DRET02,13.303388494877856,12.479905437352246,76.66042954593891,16.016548463356973,2.178092986603625
AP-LLET55,5.0,-69.0,8.0,2025-04-03,AP-LLET55,17.171641791044777,12.7106135986733,71.52380172415106,16.028192371475953,11.14179104477612
AP-LLET55,5.0,-56.0,8.0,2025-04-03,AP-LLET55,17.171641791044777,12.7106135986733,71.52380172415106,16.028192371475953,11.14179104477612
AP-MED43,5.0,-51.0,9.0,2025-04-02,AP-MED43,3.045705279747833,21.04728132387707,56.718529154745205,,
AP-LLET55,5.0,-47.0,8.0,2025-04-03,AP-LLET55,17.171641791044777,12.7106135986733,71.52380172415106,16.028192371475953,11.14179104477612
AP-LLET55,5.0,-64.0,8.0,2025-04-03,AP-LLET55,17.171641791044777,12.7106135986733,71.52380172415106,16.028192371475953,11.14179104477612
AP-LLET55,5.0,-53.0,8.0,2025-04-03,AP-LLET55,17.171641791044777,12.7106135986733,71.52380172415106,16.028192371475953,11.14179104477612
AP-MED19,5.0,-63.0,9.0,2025-04-02,AP-MED19,1.5681639085894405,5.9763593380614655,69.56972870483868,15.0,2.1055949566587864
AP-LLET55,5.0,-88.0,8.0,2025-04-03,AP-LLET55,17.171641791044777,12.7106135986733,71.52380172415106,16.028192371475953,11.14179104477612
AP-MED59,5.0,-68.0,9.0,2025-04-02,AP-MED59,3.896719319562576,5.667071688942892,65.86008671840895,18.0,1.9501822600243013
AP-LLET55,5.0,-60.0,8.0,2025-04-03,AP-LLET55,17.171641791044777,12.7106135986733,71.52380172415106,16.028192371475953,11.14179104477612
AP-LLET55,5.0,-54.0,8.0,2025-04-03,AP-LLET55,17.171641791044777,12.7106135986733,71.52380172415106,16.028192371475953,11.14179104477612
AP-MED43,5.0,-46.0,9.0,2025-04-02,AP-MED43,3.045705279747833,21.04728132387707,56.718529154745205,,
AP-LLET55,5.0,-66.0,8.0,2025-04-03,AP-LLET55,17.171641791044777,12.7106135986733,71.52380172415106,16.028192371475953,11.14179104477612
AP-LLET55,5.0,-57.0,8.0,2025-04-03,AP-LLET55,17.171641791044777,12.7106135986733,71.52380172415106,16.028192371475953,11.14179104477612
AP-DRET02,5.0,-84.0,9.0,2025-04-02,AP-DRET02,13.303388494877856,12.479905437352246,76.66042954593891,16.016548463356973,2.178092986603625
AP-LLET55,5.0,-58.0,8.0,2025-04-03,AP-LLET55,17.171641791044777,12.7106135986733,71.52380172415106,16.028192371475953,11.14179104477612
AP-MED12,5.0,-52.0,9.0,2025-04-02,AP-MED12,2.8772782503037666,3.138517618469016,60.420496856304815,,
AP-LLET55,5.0,-87.0,8.0,2025-04-03,AP-LLET55,17.171641791044777,12.7106135986733,71.52380172415106,16.028192371475953,11.14179104477612
AP-MED48,5.0,-85.0,9.0,2025-04-02,AP-MED48,2.625,6.798611111111111,72.03447558663751,15.0,1.5416666666666667
AP-MED12,5.0,-52.0,9.0,2025-04-02,AP-MED12,2.8772782503037666,3.138517618469016,60.420496856304815,,
AP-LLET55,5.0,-46.0,8.0,2025-04-03,AP-LLET55,17.171641791044777,12.7106135986733,71.52380172415106,16.028192371475953,11.14179104477612
AP-LLET55,5.0,-49.0,8.0,2025-04-03,AP-LLET55,17.171641791044777,12.7106135986733,71.52380172415106,16.028192371475953,11.14179104477612
AP-LLET55,5.0,-85.0,8.0,2025-04-03,AP-LLET55,17.171641791044777,12.7106135986733,71.52380172415106,16.028192371475953,11.14179104477612
AP-BIBCIE03,5.0,-65.0,6.0,2025-04-03,AP-BIBCIE03,13.384927066450567,4.512155591572123,58.02007287516654,,
AP-LLET55,5.0,-64.0,8.0,2025-04-03,AP-LLET55,17.171641791044777,12.7106135986733,71.52380172415106,16.028192371475953,11.14179104477612
AP-LLET55,5.0,-56.0,8.0,2025-04-03,AP-LLET55,17.171641791044777,12.7106135986733,71.52380172415106,16.028192371475953,11.14179104477612
AP-LLET55,5.0,-62.0,8.0,2025-04-03,AP-LLET55,17.171641791044777,12.7106135986733,71.52380172415106,16.028192371475953,11.14179104477612
AP-LLET55,5.0,-67.0,8.0,2025-04-03,AP-LLET55,17.171641791044777,12.7106135986733,71.52380172415106,16.028192371475953,11.14179104477612
AP-LLET55,5.0,-66.0,8.0,2025-04-03,AP-LLET55,17.171641791044777,12.7106135986733,71.52380172415106,16.028192371475953,11.14179104477612
AP-LLET55,5.0,-58.0,8.0,2025-04-03,AP-LLET55,17.171641791044777,12.7106135986733,71.52380172415106,16.028192371475953,11.14179104477612
AP-LLET55,5.0,-66.0,8.0,2025-04-03,AP-LLET55,17.171641791044777,12.7106135986733,71.52380172415106,16.028192371475953,11.14179104477612
AP-ICTAICP23,2.4,-50.0,9.0,2025-04-02,AP-ICTAICP23,1.2379826635145783,1.574468085106383,58.781480927636665,,
AP-CIEN10,2.4,-75.0,13.0,2025-04-02,AP-CIEN10,13.35933806146572,11.19070133963751,68.5865004026106,15.049645390070921,6.108747044917258
AP-BIBHUM07,5.0,-77.0,9.0,2025-04-02,AP-BIBHUM07,5.492981007431874,3.124690338563171,58.66555468948837,,
AP-MED60,2.4,-58.0,9.0,2025-04-02,AP-MED60,4.520882584712372,4.104806934594168,57.76101369730806,,
AP-LLET55,5.0,-68.0,8.0,2025-04-03,AP-LLET55,17.171641791044777,12.7106135986733,71.52380172415106,16.028192371475953,11.14179104477612
AP-LLET55,5.0,-65.0,8.0,2025-04-03,AP-LLET55,17.171641791044777,12.7106135986733,71.52380172415106,16.028192371475953,11.14179104477612
AP-LLET55,5.0,-56.0,8.0,2025-04-03,AP-LLET55,17.171641791044777,12.7106135986733,71.52380172415106,16.028192371475953,11.14179104477612
AP-CIEN10,2.4,-71.0,13.0,2025-04-02,AP-CIEN10,13.35933806146572,11.19070133963751,68.5865004026106,15.049645390070921,6.108747044917258
AP-BIBCIE03,5.0,-64.0,6.0,2025-04-03,AP-BIBCIE03,13.384927066450567,4.512155591572123,58.02007287516654,,
AP-DRET02,5.0,-76.0,9.0,2025-04-02,AP-DRET02,13.303388494877856,12.479905437352246,76.66042954593891,16.016548463356973,2.178092986603625
AP-MED27,5.0,-85.0,9.0,2025-04-02,AP-MED27,7.650118203309693,3.46414499605989,59.22019983417637,,
AP-SAF09,2.4,-59.0,9.0,2025-04-02,AP-SAF09,4.166272655634358,6.334121355397951,69.83521709897906,20.49330181245075,2.326241134751773
AP-LLET13,2.4,-37.0,14.0,2025-04-02,AP-LLET13,3.541431261770245,5.552730696798493,67.02572631105147,15.448210922787194,2.8342749529190208
AP-BIBCIE03,5.0,-68.0,6.0,2025-04-03,AP-BIBCIE03,13.384927066450567,4.512155591572123,58.02007287516654,,
AP-LLET55,5.0,-65.0,8.0,2025-04-03,AP-LLET55,17.171641791044777,12.7106135986733,71.52380172415106,16.028192371475953,11.14179104477612
AP-ICTAICP21,2.4,-67.0,9.0,2025-04-02,AP-ICTAICP21,2.016548463356974,2.103230890464933,60.14579735700765,,
AP-EST03,2.4,-57.0,9.0,2025-04-02,AP-EST03,8.933018124507486,3.976359338061466,58.41640315203282,,
AP-VET34,5.0,-76.0,9.0,2025-04-02,AP-VET34,5.8132387706855795,3.8037825059101653,58.01565006575542,,
AP-LLET55,5.0,-55.0,8.0,2025-04-03,AP-LLET55,17.171641791044777,12.7106135986733,71.52380172415106,16.028192371475953,11.14179104477612
AP-CIEN100,5.0,-88.0,14.0,2025-04-02,AP-CIEN100,7.092986603624902,6.608353033884949,67.03880603148183,15.049645390070921,2.868400315208826
AP-CIEN14,5.0,-73.0,9.0,2025-04-02,AP-CIEN14,4.774625689519307,10.331757289204099,72.50991557409637,17.23798266351458,2.771473601260835
AP-LLET55,5.0,-70.0,8.0,2025-04-03,AP-LLET55,17.171641791044777,12.7106135986733,71.52380172415106,16.028192371475953,11.14179104477612
AP-BIBCIE03,5.0,-64.0,6.0,2025-04-03,AP-BIBCIE03,13.384927066450567,4.512155591572123,58.02007287516654,,
AP-IBB01,5.0,-65.0,9.0,2025-04-02,AP-IBB01,3.7825059101654848,5.732072498029945,67.75718184957891,15.771473601260835,2.0598896769109536
AP-LLET55,5.0,-62.0,8.0,2025-04-03,AP-LLET55,17.171641791044777,12.7106135986733,71.52380172415106,16.028192371475953,11.14179104477612
AP-LLET55,5.0,-60.0,8.0,2025-04-03,AP-LLET55,17.171641791044777,12.7106135986733,71.52380172415106,16.028192371475953,11.14179104477612
AP-BIBCIE03,5.0,-70.0,6.0,2025-04-03,AP-BIBCIE03,13.384927066450567,4.512155591572123,58.02007287516654,,
AP-EDBLANC25,5.0,-74.0,7.0,2025-04-03,AP-EDBLANC25,2.66446499339498,4.803170409511228,57.93442398525577,,
AP-BIBCIE03,5.0,-66.0,6.0,2025-04-03,AP-BIBCIE03,13.384927066450567,4.512155591572123,58.02007287516654,,
AP-LLET55,2.4,-54.0,8.0,2025-04-03,AP-LLET55,17.171641791044777,12.7106135986733,71.52380172415106,16.028192371475953,11.14179104477612
AP-LLET55,5.0,-50.0,8.0,2025-04-03,AP-LLET55,17.171641791044777,12.7106135986733,71.52380172415106,16.028192371475953,11.14179104477612
AP-LLET55,5.0,-50.0,8.0,2025-04-03,AP-LLET55,17.171641791044777,12.7106135986733,71.52380172415106,16.028192371475953,11.14179104477612
AP-CIEN62,5.0,-71.0,9.0,2025-04-02,AP-CIEN62,4.314420803782506,10.156028368794326,70.50163227925907,20.29787234042553,6.331757289204098
AP-CCOM18,5.0,-84.0,9.0,2025-04-02,AP-CCOM18,7.157545605306799,9.690713101160862,76.0005730486936,15.0,1.6326699834162521
AP-LLET55,5.0,-54.0,8.0,2025-04-03,AP-LLET55,17.171641791044777,12.7106135986733,71.52380172415106,16.028192371475953,11.14179104477612
AP-LLET55,5.0,-65.0,8.0,2025-04-03,AP-LLET55,17.171641791044777,12.7106135986733,71.52380172415106,16.028192371475953,11.14179104477612
AP-MRB05,5.0,-65.0,9.0,2025-04-02,AP-MRB05,6.804570527974783,5.792750197005516,66.30574631461609,20.62647754137116,2.479905437352246
AP-CIEN14,5.0,-86.0,9.0,2025-04-02,AP-CIEN14,4.774625689519307,10.331757289204099,72.50991557409637,17.23798266351458,2.771473601260835
AP-MRB06,2.4,-72.0,9.0,2025-04-02,AP-MRB06,1.9330181245074862,5.077226162332545,65.61186831566789,18.0,1.4688731284475964
AP-LLET55,5.0,-55.0,8.0,2025-04-03,AP-LLET55,17.171641791044777,12.7106135986733,71.52380172415106,16.028192371475953,11.14179104477612
AP-LLET55,5.0,-67.0,8.0,2025-04-03,AP-LLET55,17.171641791044777,12.7106135986733,71.52380172415106,16.028192371475953,11.14179104477612
AP-LLET55,5.0,-45.0,8.0,2025-04-03,AP-LLET55,17.171641791044777,12.7106135986733,71.52380172415106,16.028192371475953,11.14179104477612
AP-LLET55,5.0,-45.0,8.0,2025-04-03,AP-LLET55,17.171641791044777,12.7106135986733,71.52380172415106,16.028192371475953,11.14179104477612
AP-LLET55,5.0,-76.0,8.0,2025-04-03,AP-LLET55,17.171641791044777,12.7106135986733,71.52380172415106,16.028192371475953,11.14179104477612
AP-LLET55,5.0,-58.0,8.0,2025-04-03,AP-LLET55,17.171641791044777,12.7106135986733,71.52380172415106,16.028192371475953,11.14179104477612
AP-BIBCIE01,5.0,-68.0,9.0,2025-04-03,AP-BIBCIE01,29.57274247491639,5.270903010033445,56.83050626497597,,
AP-POL10,5.0,-57.0,9.0,2025-04-02,AP-POL10,3.3325453112687153,3.925925925925926,58.613893051042744,,
d0:d3:e0:cd:13:a0,2.4,-75.0,9.0,2025-04-03,d0:d3:e0:cd:13:a0,2.5,3.5,50.933406214863055,18.0,17.0
AP-ETSE13,2.4,-69.0,9.0,2025-04-02,AP-ETSE13,7.055555555555555,3.6464646464646466,57.663506997225426,,
AP-VET77,2.4,-53.0,9.0,2025-04-02,AP-VET77,1.2293144208037825,2.0315208825847124,61.33445800668813,,
AP-REC09,2.4,-67.0,9.0,2025-04-02,AP-REC09,6.240346729708432,2.4814814814814814,57.954879676040456,,
AP-LLET49,5.0,-71.0,15.0,2025-04-02,AP-LLET49,2.5350669818754925,4.969267139479905,66.25891972657651,15.049645390070921,1.5122143420015761
AP-LLET55,5.0,-44.0,8.0,2025-04-03,AP-LLET55,17.171641791044777,12.7106135986733,71.52380172415106,16.028192371475953,11.14179104477612
AP-CCOM12,5.0,-71.0,9.0,2025-04-02,AP-CCOM12,3.239558707643814,3.289204097714736,57.180275090159846,,
AP-LLET48,5.0,-55.0,15.0,2025-04-02,AP-LLET48,1.7407407407407407,4.892828999211978,67.24194950033738,15.159180457052797,1.446808510638298
AP-MED58,5.0,-48.0,14.0,2025-04-01,AP-MED58,1.9992119779353823,4.721040189125295,65.65384869667015,17.09613869188337,1.6587864460204886
AP-LLET55,5.0,-56.0,8.0,2025-04-03,AP-LLET55,17.171641791044777,12.7106135986733,71.52380172415106,16.028192371475953,11.14179104477612
AP-BIBHUM01,5.0,-46.0,9.0,2025-04-02,AP-BIBHUM01,8.308835672997523,4.284888521882742,57.42465264620139,,
AP-LLET55,5.0,-61.0,8.0,2025-04-03,AP-LLET55,17.171641791044777,12.7106135986733,71.52380172415106,16.028192371475953,11.14179104477612
AP-LLET55,5.0,-75.0,8.0,2025-04-03,AP-LLET55,17.171641791044777,12.7106135986733,71.52380172415106,16.028192371475953,11.14179104477612
AP-ETSE75,5.0,-79.0,9.0,2025-04-02,AP-ETSE75,7.476753349093775,10.493301812450749,71.96704453523064,17.0,4.5650118203309695
d0:d3:e0:cd:13:a0,5.0,-52.0,9.0,2025-04-03,d0:d3:e0:cd:13:a0,2.5,3.5,50.933406214863055,18.0,17.0
AP-VET76,5.0,-52.0,9.0,2025-04-02,AP-VET76,2.5041322314049586,1.2861570247933884,56.82525168260928,,
AP-LLET55,5.0,-63.0,8.0,2025-04-03,AP-LLET55,17.171641791044777,12.7106135986733,71.52380172415106,16.028192371475953,11.14179104477612
AP-LLET55,5.0,-65.0,8.0,2025-04-03,AP-LLET55,17.171641791044777,12.7106135986733,71.52380172415106,16.028192371475953,11.14179104477612
AP-MED59,5.0,-60.0,9.0,2025-04-02,AP-MED59,3.896719319562576,5.667071688942892,65.86008671840895,18.0,1.9501822600243013
AP-CIEN119,5.0,-45.0,14.0,2025-04-02,AP-CIEN119,7.693459416863672,8.044917257683215,67.85606166434653,15.018912529550827,3.9275019700551614
AP-LLET55,5.0,-55.0,8.0,2025-04-03,AP-LLET55,17.171641791044777,12.7106135986733,71.52380172415106,16.028192371475953,11.14179104477612
AP-CCOM41,2.4,-72.0,9.0,2025-04-02,AP-CCOM41,1.5216706067769898,2.9235618597320725,58.352800091649904,,
AP-LLET55,5.0,-54.0,8.0,2025-04-03,AP-LLET55,17.171641791044777,12.7106135986733,71.52380172415106,16.028192371475953,11.14179104477612
AP-LLET55,5.0,-51.0,8.0,2025-04-03,AP-LLET55,17.171641791044777,12.7106135986733,71.52380172415106,16.028192371475953,11.14179104477612
AP-LLET55,5.0,-58.0,8.0,2025-04-03,AP-LLET55,17.171641791044777,12.7106135986733,71.52380172415106,16.028192371475953,11.14179104477612
AP-DRET02,5.0,-84.0,9.0,2025-04-02,AP-DRET02,13.303388494877856,12.479905437352246,76.66042954593891,16.016548463356973,2.178092986603625
AP-LLET55,5.0,-63.0,8.0,2025-04-03,AP-LLET55,17.171641791044777,12.7106135986733,71.52380172415106,16.028192371475953,11.14179104477612
AP-LLET55,5.0,-53.0,8.0,2025-04-03,AP-LLET55,17.171641791044777,12.7106135986733,71.52380172415106,16.028192371475953,11.14179104477612
AP-MED43,5.0,-52.0,9.0,2025-04-02,AP-MED43,3.045705279747833,21.04728132387707,56.718529154745205,,
AP-LLET55,5.0,-48.0,8.0,2025-04-03,AP-LLET55,17.171641791044777,12.7106135986733,71.52380172415106,16.028192371475953,11.14179104477612
AP-MED19,5.0,-64.0,9.0,2025-04-02,AP-MED19,1.5681639085894405,5.9763593380614655,69.56972870483868,15.0,2.1055949566587864
AP-MED59,5.0,-68.0,9.0,2025-04-02,AP-MED59,3.896719319562576,5.667071688942892,65.86008671840895,18.0,1.9501822600243013
AP-LLET55,5.0,-58.0,8.0,2025-04-03,AP-LLET55,17.171641791044777,12.7106135986733,71.52380172415106,16.028192371475953,11.14179104477612
AP-MED43,5.0,-46.0,9.0,2025-04-02,AP-MED43,3.045705279747833,21.04728132387707,56.718529154745205,,
AP-LLET55,5.0,-61.0,8.0,2025-04-03,AP-LLET55,17.171641791044777,12.7106135986733,71.52380172415106,16.028192371475953,11.14179104477612
AP-LLET55,5.0,-55.0,8.0,2025-04-03,AP-LLET55,17.171641791044777,12.7106135986733,71.52380172415106,16.028192371475953,11.14179104477612
AP-LLET55,5.0,-57.0,8.0,2025-04-03,AP-LLET55,17.171641791044777,12.7106135986733,71.52380172415106,16.028192371475953,11.14179104477612
AP-DRET02,5.0,-84.0,9.0,2025-04-02,AP-DRET02,13.303388494877856,12.479905437352246,76.66042954593891,16.016548463356973,2.178092986603625
AP-LLET55,5.0,-60.0,8.0,2025-04-03,AP-LLET55,17.171641791044777,12.7106135986733,71.52380172415106,16.028192371475953,11.14179104477612
AP-MED12,5.0,-52.0,9.0,2025-04-02,AP-MED12,2.8772782503037666,3.138517618469016,60.420496856304815,,
AP-MED48,5.0,-85.0,9.0,2025-04-02,AP-MED48,2.625,6.798611111111111,72.03447558663751,15.0,1.5416666666666667
AP-MED12,5.0,-52.0,9.0,2025-04-02,AP-MED12,2.8772782503037666,3.138517618469016,60.420496856304815,,
AP-LLET55,5.0,-52.0,8.0,2025-04-03,AP-LLET55,17.171641791044777,12.7106135986733,71.52380172415106,16.028192371475953,11.14179104477612
AP-LLET55,5.0,-50.0,8.0,2025-04-03,AP-LLET55,17.171641791044777,12.7106135986733,71.52380172415106,16.028192371475953,11.14179104477612
AP-BIBCIE01,5.0,-55.0,9.0,2025-04-03,AP-BIBCIE01,29.57274247491639,5.270903010033445,56.83050626497597,,
AP-LLETEXT02,2.4,-66.0,9.0,2025-04-03,AP-LLETEXT02,0.0018034265103697023,2.000901713255185,55.471473048683784,18.0,4.008566275924256
AP-BIBCIE01,5.0,-69.0,9.0,2025-04-03,AP-BIBCIE01,29.57274247491639,5.270903010033445,56.83050626497597,,
AP-LLET55,5.0,-67.0,8.0,2025-04-03,AP-LLET55,17.171641791044777,12.7106135986733,71.52380172415106,16.028192371475953,11.14179104477612
AP-BIBCIE01,5.0,-82.0,9.0,2025-04-03,AP-BIBCIE01,29.57274247491639,5.270903010033445,56.83050626497597,,
AP-LLET55,5.0,-68.0,8.0,2025-04-03,AP-LLET55,17.171641791044777,12.7106135986733,71.52380172415106,16.028192371475953,11.14179104477612
AP-LLET55,5.0,-62.0,8.0,2025-04-03,AP-LLET55,17.171641791044777,12.7106135986733,71.52380172415106,16.028192371475953,11.14179104477612
AP-BIBCIE01,5.0,-82.0,9.0,2025-04-03,AP-BIBCIE01,29.57274247491639,5.270903010033445,56.83050626497597,,
AP-LLET55,5.0,-66.0,8.0,2025-04-03,AP-LLET55,17.171641791044777,12.7106135986733,71.52380172415106,16.028192371475953,11.14179104477612
AP-BIBCIE01,5.0,-73.0,9.0,2025-04-03,AP-BIBCIE01,29.57274247491639,5.270903010033445,56.83050626497597,,
AP-BIBCIE01,5.0,-80.0,9.0,2025-04-03,AP-BIBCIE01,29.57274247491639,5.270903010033445,56.83050626497597,,
AP-BIBCIE01,5.0,-59.0,9.0,2025-04-03,AP-BIBCIE01,29.57274247491639,5.270903010033445,56.83050626497597,,
AP-LLET55,5.0,-63.0,8.0,2025-04-03,AP-LLET55,17.171641791044777,12.7106135986733,71.52380172415106,16.028192371475953,11.14179104477612
AP-LLET55,5.0,-50.0,8.0,2025-04-03,AP-LLET55,17.171641791044777,12.7106135986733,71.52380172415106,16.028192371475953,11.14179104477612
AP-BIBCIE01,5.0,-75.0,9.0,2025-04-03,AP-BIBCIE01,29.57274247491639,5.270903010033445,56.83050626497597,,
AP-BIBCIE01,5.0,-76.0,9.0,2025-04-03,AP-BIBCIE01,29.57274247491639,5.270903010033445,56.83050626497597,,
AP-ICTAICP23,2.4,-51.0,9.0,2025-04-02,AP-ICTAICP23,1.2379826635145783,1.574468085106383,58.781480927636665,,
AP-BIBCIE03,5.0,-56.0,6.0,2025-04-03,AP-BIBCIE03,13.384927066450567,4.512155591572123,58.02007287516654,,
AP-BIBCIE01,2.4,-75.0,9.0,2025-04-03,AP-BIBCIE01,29.57274247491639,5.270903010033445,56.83050626497597,,
AP-LLET55,5.0,-49.0,8.0,2025-04-03,AP-LLET55,17.171641791044777,12.7106135986733,71.52380172415106,16.028192371475953,11.14179104477612
AP-CIEN10,2.4,-64.0,13.0,2025-04-02,AP-CIEN10,13.35933806146572,11.19070133963751,68.5865004026106,15.049645390070921,6.108747044917258
AP-BIBHUM07,5.0,-73.0,9.0,2025-04-02,AP-BIBHUM07,5.492981007431874,3.124690338563171,58.66555468948837,,
AP-MED60,2.4,-57.0,9.0,2025-04-02,AP-MED60,4.520882584712372,4.104806934594168,57.76101369730806,,
AP-BIBCIE01,5.0,-85.0,9.0,2025-04-03,AP-BIBCIE01,29.57274247491639,5.270903010033445,56.83050626497597,,
AP-LLET55,5.0,-84.0,8.0,2025-04-03,AP-LLET55,17.171641791044777,12.7106135986733,71.52380172415106,16.028192371475953,11.14179104477612
AP-LLET55,5.0,-69.0,8.0,2025-04-03,AP-LLET55,17.171641791044777,12.7106135986733,71.52380172415106,16.028192371475953,11.14179104477612
AP-CIEN10,2.4,-69.0,13.0,2025-04-02,AP-CIEN10,13.35933806146572,11.19070133963751,68.5865004026106,15.049645390070921,6.108747044917258
AP-DRET02,5.0,-76.0,9.0,2025-04-02,AP-DRET02,13.303388494877856,12.479905437352246,76.66042954593891,16.016548463356973,2.178092986603625
AP-MED27,5.0,-85.0,9.0,2025-04-02,AP-MED27,7.650118203309693,3.46414499605989,59.22019983417637,,
AP-SAF09,2.4,-59.0,9.0,2025-04-02,AP-SAF09,4.166272655634358,6.334121355397951,69.83521709897906,20.49330181245075,2.326241134751773
AP-LLET13,2.4,-35.0,14.0,2025-04-02,AP-LLET13,3.541431261770245,5.552730696798493,67.02572631105147,15.448210922787194,2.8342749529190208
AP-BIBCIE03,5.0,-68.0,6.0,2025-04-03,AP-BIBCIE03,13.384927066450567,4.512155591572123,58.02007287516654,,
AP-BIBCIE01,5.0,-78.0,9.0,2025-04-03,AP-BIBCIE01,29.57274247491639,5.270903010033445,56.83050626497597,,
AP-BIBCIE01,5.0,-82.0,9.0,2025-04-03,AP-BIBCIE01,29.57274247491639,5.270903010033445,56.83050626497597,,
AP-ICTAICP21,2.4,-66.0,9.0,2025-04-02,AP-ICTAICP21,2.016548463356974,2.103230890464933,60.14579735700765,,
AP-EST03,2.4,-52.0,9.0,2025-04-02,AP-EST03,8.933018124507486,3.976359338061466,58.41640315203282,,
AP-LLET55,5.0,-63.0,8.0,2025-04-03,AP-LLET55,17.171641791044777,12.7106135986733,71.52380172415106,16.028192371475953,11.14179104477612
AP-BIBCIE01,5.0,-75.0,9.0,2025-04-03,AP-BIBCIE01,29.57274247491639,5.270903010033445,56.83050626497597,,
AP-BIBCIE01,5.0,-74.0,9.0,2025-04-03,AP-BIBCIE01,29.57274247491639,5.270903010033445,56.83050626497597,,
AP-VET34,5.0,-79.0,9.0,2025-04-02,AP-VET34,5.8132387706855795,3.8037825059101653,58.01565006575542,,
AP-BIBCIE01,5.0,-82.0,9.0,2025-04-03,AP-BIBCIE01,29.57274247491639,5.270903010033445,56.83050626497597,,
AP-BIBCIE01,5.0,-84.0,9.0,2025-04-03,AP-BIBCIE01,29.57274247491639,5.270903010033445,56.83050626497597,,
AP-CIEN100,5.0,-88.0,14.0,2025-04-02,AP-CIEN100,7.092986603624902,6.608353033884949,67.03880603148183,15.049645390070921,2.868400315208826
AP-BIBCIE01,5.0,-70.0,9.0,2025-04-03,AP-BIBCIE01,29.57274247491639,5.270903010033445,56.83050626497597,,
AP-CIEN14,5.0,-73.0,9.0,2025-04-02,AP-CIEN14,4.774625689519307,10.331757289204099,72.50991557409637,17.23798266351458,2.771473601260835
AP-LLET55,5.0,-70.0,8.0,2025-04-03,AP-LLET55,17.171641791044777,12.7106135986733,71.52380172415106,16.028192371475953,11.14179104477612
AP-BIBCIE01,5.0,-77.0,9.0,2025-04-03,AP-BIBCIE01,29.57274247491639,5.270903010033445,56.83050626497597,,
AP-BIBCIE01,5.0,-76.0,9.0,2025-04-03,AP-BIBCIE01,29.57274247491639,5.270903010033445,56.83050626497597,,
AP-LLET55,2.4,-71.0,8.0,2025-04-03,AP-LLET55,17.171641791044777,12.7106135986733,71.52380172415106,16.028192371475953,11.14179104477612
AP-IBB01,5.0,-69.0,9.0,2025-04-02,AP-IBB01,3.7825059101654848,5.732072498029945,67.75718184957891,15.771473601260835,2.0598896769109536
AP-BIBCIE01,5.0,-77.0,9.0,2025-04-03,AP-BIBCIE01,29.57274247491639,5.270903010033445,56.83050626497597,,
AP-BIBCIE03,5.0,-77.0,6.0,2025-04-03,AP-BIBCIE03,13.384927066450567,4.512155591572123,58.02007287516654,,
AP-EDBLANC25,5.0,-50.0,7.0,2025-04-03,AP-EDBLANC25,2.66446499339498,4.803170409511228,57.93442398525577,,
AP-BIBCIE03,2.4,-57.0,6.0,2025-04-03,AP-BIBCIE03,13.384927066450567,4.512155591572123,58.02007287516654,,
AP-LLET55,5.0,-54.0,8.0,2025-04-03,AP-LLET55,17.171641791044777,12.7106135986733,71.52380172415106,16.028192371475953,11.14179104477612
AP-LLET55,5.0,-52.0,8.0,2025-04-03,AP-LLET55,17.171641791044777,12.7106135986733,71.52380172415106,16.028192371475953,11.14179104477612
AP-BIBCIE01,5.0,-72.0,9.0,2025-04-03,AP-BIBCIE01,29.57274247491639,5.270903010033445,56.83050626497597,,
AP-BIBCIE01,5.0,-62.0,9.0,2025-04-03,AP-BIBCIE01,29.57274247491639,5.270903010033445,56.83050626497597,,
AP-BIBCIE01,2.4,-62.0,9.0,2025-04-03,AP-BIBCIE01,29.57274247491639,5.270903010033445,56.83050626497597,,
AP-CIEN62,5.0,-71.0,9.0,2025-04-02,AP-CIEN62,4.314420803782506,10.156028368794326,70.50163227925907,20.29787234042553,6.331757289204098
AP-LLET55,5.0,-48.0,8.0,2025-04-03,AP-LLET55,17.171641791044777,12.7106135986733,71.52380172415106,16.028192371475953,11.14179104477612
AP-CCOM18,5.0,-84.0,9.0,2025-04-02,AP-CCOM18,7.157545605306799,9.690713101160862,76.0005730486936,15.0,1.6326699834162521
AP-BIBCIE01,2.4,-81.0,9.0,2025-04-03,AP-BIBCIE01,29.57274247491639,5.270903010033445,56.83050626497597,,
AP-LLET55,5.0,-62.0,8.0,2025-04-03,AP-LLET55,17.171641791044777,12.7106135986733,71.52380172415106,16.028192371475953,11.14179104477612
AP-BIBCIE01,5.0,-82.0,9.0,2025-04-03,AP-BIBCIE01,29.57274247491639,5.270903010033445,56.83050626497597,,
AP-BIBCIE01,5.0,-80.0,9.0,2025-04-03,AP-BIBCIE01,29.57274247491639,5.270903010033445,56.83050626497597,,
AP-BIBCIE03,5.0,-55.0,6.0,2025-04-03,AP-BIBCIE03,13.384927066450567,4.512155591572123,58.02007287516654,,
AP-BIBCIE01,2.4,-74.0,9.0,2025-04-03,AP-BIBCIE01,29.57274247491639,5.270903010033445,56.83050626497597,,
AP-BIBCIE01,2.4,-76.0,9.0,2025-04-03,AP-BIBCIE01,29.57274247491639,5.270903010033445,56.83050626497597,,
AP-BIBCIE01,5.0,-67.0,9.0,2025-04-03,AP-BIBCIE01,29.57274247491639,5.270903010033445,56.83050626497597,,
AP-LLET55,5.0,-61.0,8.0,2025-04-03,AP-LLET55,17.171641791044777,12.7106135986733,71.52380172415106,16.028192371475953,11.14179104477612
AP-MRB05,5.0,-63.0,9.0,2025-04-02,AP-MRB05,6.804570527974783,5.792750197005516,66.30574631461609,20.62647754137116,2.479905437352246
AP-CIEN14,5.0,-86.0,9.0,2025-04-02,AP-CIEN14,4.774625689519307,10.331757289204099,72.50991557409637,17.23798266351458,2.771473601260835
AP-BIBCIE01,5.0,-85.0,9.0,2025-04-03,AP-BIBCIE01,29.57274247491639,5.270903010033445,56.83050626497597,,
AP-MRB06,2.4,-72.0,9.0,2025-04-02,AP-MRB06,1.9330181245074862,5.077226162332545,65.61186831566789,18.0,1.4688731284475964
AP-LLET55,5.0,-68.0,8.0,2025-04-03,AP-LLET55,17.171641791044777,12.7106135986733,71.52380172415106,16.028192371475953,11.14179104477612
AP-BIBCIE01,5.0,-81.0,9.0,2025-04-03,AP-BIBCIE01,29.57274247491639,5.270903010033445,56.83050626497597,,
AP-BIBCIE01,5.0,-81.0,9.0,2025-04-03,AP-BIBCIE01,29.57274247491639,5.270903010033445,56.83050626497597,,
AP-LLET55,5.0,-54.0,8.0,2025-04-03,AP-LLET55,17.171641791044777,12.7106135986733,71.52380172415106,16.028192371475953,11.14179104477612
AP-BIBCIE01,5.0,-76.0,9.0,2025-04-03,AP-BIBCIE01,29.57274247491639,5.270903010033445,56.83050626497597,,
AP-BIBCIE01,5.0,-59.0,9.0,2025-04-03,AP-BIBCIE01,29.57274247491639,5.270903010033445,56.83050626497597,,
AP-BIBCIE01,5.0,-59.0,9.0,2025-04-03,AP-BIBCIE01,29.57274247491639,5.270903010033445,56.83050626497597,,
AP-LLET55,5.0,-61.0,8.0,2025-04-03,AP-LLET55,17.171641791044777,12.7106135986733,71.52380172415106,16.028192371475953,11.14179104477612
AP-POL10,5.0,-56.0,9.0,2025-04-02,AP-POL10,3.3325453112687153,3.925925925925926,58.613893051042744,,
AP-BIBCIE01,5.0,-67.0,9.0,2025-04-03,AP-BIBCIE01,29.57274247491639,5.270903010033445,56.83050626497597,,
AP-BIBCIE01,5.0,-84.0,9.0,2025-04-03,AP-BIBCIE01,29.57274247491639,5.270903010033445,56.83050626497597,,
AP-ETSE13,2.4,-66.0,9.0,2025-04-02,AP-ETSE13,7.055555555555555,3.6464646464646466,57.663506997225426,,
AP-BIBCIE01,5.0,-81.0,9.0,2025-04-03,AP-BIBCIE01,29.57274247491639,5.270903010033445,56.83050626497597,,
AP-VET77,2.4,-53.0,9.0,2025-04-02,AP-VET77,1.2293144208037825,2.0315208825847124,61.33445800668813,,
AP-REC09,2.4,-68.0,9.0,2025-04-02,AP-REC09,6.240346729708432,2.4814814814814814,57.954879676040456,,
AP-LLET49,5.0,-72.0,15.0,2025-04-02,AP-LLET49,2.5350669818754925,4.969267139479905,66.25891972657651,15.049645390070921,1.5122143420015761
AP-LLET55,5.0,-48.0,8.0,2025-04-03,AP-LLET55,17.171641791044777,12.7106135986733,71.52380172415106,16.028192371475953,11.14179104477612
AP-BIBCIE01,5.0,-73.0,9.0,2025-04-03,AP-BIBCIE01,29.57274247491639,5.270903010033445,56.83050626497597,,
AP-CCOM12,5.0,-69.0,9.0,2025-04-02,AP-CCOM12,3.239558707643814,3.289204097714736,57.180275090159846,,
AP-BIBCIE01,5.0,-75.0,9.0,2025-04-03,AP-BIBCIE01,29.57274247491639,5.270903010033445,56.83050626497597,,
AP-BIBCIE01,5.0,-79.0,9.0,2025-04-03,AP-BIBCIE01,29.57274247491639,5.270903010033445,56.83050626497597,,
AP-LLET48,5.0,-56.0,15.0,2025-04-02,AP-LLET48,1.7407407407407407,4.892828999211978,67.24194950033738,15.159180457052797,1.446808510638298
AP-MED58,5.0,-52.0,14.0,2025-04-01,AP-MED58,1.9992119779353823,4.721040189125295,65.65384869667015,17.09613869188337,1.6587864460204886
AP-LLET55,5.0,-86.0,8.0,2025-04-03,AP-LLET55,17.171641791044777,12.7106135986733,71.52380172415106,16.028192371475953,11.14179104477612
AP-BIBCIE01,5.0,-78.0,9.0,2025-04-03,AP-BIBCIE01,29.57274247491639,5.270903010033445,56.83050626497597,,
AP-BIBCIE01,5.0,-79.0,9.0,2025-04-03,AP-BIBCIE01,29.57274247491639,5.270903010033445,56.83050626497597,,
AP-LLET55,5.0,-58.0,8.0,2025-04-03,AP-LLET55,17.171641791044777,12.7106135986733,71.52380172415106,16.028192371475953,11.14179104477612
AP-BIBCIE01,5.0,-67.0,9.0,2025-04-03,AP-BIBCIE01,29.57274247491639,5.270903010033445,56.83050626497597,,
AP-BIBHUM01,5.0,-47.0,9.0,2025-04-02,AP-BIBHUM01,8.308835672997523,4.284888521882742,57.42465264620139,,
AP-ETSE75,5.0,-85.0,9.0,2025-04-02,AP-ETSE75,7.476753349093775,10.493301812450749,71.96704453523064,17.0,4.5650118203309695
AP-BIBCIE01,5.0,-81.0,9.0,2025-04-03,AP-BIBCIE01,29.57274247491639,5.270903010033445,56.83050626497597,,
AP-BIBCIE01,5.0,-82.0,9.0,2025-04-03,AP-BIBCIE01,29.57274247491639,5.270903010033445,56.83050626497597,,
AP-BIBCIE01,5.0,-75.0,9.0,2025-04-03,AP-BIBCIE01,29.57274247491639,5.270903010033445,56.83050626497597,,
AP-BIBCIE01,5.0,-86.0,9.0,2025-04-03,AP-BIBCIE01,29.57274247491639,5.270903010033445,56.83050626497597,,
AP-BIBCIE01,5.0,-60.0,9.0,2025-04-03,AP-BIBCIE01,29.57274247491639,5.270903010033445,56.83050626497597,,
AP-VET76,2.4,-47.0,9.0,2025-04-02,AP-VET76,2.5041322314049586,1.2861570247933884,56.82525168260928,,
AP-BIBCIE03,5.0,-65.0,6.0,2025-04-03,AP-BIBCIE03,13.384927066450567,4.512155591572123,58.02007287516654,,
AP-LLET55,5.0,-53.0,8.0,2025-04-03,AP-LLET55,17.171641791044777,12.7106135986733,71.52380172415106,16.028192371475953,11.14179104477612
AP-MED59,5.0,-61.0,9.0,2025-04-02,AP-MED59,3.896719319562576,5.667071688942892,65.86008671840895,18.0,1.9501822600243013
AP-CIEN119,5.0,-46.0,14.0,2025-04-02,AP-CIEN119,7.693459416863672,8.044917257683215,67.85606166434653,15.018912529550827,3.9275019700551614
AP-CCOM41,2.4,-73.0,9.0,2025-04-02,AP-CCOM41,1.5216706067769898,2.9235618597320725,58.352800091649904,,
AP-LLET55,5.0,-46.0,8.0,2025-04-03,AP-LLET55,17.171641791044777,12.7106135986733,71.52380172415106,16.028192371475953,11.14179104477612
AP-LLET55,5.0,-57.0,8.0,2025-04-03,AP-LLET55,17.171641791044777,12.7106135986733,71.52380172415106,16.028192371475953,11.14179104477612
AP-LLET55,5.0,-62.0,8.0,2025-04-03,AP-LLET55,17.171641791044777,12.7106135986733,71.52380172415106,16.028192371475953,11.14179104477612
AP-DRET02,5.0,-84.0,9.0,2025-04-02,AP-DRET02,13.303388494877856,12.479905437352246,76.66042954593891,16.016548463356973,2.178092986603625
AP-BIBCIE01,5.0,-81.0,9.0,2025-04-03,AP-BIBCIE01,29.57274247491639,5.270903010033445,56.83050626497597,,
AP-BIBCIE01,5.0,-81.0,9.0,2025-04-03,AP-BIBCIE01,29.57274247491639,5.270903010033445,56.83050626497597,,
AP-LLET55,5.0,-64.0,8.0,2025-04-03,AP-LLET55,17.171641791044777,12.7106135986733,71.52380172415106,16.028192371475953,11.14179104477612
AP-MED43,5.0,-51.0,9.0,2025-04-02,AP-MED43,3.045705279747833,21.04728132387707,56.718529154745205,,
AP-BIBCIE01,5.0,-77.0,9.0,2025-04-03,AP-BIBCIE01,29.57274247491639,5.270903010033445,56.83050626497597,,
AP-LLET55,5.0,-53.0,8.0,2025-04-03,AP-LLET55,17.171641791044777,12.7106135986733,71.52380172415106,16.028192371475953,11.14179104477612
AP-MED19,5.0,-64.0,9.0,2025-04-02,AP-MED19,1.5681639085894405,5.9763593380614655,69.56972870483868,15.0,2.1055949566587864
AP-MED59,5.0,-67.0,9.0,2025-04-02,AP-MED59,3.896719319562576,5.667071688942892,65.86008671840895,18.0,1.9501822600243013
AP-LLET55,5.0,-61.0,8.0,2025-04-03,AP-LLET55,17.171641791044777,12.7106135986733,71.52380172415106,16.028192371475953,11.14179104477612
AP-BIBCIE01,5.0,-69.0,9.0,2025-04-03,AP-BIBCIE01,29.57274247491639,5.270903010033445,56.83050626497597,,
AP-MED43,5.0,-47.0,9.0,2025-04-02,AP-MED43,3.045705279747833,21.04728132387707,56.718529154745205,,
AP-LLET55,5.0,-65.0,8.0,2025-04-03,AP-LLET55,17.171641791044777,12.7106135986733,71.52380172415106,16.028192371475953,11.14179104477612
AP-BIBCIE01,5.0,-91.0,9.0,2025-04-03,AP-BIBCIE01,29.57274247491639,5.270903010033445,56.83050626497597,,
AP-LLET55,5.0,-62.0,8.0,2025-04-03,AP-LLET55,17.171641791044777,12.7106135986733,71.52380172415106,16.028192371475953,11.14179104477612
AP-LLET55,5.0,-56.0,8.0,2025-04-03,AP-LLET55,17.171641791044777,12.7106135986733,71.52380172415106,16.028192371475953,11.14179104477612
AP-LLET55,5.0,-57.0,8.0,2025-04-03,AP-LLET55,17.171641791044777,12.7106135986733,71.52380172415106,16.028192371475953,11.14179104477612
AP-LLET55,5.0,-80.0,8.0,2025-04-03,AP-LLET55,17.171641791044777,12.7106135986733,71.52380172415106,16.028192371475953,11.14179104477612
AP-BIBCIE01,5.0,-77.0,9.0,2025-04-03,AP-BIBCIE01,29.57274247491639,5.270903010033445,56.83050626497597,,
AP-DRET02,5.0,-84.0,9.0,2025-04-02,AP-DRET02,13.303388494877856,12.479905437352246,76.66042954593891,16.016548463356973,2.178092986603625
AP-BIBCIE01,5.0,-77.0,9.0,2025-04-03,AP-BIBCIE01,29.57274247491639,5.270903010033445,56.83050626497597,,
AP-BIBCIE01,5.0,-53.0,9.0,2025-04-03,AP-BIBCIE01,29.57274247491639,5.270903010033445,56.83050626497597,,
AP-BIBCIE01,5.0,-80.0,9.0,2025-04-03,AP-BIBCIE01,29.57274247491639,5.270903010033445,56.83050626497597,,
AP-MED12,5.0,-56.0,9.0,2025-04-02,AP-MED12,2.8772782503037666,3.138517618469016,60.420496856304815,,
AP-BIBCIE01,2.4,-72.0,9.0,2025-04-03,AP-BIBCIE01,29.57274247491639,5.270903010033445,56.83050626497597,,
AP-BIBCIE01,5.0,-78.0,9.0,2025-04-03,AP-BIBCIE01,29.57274247491639,5.270903010033445,56.83050626497597,,
AP-MED48,5.0,-85.0,9.0,2025-04-02,AP-MED48,2.625,6.798611111111111,72.03447558663751,15.0,1.5416666666666667
AP-MED12,5.0,-53.0,9.0,2025-04-02,AP-MED12,2.8772782503037666,3.138517618469016,60.420496856304815,,
AP-BIBCIE01,5.0,-56.0,9.0,2025-04-03,AP-BIBCIE01,29.57274247491639,5.270903010033445,56.83050626497597,,
AP-BIBCIE01,5.0,-56.0,9.0,2025-04-03,AP-BIBCIE01,29.57274247491639,5.270903010033445,56.83050626497597,,
AP-BIBCIE01,5.0,-71.0,9.0,2025-04-03,AP-BIBCIE01,29.57274247491639,5.270903010033445,56.83050626497597,,
AP-BIBCIE01,5.0,-75.0,9.0,2025-04-03,AP-BIBCIE01,29.57274247491639,5.270903010033445,56.83050626497597,,
AP-BIBCIE01,5.0,-63.0,9.0,2025-04-03,AP-BIBCIE01,29.57274247491639,5.270903010033445,56.83050626497597,,
AP-BIBCIE01,5.0,-64.0,9.0,2025-04-03,AP-BIBCIE01,29.57274247491639,5.270903010033445,56.83050626497597,,
AP-LLET55,5.0,-77.0,8.0,2025-04-03,AP-LLET55,17.171641791044777,12.7106135986733,71.52380172415106,16.028192371475953,11.14179104477612
AP-BIBCIE01,2.4,-71.0,9.0,2025-04-03,AP-BIBCIE01,29.57274247491639,5.270903010033445,56.83050626497597,,
AP-BIBCIE01,5.0,-58.0,9.0,2025-04-03,AP-BIBCIE01,29.57274247491639,5.270903010033445,56.83050626497597,,
AP-LLET55,5.0,-62.0,8.0,2025-04-03,AP-LLET55,17.171641791044777,12.7106135986733,71.52380172415106,16.028192371475953,11.14179104477612
AP-BIBCIE01,5.0,-62.0,9.0,2025-04-03,AP-BIBCIE01,29.57274247491639,5.270903010033445,56.83050626497597,,
AP-LLET55,5.0,-67.0,8.0,2025-04-03,AP-LLET55,17.171641791044777,12.7106135986733,71.52380172415106,16.028192371475953,11.14179104477612
AP-BIBCIE01,5.0,-70.0,9.0,2025-04-03,AP-BIBCIE01,29.57274247491639,5.270903010033445,56.83050626497597,,
AP-BIBCIE01,5.0,-64.0,9.0,2025-04-03,AP-BIBCIE01,29.57274247491639,5.270903010033445,56.83050626497597,,
AP-BIBCIE01,5.0,-56.0,9.0,2025-04-03,AP-BIBCIE01,29.57274247491639,5.270903010033445,56.83050626497597,,
AP-BIBCIE01,5.0,-64.0,9.0,2025-04-03,AP-BIBCIE01,29.57274247491639,5.270903010033445,56.83050626497597,,
AP-BIBCIE01,5.0,-69.0,9.0,2025-04-03,AP-BIBCIE01,29.57274247491639,5.270903010033445,56.83050626497597,,
AP-LLET55,5.0,-64.0,8.0,2025-04-03,AP-LLET55,17.171641791044777,12.7106135986733,71.52380172415106,16.028192371475953,11.14179104477612
AP-BIBCIE01,5.0,-56.0,9.0,2025-04-03,AP-BIBCIE01,29.57274247491639,5.270903010033445,56.83050626497597,,
AP-BIBCIE01,5.0,-66.0,9.0,2025-04-03,AP-BIBCIE01,29.57274247491639,5.270903010033445,56.83050626497597,,
AP-BIBCIE01,5.0,-57.0,9.0,2025-04-03,AP-BIBCIE01,29.57274247491639,5.270903010033445,56.83050626497597,,
AP-BIBCIE01,5.0,-62.0,9.0,2025-04-03,AP-BIBCIE01,29.57274247491639,5.270903010033445,56.83050626497597,,
AP-ICTAICP23,2.4,-51.0,9.0,2025-04-02,AP-ICTAICP23,1.2379826635145783,1.574468085106383,58.781480927636665,,
AP-BIBCIE01,5.0,-67.0,9.0,2025-04-03,AP-BIBCIE01,29.57274247491639,5.270903010033445,56.83050626497597,,
AP-BIBCIE01,2.4,-41.0,9.0,2025-04-03,AP-BIBCIE01,29.57274247491639,5.270903010033445,56.83050626497597,,
AP-BIBCIE01,5.0,-64.0,9.0,2025-04-03,AP-BIBCIE01,29.57274247491639,5.270903010033445,56.83050626497597,,
AP-BIBCIE01,5.0,-49.0,9.0,2025-04-03,AP-BIBCIE01,29.57274247491639,5.270903010033445,56.83050626497597,,
AP-CIEN10,2.4,-72.0,13.0,2025-04-02,AP-CIEN10,13.35933806146572,11.19070133963751,68.5865004026106,15.049645390070921,6.108747044917258
AP-BIBHUM07,5.0,-72.0,9.0,2025-04-02,AP-BIBHUM07,5.492981007431874,3.124690338563171,58.66555468948837,,
AP-MED60,2.4,-57.0,9.0,2025-04-02,AP-MED60,4.520882584712372,4.104806934594168,57.76101369730806,,
AP-BIBCIE01,5.0,-58.0,9.0,2025-04-03,AP-BIBCIE01,29.57274247491639,5.270903010033445,56.83050626497597,,
AP-LLET55,5.0,-75.0,8.0,2025-04-03,AP-LLET55,17.171641791044777,12.7106135986733,71.52380172415106,16.028192371475953,11.14179104477612
AP-DRET02,5.0,-76.0,9.0,2025-04-02,AP-DRET02,13.303388494877856,12.479905437352246,76.66042954593891,16.016548463356973,2.178092986603625
AP-MED27,5.0,-61.0,9.0,2025-04-02,AP-MED27,7.650118203309693,3.46414499605989,59.22019983417637,,
AP-BIBCIE01,5.0,-62.0,9.0,2025-04-03,AP-BIBCIE01,29.57274247491639,5.270903010033445,56.83050626497597,,
AP-SAF09,2.4,-59.0,9.0,2025-04-02,AP-SAF09,4.166272655634358,6.334121355397951,69.83521709897906,20.49330181245075,2.326241134751773
AP-LLET13,2.4,-35.0,14.0,2025-04-02,AP-LLET13,3.541431261770245,5.552730696798493,67.02572631105147,15.448210922787194,2.8342749529190208
AP-BIBCIE01,5.0,-51.0,9.0,2025-04-03,AP-BIBCIE01,29.57274247491639,5.270903010033445,56.83050626497597,,
AP-BIBCIE03,5.0,-69.0,6.0,2025-04-03,AP-BIBCIE03,13.384927066450567,4.512155591572123,58.02007287516654,,
AP-BIBCIE01,5.0,-58.0,9.0,2025-04-03,AP-BIBCIE01,29.57274247491639,5.270903010033445,56.83050626497597,,
AP-BIBCIE01,5.0,-63.0,9.0,2025-04-03,AP-BIBCIE01,29.57274247491639,5.270903010033445,56.83050626497597,,
AP-ICTAICP21,2.4,-67.0,9.0,2025-04-02,AP-ICTAICP21,2.016548463356974,2.103230890464933,60.14579735700765,,
AP-BIBCIE01,5.0,-59.0,9.0,2025-04-03,AP-BIBCIE01,29.57274247491639,5.270903010033445,56.83050626497597,,
AP-EST03,2.4,-56.0,9.0,2025-04-02,AP-EST03,8.933018124507486,3.976359338061466,58.41640315203282,,
AP-BIBCIE01,5.0,-60.0,9.0,2025-04-03,AP-BIBCIE01,29.57274247491639,5.270903010033445,56.83050626497597,,
AP-BIBCIE01,5.0,-65.0,9.0,2025-04-03,AP-BIBCIE01,29.57274247491639,5.270903010033445,56.83050626497597,,
AP-BIBCIE01,5.0,-69.0,9.0,2025-04-03,AP-BIBCIE01,29.57274247491639,5.270903010033445,56.83050626497597,,
AP-BIBCIE01,5.0,-67.0,9.0,2025-04-03,AP-BIBCIE01,29.57274247491639,5.270903010033445,56.83050626497597,,
AP-VET34,5.0,-78.0,9.0,2025-04-02,AP-VET34,5.8132387706855795,3.8037825059101653,58.01565006575542,,
AP-BIBCIE01,5.0,-65.0,9.0,2025-04-03,AP-BIBCIE01,29.57274247491639,5.270903010033445,56.83050626497597,,
AP-BIBCIE01,5.0,-61.0,9.0,2025-04-03,AP-BIBCIE01,29.57274247491639,5.270903010033445,56.83050626497597,,
AP-CIEN100,5.0,-88.0,14.0,2025-04-02,AP-CIEN100,7.092986603624902,6.608353033884949,67.03880603148183,15.049645390070921,2.868400315208826
AP-BIBCIE01,5.0,-46.0,9.0,2025-04-03,AP-BIBCIE01,29.57274247491639,5.270903010033445,56.83050626497597,,
AP-CIEN14,5.0,-72.0,9.0,2025-04-02,AP-CIEN14,4.774625689519307,10.331757289204099,72.50991557409637,17.23798266351458,2.771473601260835
AP-BIBCIE01,5.0,-55.0,9.0,2025-04-03,AP-BIBCIE01,29.57274247491639,5.270903010033445,56.83050626497597,,
AP-LLET55,5.0,-71.0,8.0,2025-04-03,AP-LLET55,17.171641791044777,12.7106135986733,71.52380172415106,16.028192371475953,11.14179104477612
AP-BIBCIE01,5.0,-65.0,9.0,2025-04-03,AP-BIBCIE01,29.57274247491639,5.270903010033445,56.83050626497597,,
AP-BIBCIE01,5.0,-52.0,9.0,2025-04-03,AP-BIBCIE01,29.57274247491639,5.270903010033445,56.83050626497597,,
AP-BIBCIE01,5.0,-61.0,9.0,2025-04-03,AP-BIBCIE01,29.57274247491639,5.270903010033445,56.83050626497597,,
AP-BIBCIE01,5.0,-61.0,9.0,2025-04-03,AP-BIBCIE01,29.57274247491639,5.270903010033445,56.83050626497597,,
AP-LLET55,5.0,-59.0,8.0,2025-04-03,AP-LLET55,17.171641791044777,12.7106135986733,71.52380172415106,16.028192371475953,11.14179104477612
AP-IBB01,5.0,-69.0,9.0,2025-04-02,AP-IBB01,3.7825059101654848,5.732072498029945,67.75718184957891,15.771473601260835,2.0598896769109536
AP-BIBCIE03,5.0,-79.0,6.0,2025-04-03,AP-BIBCIE03,13.384927066450567,4.512155591572123,58.02007287516654,,
AP-EDBLANC25,5.0,-47.0,7.0,2025-04-03,AP-EDBLANC25,2.66446499339498,4.803170409511228,57.93442398525577,,
AP-BIBCIE01,5.0,-66.0,9.0,2025-04-03,AP-BIBCIE01,29.57274247491639,5.270903010033445,56.83050626497597,,
AP-LLET55,5.0,-52.0,8.0,2025-04-03,AP-LLET55,17.171641791044777,12.7106135986733,71.52380172415106,16.028192371475953,11.14179104477612
AP-BIBCIE01,5.0,-78.0,9.0,2025-04-03,AP-BIBCIE01,29.57274247491639,5.270903010033445,56.83050626497597,,
AP-BIBCIE01,5.0,-63.0,9.0,2025-04-03,AP-BIBCIE01,29.57274247491639,5.270903010033445,56.83050626497597,,
AP-LLET55,2.4,-58.0,8.0,2025-04-03,AP-LLET55,17.171641791044777,12.7106135986733,71.52380172415106,16.028192371475953,11.14179104477612
AP-BIBCIE01,2.4,-40.0,9.0,2025-04-03,AP-BIBCIE01,29.57274247491639,5.270903010033445,56.83050626497597,,
AP-CIEN62,5.0,-71.0,9.0,2025-04-02,AP-CIEN62,4.314420803782506,10.156028368794326,70.50163227925907,20.29787234042553,6.331757289204098
AP-CCOM18,5.0,-84.0,9.0,2025-04-02,AP-CCOM18,7.157545605306799,9.690713101160862,76.0005730486936,15.0,1.6326699834162521
AP-BIBCIE01,5.0,-67.0,9.0,2025-04-03,AP-BIBCIE01,29.57274247491639,5.270903010033445,56.83050626497597,,
AP-BIBCIE01,5.0,-70.0,9.0,2025-04-03,AP-BIBCIE01,29.57274247491639,5.270903010033445,56.83050626497597,,
AP-LLET55,5.0,-66.0,8.0,2025-04-03,AP-LLET55,17.171641791044777,12.7106135986733,71.52380172415106,16.028192371475953,11.14179104477612
AP-BIBCIE01,5.0,-60.0,9.0,2025-04-03,AP-BIBCIE01,29.57274247491639,5.270903010033445,56.83050626497597,,
AP-BIBCIE01,2.4,-51.0,9.0,2025-04-03,AP-BIBCIE01,29.57274247491639,5.270903010033445,56.83050626497597,,
AP-BIBCIE03,5.0,-65.0,6.0,2025-04-03,AP-BIBCIE03,13.384927066450567,4.512155591572123,58.02007287516654,,
AP-BIBCIE01,5.0,-62.0,9.0,2025-04-03,AP-BIBCIE01,29.57274247491639,5.270903010033445,56.83050626497597,,
AP-BIBCIE01,5.0,-71.0,9.0,2025-04-03,AP-BIBCIE01,29.57274247491639,5.270903010033445,56.83050626497597,,
AP-BIBCIE01,5.0,-69.0,9.0,2025-04-03,AP-BIBCIE01,29.57274247491639,5.270903010033445,56.83050626497597,,
AP-BIBCIE01,5.0,-56.0,9.0,2025-04-03,AP-BIBCIE01,29.57274247491639,5.270903010033445,56.83050626497597,,
AP-MRB05,5.0,-63.0,9.0,2025-04-02,AP-MRB05,6.804570527974783,5.792750197005516,66.30574631461609,20.62647754137116,2.479905437352246
AP-CIEN14,5.0,-86.0,9.0,2025-04-02,AP-CIEN14,4.774625689519307,10.331757289204099,72.50991557409637,17.23798266351458,2.771473601260835
AP-BIBCIE01,5.0,-65.0,9.0,2025-04-03,AP-BIBCIE01,29.57274247491639,5.270903010033445,56.83050626497597,,
AP-MRB06,2.4,-71.0,9.0,2025-04-02,AP-MRB06,1.9330181245074862,5.077226162332545,65.61186831566789,18.0,1.4688731284475964
AP-LLET55,5.0,-69.0,8.0,2025-04-03,AP-LLET55,17.171641791044777,12.7106135986733,71.52380172415106,16.028192371475953,11.14179104477612
AP-BIBCIE01,5.0,-61.0,9.0,2025-04-03,AP-BIBCIE01,29.57274247491639,5.270903010033445,56.83050626497597,,
AP-BIBCIE01,5.0,-74.0,9.0,2025-04-03,AP-BIBCIE01,29.57274247491639,5.270903010033445,56.83050626497597,,
AP-BIBCIE01,5.0,-62.0,9.0,2025-04-03,AP-BIBCIE01,29.57274247491639,5.270903010033445,56.83050626497597,,
AP-BIBCIE01,5.0,-65.0,9.0,2025-04-03,AP-BIBCIE01,29.57274247491639,5.270903010033445,56.83050626497597,,
AP-LLET55,5.0,-57.0,8.0,2025-04-03,AP-LLET55,17.171641791044777,12.7106135986733,71.52380172415106,16.028192371475953,11.14179104477612
AP-BIBCIE01,5.0,-57.0,9.0,2025-04-03,AP-BIBCIE01,29.57274247491639,5.270903010033445,56.83050626497597,,
AP-BIBCIE01,5.0,-63.0,9.0,2025-04-03,AP-BIBCIE01,29.57274247491639,5.270903010033445,56.83050626497597,,
AP-BIBCIE01,5.0,-62.0,9.0,2025-04-03,AP-BIBCIE01,29.57274247491639,5.270903010033445,56.83050626497597,,
AP-BIBCIE01,5.0,-55.0,9.0,2025-04-03,AP-BIBCIE01,29.57274247491639,5.270903010033445,56.83050626497597,,
AP-BIBCIE01,5.0,-54.0,9.0,2025-04-03,AP-BIBCIE01,29.57274247491639,5.270903010033445,56.83050626497597,,
AP-BIBCIE01,5.0,-75.0,9.0,2025-04-03,AP-BIBCIE01,29.57274247491639,5.270903010033445,56.83050626497597,,
AP-POL10,5.0,-58.0,9.0,2025-04-02,AP-POL10,3.3325453112687153,3.925925925925926,58.613893051042744,,
AP-BIBCIE01,5.0,-63.0,9.0,2025-04-03,AP-BIBCIE01,29.57274247491639,5.270903010033445,56.83050626497597,,
AP-BIBCIE01,5.0,-59.0,9.0,2025-04-03,AP-BIBCIE01,29.57274247491639,5.270903010033445,56.83050626497597,,
AP-BIBCIE01,5.0,-61.0,9.0,2025-04-03,AP-BIBCIE01,29.57274247491639,5.270903010033445,56.83050626497597,,
AP-BIBCIE01,5.0,-67.0,9.0,2025-04-03,AP-BIBCIE01,29.57274247491639,5.270903010033445,56.83050626497597,,
AP-BIBCIE01,5.0,-54.0,9.0,2025-04-03,AP-BIBCIE01,29.57274247491639,5.270903010033445,56.83050626497597,,
AP-BIBCIE01,5.0,-49.0,9.0,2025-04-03,AP-BIBCIE01,29.57274247491639,5.270903010033445,56.83050626497597,,
AP-ETSE13,2.4,-66.0,9.0,2025-04-02,AP-ETSE13,7.055555555555555,3.6464646464646466,57.663506997225426,,
AP-BIBCIE01,5.0,-61.0,9.0,2025-04-03,AP-BIBCIE01,29.57274247491639,5.270903010033445,56.83050626497597,,
AP-VET77,2.4,-53.0,9.0,2025-04-02,AP-VET77,1.2293144208037825,2.0315208825847124,61.33445800668813,,
AP-REC09,2.4,-68.0,9.0,2025-04-02,AP-REC09,6.240346729708432,2.4814814814814814,57.954879676040456,,
AP-LLET49,5.0,-72.0,15.0,2025-04-02,AP-LLET49,2.5350669818754925,4.969267139479905,66.25891972657651,15.049645390070921,1.5122143420015761
AP-CCOM12,5.0,-67.0,9.0,2025-04-02,AP-CCOM12,3.239558707643814,3.289204097714736,57.180275090159846,,
AP-BIBCIE01,5.0,-68.0,9.0,2025-04-03,AP-BIBCIE01,29.57274247491639,5.270903010033445,56.83050626497597,,
AP-BIBCIE01,5.0,-59.0,9.0,2025-04-03,AP-BIBCIE01,29.57274247491639,5.270903010033445,56.83050626497597,,
AP-LLET48,5.0,-55.0,15.0,2025-04-02,AP-LLET48,1.7407407407407407,4.892828999211978,67.24194950033738,15.159180457052797,1.446808510638298
AP-MED58,5.0,-48.0,14.0,2025-04-01,AP-MED58,1.9992119779353823,4.721040189125295,65.65384869667015,17.09613869188337,1.6587864460204886
AP-BIBCIE01,5.0,-61.0,9.0,2025-04-03,AP-BIBCIE01,29.57274247491639,5.270903010033445,56.83050626497597,,
AP-BIBCIE01,5.0,-64.0,9.0,2025-04-03,AP-BIBCIE01,29.57274247491639,5.270903010033445,56.83050626497597,,
AP-BIBCIE01,5.0,-57.0,9.0,2025-04-03,AP-BIBCIE01,29.57274247491639,5.270903010033445,56.83050626497597,,
AP-LLET55,5.0,-64.0,8.0,2025-04-03,AP-LLET55,17.171641791044777,12.7106135986733,71.52380172415106,16.028192371475953,11.14179104477612
AP-BIBCIE01,5.0,-46.0,9.0,2025-04-03,AP-BIBCIE01,29.57274247491639,5.270903010033445,56.83050626497597,,
AP-BIBHUM01,5.0,-47.0,9.0,2025-04-02,AP-BIBHUM01,8.308835672997523,4.284888521882742,57.42465264620139,,
AP-BIBCIE01,5.0,-61.0,9.0,2025-04-03,AP-BIBCIE01,29.57274247491639,5.270903010033445,56.83050626497597,,
AP-ETSE75,5.0,-85.0,9.0,2025-04-02,AP-ETSE75,7.476753349093775,10.493301812450749,71.96704453523064,17.0,4.5650118203309695
AP-BIBCIE01,5.0,-59.0,9.0,2025-04-03,AP-BIBCIE01,29.57274247491639,5.270903010033445,56.83050626497597,,
AP-BIBCIE01,5.0,-57.0,9.0,2025-04-03,AP-BIBCIE01,29.57274247491639,5.270903010033445,56.83050626497597,,
AP-BIBCIE01,5.0,-74.0,9.0,2025-04-03,AP-BIBCIE01,29.57274247491639,5.270903010033445,56.83050626497597,,
AP-BIBCIE01,5.0,-51.0,9.0,2025-04-03,AP-BIBCIE01,29.57274247491639,5.270903010033445,56.83050626497597,,
AP-BIBCIE01,5.0,-57.0,9.0,2025-04-03,AP-BIBCIE01,29.57274247491639,5.270903010033445,56.83050626497597,,
AP-BIBCIE01,5.0,-63.0,9.0,2025-04-03,AP-BIBCIE01,29.57274247491639,5.270903010033445,56.83050626497597,,
AP-BIBCIE01,5.0,-58.0,9.0,2025-04-03,AP-BIBCIE01,29.57274247491639,5.270903010033445,56.83050626497597,,
AP-BIBCIE01,5.0,-52.0,9.0,2025-04-03,AP-BIBCIE01,29.57274247491639,5.270903010033445,56.83050626497597,,
AP-BIBCIE01,5.0,-81.0,9.0,2025-04-03,AP-BIBCIE01,29.57274247491639,5.270903010033445,56.83050626497597,,
AP-BIBCIE01,5.0,-68.0,9.0,2025-04-03,AP-BIBCIE01,29.57274247491639,5.270903010033445,56.83050626497597,,
AP-BIBCIE01,5.0,-57.0,9.0,2025-04-03,AP-BIBCIE01,29.57274247491639,5.270903010033445,56.83050626497597,,
AP-VET76,2.4,-42.0,9.0,2025-04-02,AP-VET76,2.5041322314049586,1.2861570247933884,56.82525168260928,,
AP-BIBCIE03,5.0,-63.0,6.0,2025-04-03,AP-BIBCIE03,13.384927066450567,4.512155591572123,58.02007287516654,,
AP-BIBCIE01,5.0,-67.0,9.0,2025-04-03,AP-BIBCIE01,29.57274247491639,5.270903010033445,56.83050626497597,,
AP-MED59,5.0,-60.0,9.0,2025-04-02,AP-MED59,3.896719319562576,5.667071688942892,65.86008671840895,18.0,1.9501822600243013
AP-CIEN119,5.0,-44.0,14.0,2025-04-02,AP-CIEN119,7.693459416863672,8.044917257683215,67.85606166434653,15.018912529550827,3.9275019700551614
AP-BIBCIE01,5.0,-52.0,9.0,2025-04-03,AP-BIBCIE01,29.57274247491639,5.270903010033445,56.83050626497597,,
AP-CCOM41,2.4,-73.0,9.0,2025-04-02,AP-CCOM41,1.5216706067769898,2.9235618597320725,58.352800091649904,,
AP-LLET55,5.0,-52.0,8.0,2025-04-03,AP-LLET55,17.171641791044777,12.7106135986733,71.52380172415106,16.028192371475953,11.14179104477612
AP-BIBCIE01,5.0,-55.0,9.0,2025-04-03,AP-BIBCIE01,29.57274247491639,5.270903010033445,56.83050626497597,,
AP-LLET55,5.0,-69.0,8.0,2025-04-03,AP-LLET55,17.171641791044777,12.7106135986733,71.52380172415106,16.028192371475953,11.14179104477612
AP-LLET55,5.0,-58.0,8.0,2025-04-03,AP-LLET55,17.171641791044777,12.7106135986733,71.52380172415106,16.028192371475953,11.14179104477612
AP-DRET02,5.0,-84.0,9.0,2025-04-02,AP-DRET02,13.303388494877856,12.479905437352246,76.66042954593891,16.016548463356973,2.178092986603625
AP-BIBCIE01,5.0,-72.0,9.0,2025-04-03,AP-BIBCIE01,29.57274247491639,5.270903010033445,56.83050626497597,,
AP-MED43,5.0,-53.0,9.0,2025-04-02,AP-MED43,3.045705279747833,21.04728132387707,56.718529154745205,,
AP-BIBCIE01,5.0,-56.0,9.0,2025-04-03,AP-BIBCIE01,29.57274247491639,5.270903010033445,56.83050626497597,,
AP-BIBCIE01,5.0,-54.0,9.0,2025-04-03,AP-BIBCIE01,29.57274247491639,5.270903010033445,56.83050626497597,,
AP-BIBCIE01,5.0,-59.0,9.0,2025-04-03,AP-BIBCIE01,29.57274247491639,5.270903010033445,56.83050626497597,,
AP-BIBCIE01,5.0,-73.0,9.0,2025-04-03,AP-BIBCIE01,29.57274247491639,5.270903010033445,56.83050626497597,,
AP-LLET55,5.0,-58.0,8.0,2025-04-03,AP-LLET55,17.171641791044777,12.7106135986733,71.52380172415106,16.028192371475953,11.14179104477612
AP-MED19,5.0,-64.0,9.0,2025-04-02,AP-MED19,1.5681639085894405,5.9763593380614655,69.56972870483868,15.0,2.1055949566587864
AP-BIBCIE01,5.0,-63.0,9.0,2025-04-03,AP-BIBCIE01,29.57274247491639,5.270903010033445,56.83050626497597,,
AP-MED59,5.0,-67.0,9.0,2025-04-02,AP-MED59,3.896719319562576,5.667071688942892,65.86008671840895,18.0,1.9501822600243013
AP-LLET55,5.0,-59.0,8.0,2025-04-03,AP-LLET55,17.171641791044777,12.7106135986733,71.52380172415106,16.028192371475953,11.14179104477612
AP-MED43,5.0,-46.0,9.0,2025-04-02,AP-MED43,3.045705279747833,21.04728132387707,56.718529154745205,,
AP-BIBCIE01,5.0,-58.0,9.0,2025-04-03,AP-BIBCIE01,29.57274247491639,5.270903010033445,56.83050626497597,,
AP-BIBCIE01,5.0,-54.0,9.0,2025-04-03,AP-BIBCIE01,29.57274247491639,5.270903010033445,56.83050626497597,,
AP-BIBCIE01,5.0,-57.0,9.0,2025-04-03,AP-BIBCIE01,29.57274247491639,5.270903010033445,56.83050626497597,,
AP-LLET55,5.0,-56.0,8.0,2025-04-03,AP-LLET55,17.171641791044777,12.7106135986733,71.52380172415106,16.028192371475953,11.14179104477612
AP-BIBCIE01,2.4,-50.0,9.0,2025-04-03,AP-BIBCIE01,29.57274247491639,5.270903010033445,56.83050626497597,,
AP-BIBCIE01,5.0,-81.0,9.0,2025-04-03,AP-BIBCIE01,29.57274247491639,5.270903010033445,56.83050626497597,,
AP-DRET02,5.0,-84.0,9.0,2025-04-02,AP-DRET02,13.303388494877856,12.479905437352246,76.66042954593891,16.016548463356973,2.178092986603625
AP-BIBCIE01,5.0,-53.0,9.0,2025-04-03,AP-BIBCIE01,29.57274247491639,5.270903010033445,56.83050626497597,,
AP-BIBCIE01,5.0,-63.0,9.0,2025-04-03,AP-BIBCIE01,29.57274247491639,5.270903010033445,56.83050626497597,,
AP-BIBCIE01,5.0,-59.0,9.0,2025-04-03,AP-BIBCIE01,29.57274247491639,5.270903010033445,56.83050626497597,,
AP-MED12,5.0,-54.0,9.0,2025-04-02,AP-MED12,2.8772782503037666,3.138517618469016,60.420496856304815,,
AP-BIBCIE01,5.0,-56.0,9.0,2025-04-03,AP-BIBCIE01,29.57274247491639,5.270903010033445,56.83050626497597,,
AP-MED48,5.0,-85.0,9.0,2025-04-02,AP-MED48,2.625,6.798611111111111,72.03447558663751,15.0,1.5416666666666667
AP-MED12,5.0,-52.0,9.0,2025-04-02,AP-MED12,2.8772782503037666,3.138517618469016,60.420496856304815,,
AP-BIBCIE01,5.0,-66.0,9.0,2025-04-03,AP-BIBCIE01,29.57274247491639,5.270903010033445,56.83050626497597,,
AP-BIBCIE01,5.0,-55.0,9.0,2025-04-03,AP-BIBCIE01,29.57274247491639,5.270903010033445,56.83050626497597,,
AP-BIBCIE01,5.0,-57.0,9.0,2025-04-03,AP-BIBCIE01,29.57274247491639,5.270903010033445,56.83050626497597,,
AP-BIBCIE01,5.0,-55.0,9.0,2025-04-03,AP-BIBCIE01,29.57274247491639,5.270903010033445,56.83050626497597,,
AP-BIBCIE01,5.0,-75.0,9.0,2025-04-03,AP-BIBCIE01,29.57274247491639,5.270903010033445,56.83050626497597,,
AP-BIBCIE01,5.0,-61.0,9.0,2025-04-03,AP-BIBCIE01,29.57274247491639,5.270903010033445,56.83050626497597,,
AP-BIBCIE01,5.0,-65.0,9.0,2025-04-03,AP-BIBCIE01,29.57274247491639,5.270903010033445,56.83050626497597,,
AP-BIBCIE01,5.0,-52.0,9.0,2025-04-03,AP-BIBCIE01,29.57274247491639,5.270903010033445,56.83050626497597,,
AP-BIBCIE01,5.0,-60.0,9.0,2025-04-03,AP-BIBCIE01,29.57274247491639,5.270903010033445,56.83050626497597,,
AP-BIBCIE01,5.0,-59.0,9.0,2025-04-03,AP-BIBCIE01,29.57274247491639,5.270903010033445,56.83050626497597,,
AP-LLET55,5.0,-62.0,8.0,2025-04-03,AP-LLET55,17.171641791044777,12.7106135986733,71.52380172415106,16.028192371475953,11.14179104477612
AP-BIBCIE01,5.0,-71.0,9.0,2025-04-03,AP-BIBCIE01,29.57274247491639,5.270903010033445,56.83050626497597,,
AP-BIBCIE01,5.0,-59.0,9.0,2025-04-03,AP-BIBCIE01,29.57274247491639,5.270903010033445,56.83050626497597,,
AP-BIBCIE01,5.0,-52.0,9.0,2025-04-03,AP-BIBCIE01,29.57274247491639,5.270903010033445,56.83050626497597,,
AP-BIBCIE01,5.0,-64.0,9.0,2025-04-03,AP-BIBCIE01,29.57274247491639,5.270903010033445,56.83050626497597,,
AP-BIBCIE01,5.0,-64.0,9.0,2025-04-03,AP-BIBCIE01,29.57274247491639,5.270903010033445,56.83050626497597,,
AP-LLET55,5.0,-62.0,8.0,2025-04-03,AP-LLET55,17.171641791044777,12.7106135986733,71.52380172415106,16.028192371475953,11.14179104477612
AP-BIBCIE01,5.0,-76.0,9.0,2025-04-03,AP-BIBCIE01,29.57274247491639,5.270903010033445,56.83050626497597,,
AP-BIBCIE01,5.0,-55.0,9.0,2025-04-03,AP-BIBCIE01,29.57274247491639,5.270903010033445,56.83050626497597,,
AP-BIBCIE01,5.0,-66.0,9.0,2025-04-03,AP-BIBCIE01,29.57274247491639,5.270903010033445,56.83050626497597,,
AP-BIBCIE01,5.0,-60.0,9.0,2025-04-03,AP-BIBCIE01,29.57274247491639,5.270903010033445,56.83050626497597,,
AP-ICTAICP23,2.4,-51.0,9.0,2025-04-02,AP-ICTAICP23,1.2379826635145783,1.574468085106383,58.781480927636665,,
AP-BIBCIE01,5.0,-68.0,9.0,2025-04-03,AP-BIBCIE01,29.57274247491639,5.270903010033445,56.83050626497597,,
AP-BIBCIE01,5.0,-50.0,9.0,2025-04-03,AP-BIBCIE01,29.57274247491639,5.270903010033445,56.83050626497597,,
AP-CIEN10,5.0,-71.0,13.0,2025-04-02,AP-CIEN10,13.35933806146572,11.19070133963751,68.5865004026106,15.049645390070921,6.108747044917258
AP-BIBHUM07,5.0,-72.0,9.0,2025-04-02,AP-BIBHUM07,5.492981007431874,3.124690338563171,58.66555468948837,,
AP-MED60,2.4,-60.0,9.0,2025-04-02,AP-MED60,4.520882584712372,4.104806934594168,57.76101369730806,,
AP-BIBCIE01,5.0,-66.0,9.0,2025-04-03,AP-BIBCIE01,29.57274247491639,5.270903010033445,56.83050626497597,,
AP-BIBCIE01,5.0,-73.0,9.0,2025-04-03,AP-BIBCIE01,29.57274247491639,5.270903010033445,56.83050626497597,,
AP-DRET02,5.0,-76.0,9.0,2025-04-02,AP-DRET02,13.303388494877856,12.479905437352246,76.66042954593891,16.016548463356973,2.178092986603625
AP-BIBCIE01,5.0,-72.0,9.0,2025-04-03,AP-BIBCIE01,29.57274247491639,5.270903010033445,56.83050626497597,,
AP-MED27,5.0,-63.0,9.0,2025-04-02,AP-MED27,7.650118203309693,3.46414499605989,59.22019983417637,,
AP-BIBCIE01,5.0,-66.0,9.0,2025-04-03,AP-BIBCIE01,29.57274247491639,5.270903010033445,56.83050626497597,,
AP-SAF09,2.4,-61.0,9.0,2025-04-02,AP-SAF09,4.166272655634358,6.334121355397951,69.83521709897906,20.49330181245075,2.326241134751773
AP-LLET13,2.4,-34.0,14.0,2025-04-02,AP-LLET13,3.541431261770245,5.552730696798493,67.02572631105147,15.448210922787194,2.8342749529190208
AP-BIBCIE01,5.0,-57.0,9.0,2025-04-03,AP-BIBCIE01,29.57274247491639,5.270903010033445,56.83050626497597,,
AP-BIBCIE01,5.0,-62.0,9.0,2025-04-03,AP-BIBCIE01,29.57274247491639,5.270903010033445,56.83050626497597,,
AP-ICTAICP21,2.4,-67.0,9.0,2025-04-02,AP-ICTAICP21,2.016548463356974,2.103230890464933,60.14579735700765,,
AP-BIBCIE01,5.0,-56.0,9.0,2025-04-03,AP-BIBCIE01,29.57274247491639,5.270903010033445,56.83050626497597,,
AP-EST03,2.4,-53.0,9.0,2025-04-02,AP-EST03,8.933018124507486,3.976359338061466,58.41640315203282,,
AP-BIBCIE01,5.0,-61.0,9.0,2025-04-03,AP-BIBCIE01,29.57274247491639,5.270903010033445,56.83050626497597,,
AP-BIBCIE01,5.0,-68.0,9.0,2025-04-03,AP-BIBCIE01,29.57274247491639,5.270903010033445,56.83050626497597,,
AP-BIBCIE01,5.0,-70.0,9.0,2025-04-03,AP-BIBCIE01,29.57274247491639,5.270903010033445,56.83050626497597,,
AP-VET34,5.0,-79.0,9.0,2025-04-02,AP-VET34,5.8132387706855795,3.8037825059101653,58.01565006575542,,
AP-BIBCIE01,5.0,-66.0,9.0,2025-04-03,AP-BIBCIE01,29.57274247491639,5.270903010033445,56.83050626497597,,
AP-BIBCIE01,5.0,-60.0,9.0,2025-04-03,AP-BIBCIE01,29.57274247491639,5.270903010033445,56.83050626497597,,
AP-BIBCIE01,5.0,-71.0,9.0,2025-04-03,AP-BIBCIE01,29.57274247491639,5.270903010033445,56.83050626497597,,
AP-CIEN100,5.0,-88.0,14.0,2025-04-02,AP-CIEN100,7.092986603624902,6.608353033884949,67.03880603148183,15.049645390070921,2.868400315208826
AP-CIEN14,5.0,-72.0,9.0,2025-04-02,AP-CIEN14,4.774625689519307,10.331757289204099,72.50991557409637,17.23798266351458,2.771473601260835
AP-LLET55,5.0,-67.0,8.0,2025-04-03,AP-LLET55,17.171641791044777,12.7106135986733,71.52380172415106,16.028192371475953,11.14179104477612
AP-BIBCIE01,5.0,-68.0,9.0,2025-04-03,AP-BIBCIE01,29.57274247491639,5.270903010033445,56.83050626497597,,
AP-BIBCIE01,5.0,-60.0,9.0,2025-04-03,AP-BIBCIE01,29.57274247491639,5.270903010033445,56.83050626497597,,
AP-BIBCIE01,5.0,-61.0,9.0,2025-04-03,AP-BIBCIE01,29.57274247491639,5.270903010033445,56.83050626497597,,
AP-LLET55,5.0,-62.0,8.0,2025-04-03,AP-LLET55,17.171641791044777,12.7106135986733,71.52380172415106,16.028192371475953,11.14179104477612
AP-IBB01,5.0,-69.0,9.0,2025-04-02,AP-IBB01,3.7825059101654848,5.732072498029945,67.75718184957891,15.771473601260835,2.0598896769109536
AP-EDBLANC25,5.0,-45.0,7.0,2025-04-03,AP-EDBLANC25,2.66446499339498,4.803170409511228,57.93442398525577,,
AP-BIBCIE01,5.0,-65.0,9.0,2025-04-03,AP-BIBCIE01,29.57274247491639,5.270903010033445,56.83050626497597,,
AP-LLET55,5.0,-51.0,8.0,2025-04-03,AP-LLET55,17.171641791044777,12.7106135986733,71.52380172415106,16.028192371475953,11.14179104477612
AP-BIBCIE01,5.0,-78.0,9.0,2025-04-03,AP-BIBCIE01,29.57274247491639,5.270903010033445,56.83050626497597,,
AP-BIBCIE01,5.0,-66.0,9.0,2025-04-03,AP-BIBCIE01,29.57274247491639,5.270903010033445,56.83050626497597,,
AP-BIBCIE01,5.0,-89.0,9.0,2025-04-03,AP-BIBCIE01,29.57274247491639,5.270903010033445,56.83050626497597,,
AP-BIBCIE01,2.4,-51.0,9.0,2025-04-03,AP-BIBCIE01,29.57274247491639,5.270903010033445,56.83050626497597,,
AP-CIEN62,5.0,-71.0,9.0,2025-04-02,AP-CIEN62,4.314420803782506,10.156028368794326,70.50163227925907,20.29787234042553,6.331757289204098
AP-CCOM18,5.0,-84.0,9.0,2025-04-02,AP-CCOM18,7.157545605306799,9.690713101160862,76.0005730486936,15.0,1.6326699834162521
AP-BIBCIE01,5.0,-68.0,9.0,2025-04-03,AP-BIBCIE01,29.57274247491639,5.270903010033445,56.83050626497597,,
AP-BIBCIE01,5.0,-61.0,9.0,2025-04-03,AP-BIBCIE01,29.57274247491639,5.270903010033445,56.83050626497597,,
AP-BIBCIE01,5.0,-65.0,9.0,2025-04-03,AP-BIBCIE01,29.57274247491639,5.270903010033445,56.83050626497597,,
AP-BIBCIE01,5.0,-62.0,9.0,2025-04-03,AP-BIBCIE01,29.57274247491639,5.270903010033445,56.83050626497597,,
AP-BIBCIE01,2.4,-61.0,9.0,2025-04-03,AP-BIBCIE01,29.57274247491639,5.270903010033445,56.83050626497597,,
AP-BIBCIE03,2.4,-64.0,6.0,2025-04-03,AP-BIBCIE03,13.384927066450567,4.512155591572123,58.02007287516654,,
AP-BIBCIE01,5.0,-73.0,9.0,2025-04-03,AP-BIBCIE01,29.57274247491639,5.270903010033445,56.83050626497597,,
AP-BIBCIE01,5.0,-72.0,9.0,2025-04-03,AP-BIBCIE01,29.57274247491639,5.270903010033445,56.83050626497597,,
AP-BIBCIE01,5.0,-63.0,9.0,2025-04-03,AP-BIBCIE01,29.57274247491639,5.270903010033445,56.83050626497597,,
AP-BIBCIE01,5.0,-68.0,9.0,2025-04-03,AP-BIBCIE01,29.57274247491639,5.270903010033445,56.83050626497597,,
AP-BIBCIE01,5.0,-54.0,9.0,2025-04-03,AP-BIBCIE01,29.57274247491639,5.270903010033445,56.83050626497597,,
AP-MRB05,5.0,-63.0,9.0,2025-04-02,AP-MRB05,6.804570527974783,5.792750197005516,66.30574631461609,20.62647754137116,2.479905437352246
AP-CIEN14,5.0,-86.0,9.0,2025-04-02,AP-CIEN14,4.774625689519307,10.331757289204099,72.50991557409637,17.23798266351458,2.771473601260835
AP-BIBCIE01,5.0,-65.0,9.0,2025-04-03,AP-BIBCIE01,29.57274247491639,5.270903010033445,56.83050626497597,,
AP-BIBCIE01,5.0,-66.0,9.0,2025-04-03,AP-BIBCIE01,29.57274247491639,5.270903010033445,56.83050626497597,,
AP-MRB06,2.4,-70.0,9.0,2025-04-02,AP-MRB06,1.9330181245074862,5.077226162332545,65.61186831566789,18.0,1.4688731284475964
AP-LLET55,5.0,-80.0,8.0,2025-04-03,AP-LLET55,17.171641791044777,12.7106135986733,71.52380172415106,16.028192371475953,11.14179104477612
AP-BIBCIE01,5.0,-59.0,9.0,2025-04-03,AP-BIBCIE01,29.57274247491639,5.270903010033445,56.83050626497597,,
AP-BIBCIE01,5.0,-67.0,9.0,2025-04-03,AP-BIBCIE01,29.57274247491639,5.270903010033445,56.83050626497597,,
AP-BIBCIE01,5.0,-59.0,9.0,2025-04-03,AP-BIBCIE01,29.57274247491639,5.270903010033445,56.83050626497597,,
AP-BIBCIE01,5.0,-57.0,9.0,2025-04-03,AP-BIBCIE01,29.57274247491639,5.270903010033445,56.83050626497597,,
AP-BIBCIE01,5.0,-60.0,9.0,2025-04-03,AP-BIBCIE01,29.57274247491639,5.270903010033445,56.83050626497597,,
AP-BIBCIE01,5.0,-64.0,9.0,2025-04-03,AP-BIBCIE01,29.57274247491639,5.270903010033445,56.83050626497597,,
AP-BIBCIE01,5.0,-60.0,9.0,2025-04-03,AP-BIBCIE01,29.57274247491639,5.270903010033445,56.83050626497597,,
AP-BIBCIE01,5.0,-52.0,9.0,2025-04-03,AP-BIBCIE01,29.57274247491639,5.270903010033445,56.83050626497597,,
AP-POL10,5.0,-59.0,9.0,2025-04-02,AP-POL10,3.3325453112687153,3.925925925925926,58.613893051042744,,
AP-BIBCIE01,5.0,-57.0,9.0,2025-04-03,AP-BIBCIE01,29.57274247491639,5.270903010033445,56.83050626497597,,
AP-BIBCIE01,5.0,-59.0,9.0,2025-04-03,AP-BIBCIE01,29.57274247491639,5.270903010033445,56.83050626497597,,
AP-BIBCIE01,5.0,-68.0,9.0,2025-04-03,AP-BIBCIE01,29.57274247491639,5.270903010033445,56.83050626497597,,
AP-BIBCIE01,5.0,-68.0,9.0,2025-04-03,AP-BIBCIE01,29.57274247491639,5.270903010033445,56.83050626497597,,
AP-BIBCIE01,5.0,-54.0,9.0,2025-04-03,AP-BIBCIE01,29.57274247491639,5.270903010033445,56.83050626497597,,
AP-LLET55,5.0,-52.0,8.0,2025-04-03,AP-LLET55,17.171641791044777,12.7106135986733,71.52380172415106,16.028192371475953,11.14179104477612
AP-BIBCIE01,5.0,-59.0,9.0,2025-04-03,AP-BIBCIE01,29.57274247491639,5.270903010033445,56.83050626497597,,
AP-ETSE13,2.4,-66.0,9.0,2025-04-02,AP-ETSE13,7.055555555555555,3.6464646464646466,57.663506997225426,,
AP-BIBCIE01,5.0,-68.0,9.0,2025-04-03,AP-BIBCIE01,29.57274247491639,5.270903010033445,56.83050626497597,,
AP-VET77,2.4,-54.0,9.0,2025-04-02,AP-VET77,1.2293144208037825,2.0315208825847124,61.33445800668813,,
AP-REC09,2.4,-65.0,9.0,2025-04-02,AP-REC09,6.240346729708432,2.4814814814814814,57.954879676040456,,
AP-LLET49,5.0,-72.0,15.0,2025-04-02,AP-LLET49,2.5350669818754925,4.969267139479905,66.25891972657651,15.049645390070921,1.5122143420015761
AP-BIBCIE01,5.0,-61.0,9.0,2025-04-03,AP-BIBCIE01,29.57274247491639,5.270903010033445,56.83050626497597,,
AP-CCOM12,5.0,-70.0,9.0,2025-04-02,AP-CCOM12,3.239558707643814,3.289204097714736,57.180275090159846,,
AP-BIBCIE01,5.0,-62.0,9.0,2025-04-03,AP-BIBCIE01,29.57274247491639,5.270903010033445,56.83050626497597,,
AP-MED58,5.0,-49.0,14.0,2025-04-01,AP-MED58,1.9992119779353823,4.721040189125295,65.65384869667015,17.09613869188337,1.6587864460204886
AP-BIBCIE01,5.0,-61.0,9.0,2025-04-03,AP-BIBCIE01,29.57274247491639,5.270903010033445,56.83050626497597,,
AP-BIBCIE01,5.0,-64.0,9.0,2025-04-03,AP-BIBCIE01,29.57274247491639,5.270903010033445,56.83050626497597,,
AP-BIBCIE01,5.0,-60.0,9.0,2025-04-03,AP-BIBCIE01,29.57274247491639,5.270903010033445,56.83050626497597,,
AP-LLET55,5.0,-61.0,8.0,2025-04-03,AP-LLET55,17.171641791044777,12.7106135986733,71.52380172415106,16.028192371475953,11.14179104477612
AP-BIBCIE01,5.0,-73.0,9.0,2025-04-03,AP-BIBCIE01,29.57274247491639,5.270903010033445,56.83050626497597,,
AP-BIBCIE01,5.0,-51.0,9.0,2025-04-03,AP-BIBCIE01,29.57274247491639,5.270903010033445,56.83050626497597,,
AP-BIBHUM01,5.0,-47.0,9.0,2025-04-02,AP-BIBHUM01,8.308835672997523,4.284888521882742,57.42465264620139,,
AP-ETSE75,5.0,-85.0,9.0,2025-04-02,AP-ETSE75,7.476753349093775,10.493301812450749,71.96704453523064,17.0,4.5650118203309695
AP-BIBCIE01,5.0,-49.0,9.0,2025-04-03,AP-BIBCIE01,29.57274247491639,5.270903010033445,56.83050626497597,,
AP-BIBCIE01,5.0,-56.0,9.0,2025-04-03,AP-BIBCIE01,29.57274247491639,5.270903010033445,56.83050626497597,,
AP-BIBCIE01,5.0,-71.0,9.0,2025-04-03,AP-BIBCIE01,29.57274247491639,5.270903010033445,56.83050626497597,,
AP-BIBCIE01,5.0,-56.0,9.0,2025-04-03,AP-BIBCIE01,29.57274247491639,5.270903010033445,56.83050626497597,,
AP-BIBCIE01,5.0,-68.0,9.0,2025-04-03,AP-BIBCIE01,29.57274247491639,5.270903010033445,56.83050626497597,,
AP-BIBCIE01,5.0,-60.0,9.0,2025-04-03,AP-BIBCIE01,29.57274247491639,5.270903010033445,56.83050626497597,,
AP-VET76,5.0,-53.0,9.0,2025-04-02,AP-VET76,2.5041322314049586,1.2861570247933884,56.82525168260928,,
AP-BIBCIE03,5.0,-62.0,6.0,2025-04-03,AP-BIBCIE03,13.384927066450567,4.512155591572123,58.02007287516654,,
AP-BIBCIE01,5.0,-53.0,9.0,2025-04-03,AP-BIBCIE01,29.57274247491639,5.270903010033445,56.83050626497597,,
AP-BIBCIE01,5.0,-63.0,9.0,2025-04-03,AP-BIBCIE01,29.57274247491639,5.270903010033445,56.83050626497597,,
AP-MED59,5.0,-61.0,9.0,2025-04-02,AP-MED59,3.896719319562576,5.667071688942892,65.86008671840895,18.0,1.9501822600243013
AP-BIBCIE01,2.4,-43.0,9.0,2025-04-03,AP-BIBCIE01,29.57274247491639,5.270903010033445,56.83050626497597,,
AP-CIEN119,5.0,-44.0,14.0,2025-04-02,AP-CIEN119,7.693459416863672,8.044917257683215,67.85606166434653,15.018912529550827,3.9275019700551614
AP-CCOM41,2.4,-73.0,9.0,2025-04-02,AP-CCOM41,1.5216706067769898,2.9235618597320725,58.352800091649904,,
AP-CIEN103,5.0,-69.0,8.0,2025-04-03,AP-CIEN103,4.0754560530679935,5.752072968490879,66.27342846876435,16.16252072968491,2.459369817578773
AP-BIBCIE01,5.0,-54.0,9.0,2025-04-03,AP-BIBCIE01,29.57274247491639,5.270903010033445,56.83050626497597,,
AP-BIBCIE01,5.0,-63.0,9.0,2025-04-03,AP-BIBCIE01,29.57274247491639,5.270903010033445,56.83050626497597,,
AP-LLET55,5.0,-68.0,8.0,2025-04-03,AP-LLET55,17.171641791044777,12.7106135986733,71.52380172415106,16.028192371475953,11.14179104477612
AP-LLET55,5.0,-76.0,8.0,2025-04-03,AP-LLET55,17.171641791044777,12.7106135986733,71.52380172415106,16.028192371475953,11.14179104477612
AP-DRET02,5.0,-84.0,9.0,2025-04-02,AP-DRET02,13.303388494877856,12.479905437352246,76.66042954593891,16.016548463356973,2.178092986603625
AP-BIBCIE01,5.0,-66.0,9.0,2025-04-03,AP-BIBCIE01,29.57274247491639,5.270903010033445,56.83050626497597,,
AP-MED43,5.0,-51.0,9.0,2025-04-02,AP-MED43,3.045705279747833,21.04728132387707,56.718529154745205,,
AP-BIBCIE01,5.0,-56.0,9.0,2025-04-03,AP-BIBCIE01,29.57274247491639,5.270903010033445,56.83050626497597,,
AP-BIBCIE01,5.0,-53.0,9.0,2025-04-03,AP-BIBCIE01,29.57274247491639,5.270903010033445,56.83050626497597,,
AP-BIBCIE01,5.0,-62.0,9.0,2025-04-03,AP-BIBCIE01,29.57274247491639,5.270903010033445,56.83050626497597,,
AP-BIBCIE01,5.0,-63.0,9.0,2025-04-03,AP-BIBCIE01,29.57274247491639,5.270903010033445,56.83050626497597,,
AP-LLET55,5.0,-51.0,8.0,2025-04-03,AP-LLET55,17.171641791044777,12.7106135986733,71.52380172415106,16.028192371475953,11.14179104477612
AP-MED19,5.0,-64.0,9.0,2025-04-02,AP-MED19,1.5681639085894405,5.9763593380614655,69.56972870483868,15.0,2.1055949566587864
AP-BIBCIE01,5.0,-57.0,9.0,2025-04-03,AP-BIBCIE01,29.57274247491639,5.270903010033445,56.83050626497597,,
AP-MED59,5.0,-68.0,9.0,2025-04-02,AP-MED59,3.896719319562576,5.667071688942892,65.86008671840895,18.0,1.9501822600243013
AP-LLET55,5.0,-59.0,8.0,2025-04-03,AP-LLET55,17.171641791044777,12.7106135986733,71.52380172415106,16.028192371475953,11.14179104477612
AP-MED43,5.0,-47.0,9.0,2025-04-02,AP-MED43,3.045705279747833,21.04728132387707,56.718529154745205,,
AP-BIBCIE01,5.0,-45.0,9.0,2025-04-03,AP-BIBCIE01,29.57274247491639,5.270903010033445,56.83050626497597,,
AP-BIBCIE01,5.0,-53.0,9.0,2025-04-03,AP-BIBCIE01,29.57274247491639,5.270903010033445,56.83050626497597,,
AP-BIBCIE01,5.0,-56.0,9.0,2025-04-03,AP-BIBCIE01,29.57274247491639,5.270903010033445,56.83050626497597,,
AP-BIBCIE01,5.0,-62.0,9.0,2025-04-03,AP-BIBCIE01,29.57274247491639,5.270903010033445,56.83050626497597,,
AP-BIBCIE01,5.0,-73.0,9.0,2025-04-03,AP-BIBCIE01,29.57274247491639,5.270903010033445,56.83050626497597,,
AP-BIBCIE01,5.0,-56.0,9.0,2025-04-03,AP-BIBCIE01,29.57274247491639,5.270903010033445,56.83050626497597,,
AP-BIBCIE01,5.0,-54.0,9.0,2025-04-03,AP-BIBCIE01,29.57274247491639,5.270903010033445,56.83050626497597,,
AP-MED12,5.0,-55.0,9.0,2025-04-02,AP-MED12,2.8772782503037666,3.138517618469016,60.420496856304815,,
AP-BIBCIE01,5.0,-70.0,9.0,2025-04-03,AP-BIBCIE01,29.57274247491639,5.270903010033445,56.83050626497597,,
AP-BIBCIE01,5.0,-55.0,9.0,2025-04-03,AP-BIBCIE01,29.57274247491639,5.270903010033445,56.83050626497597,,
AP-MED48,5.0,-85.0,9.0,2025-04-02,AP-MED48,2.625,6.798611111111111,72.03447558663751,15.0,1.5416666666666667
AP-MED12,5.0,-51.0,9.0,2025-04-02,AP-MED12,2.8772782503037666,3.138517618469016,60.420496856304815,,
AP-BIBCIE01,5.0,-65.0,9.0,2025-04-03,AP-BIBCIE01,29.57274247491639,5.270903010033445,56.83050626497597,,
AP-BIBCIE01,5.0,-57.0,9.0,2025-04-03,AP-BIBCIE01,29.57274247491639,5.270903010033445,56.83050626497597,,
AP-BIBCIE01,5.0,-56.0,9.0,2025-04-03,AP-BIBCIE01,29.57274247491639,5.270903010033445,56.83050626497597,,
AP-BIBCIE01,5.0,-55.0,9.0,2025-04-03,AP-BIBCIE01,29.57274247491639,5.270903010033445,56.83050626497597,,
AP-BIBCIE01,5.0,-75.0,9.0,2025-04-03,AP-BIBCIE01,29.57274247491639,5.270903010033445,56.83050626497597,,
AP-BIBCIE01,5.0,-59.0,9.0,2025-04-03,AP-BIBCIE01,29.57274247491639,5.270903010033445,56.83050626497597,,
AP-BIBCIE01,5.0,-59.0,9.0,2025-04-03,AP-BIBCIE01,29.57274247491639,5.270903010033445,56.83050626497597,,
AP-BIBCIE01,5.0,-60.0,9.0,2025-04-03,AP-BIBCIE01,29.57274247491639,5.270903010033445,56.83050626497597,,
AP-BIBCIE01,5.0,-58.0,9.0,2025-04-03,AP-BIBCIE01,29.57274247491639,5.270903010033445,56.83050626497597,,
AP-BIBCIE01,5.0,-64.0,9.0,2025-04-03,AP-BIBCIE01,29.57274247491639,5.270903010033445,56.83050626497597,,
AP-LLET55,5.0,-62.0,8.0,2025-04-03,AP-LLET55,17.171641791044777,12.7106135986733,71.52380172415106,16.028192371475953,11.14179104477612
AP-BIBCIE01,5.0,-67.0,9.0,2025-04-03,AP-BIBCIE01,29.57274247491639,5.270903010033445,56.83050626497597,,
AP-CCOM18,5.0,-52.0,9.0,2025-04-02,AP-CCOM18,7.157545605306799,9.690713101160862,76.0005730486936,15.0,1.6326699834162521
AP-BIBCIE01,5.0,-61.0,9.0,2025-04-03,AP-BIBCIE01,29.57274247491639,5.270903010033445,56.83050626497597,,
AP-LLET55,5.0,-62.0,8.0,2025-04-03,AP-LLET55,17.171641791044777,12.7106135986733,71.52380172415106,16.028192371475953,11.14179104477612
AP-BIBCIE01,5.0,-62.0,9.0,2025-04-03,AP-BIBCIE01,29.57274247491639,5.270903010033445,56.83050626497597,,
AP-BIBCIE01,5.0,-63.0,9.0,2025-04-03,AP-BIBCIE01,29.57274247491639,5.270903010033445,56.83050626497597,,
AP-ICTAICP23,2.4,-51.0,9.0,2025-04-02,AP-ICTAICP23,1.2379826635145783,1.574468085106383,58.781480927636665,,
AP-BIBCIE01,5.0,-57.0,9.0,2025-04-03,AP-BIBCIE01,29.57274247491639,5.270903010033445,56.83050626497597,,
AP-BIBCIE01,5.0,-62.0,9.0,2025-04-03,AP-BIBCIE01,29.57274247491639,5.270903010033445,56.83050626497597,,
AP-BIBCIE01,5.0,-63.0,9.0,2025-04-03,AP-BIBCIE01,29.57274247491639,5.270903010033445,56.83050626497597,,
AP-BIBCIE01,5.0,-61.0,9.0,2025-04-03,AP-BIBCIE01,29.57274247491639,5.270903010033445,56.83050626497597,,
AP-CIEN10,5.0,-73.0,13.0,2025-04-02,AP-CIEN10,13.35933806146572,11.19070133963751,68.5865004026106,15.049645390070921,6.108747044917258
AP-BIBHUM07,5.0,-72.0,9.0,2025-04-02,AP-BIBHUM07,5.492981007431874,3.124690338563171,58.66555468948837,,
AP-MED60,2.4,-60.0,9.0,2025-04-02,AP-MED60,4.520882584712372,4.104806934594168,57.76101369730806,,
AP-LLET55,5.0,-61.0,8.0,2025-04-03,AP-LLET55,17.171641791044777,12.7106135986733,71.52380172415106,16.028192371475953,11.14179104477612
AP-DRET02,5.0,-76.0,9.0,2025-04-02,AP-DRET02,13.303388494877856,12.479905437352246,76.66042954593891,16.016548463356973,2.178092986603625
AP-BIBCIE01,5.0,-64.0,9.0,2025-04-03,AP-BIBCIE01,29.57274247491639,5.270903010033445,56.83050626497597,,
AP-SAF09,2.4,-61.0,9.0,2025-04-02,AP-SAF09,4.166272655634358,6.334121355397951,69.83521709897906,20.49330181245075,2.326241134751773
AP-LLET13,5.0,-56.0,14.0,2025-04-02,AP-LLET13,3.541431261770245,5.552730696798493,67.02572631105147,15.448210922787194,2.8342749529190208
AP-BIBCIE01,5.0,-63.0,9.0,2025-04-03,AP-BIBCIE01,29.57274247491639,5.270903010033445,56.83050626497597,,
AP-ICTAICP21,2.4,-68.0,9.0,2025-04-02,AP-ICTAICP21,2.016548463356974,2.103230890464933,60.14579735700765,,
AP-BIBCIE01,5.0,-58.0,9.0,2025-04-03,AP-BIBCIE01,29.57274247491639,5.270903010033445,56.83050626497597,,
AP-EST03,2.4,-57.0,9.0,2025-04-02,AP-EST03,8.933018124507486,3.976359338061466,58.41640315203282,,
AP-BIBCIE01,5.0,-64.0,9.0,2025-04-03,AP-BIBCIE01,29.57274247491639,5.270903010033445,56.83050626497597,,
AP-BIBCIE01,5.0,-67.0,9.0,2025-04-03,AP-BIBCIE01,29.57274247491639,5.270903010033445,56.83050626497597,,
AP-VET34,5.0,-75.0,9.0,2025-04-02,AP-VET34,5.8132387706855795,3.8037825059101653,58.01565006575542,,
AP-BIBCIE01,5.0,-65.0,9.0,2025-04-03,AP-BIBCIE01,29.57274247491639,5.270903010033445,56.83050626497597,,
AP-BIBCIE01,5.0,-63.0,9.0,2025-04-03,AP-BIBCIE01,29.57274247491639,5.270903010033445,56.83050626497597,,
AP-CIEN100,5.0,-88.0,14.0,2025-04-02,AP-CIEN100,7.092986603624902,6.608353033884949,67.03880603148183,15.049645390070921,2.868400315208826
AP-CIEN14,5.0,-72.0,9.0,2025-04-02,AP-CIEN14,4.774625689519307,10.331757289204099,72.50991557409637,17.23798266351458,2.771473601260835
AP-LLET55,5.0,-69.0,8.0,2025-04-03,AP-LLET55,17.171641791044777,12.7106135986733,71.52380172415106,16.028192371475953,11.14179104477612
AP-BIBCIE01,5.0,-78.0,9.0,2025-04-03,AP-BIBCIE01,29.57274247491639,5.270903010033445,56.83050626497597,,
AP-BIBCIE01,5.0,-59.0,9.0,2025-04-03,AP-BIBCIE01,29.57274247491639,5.270903010033445,56.83050626497597,,
AP-BIBCIE01,5.0,-58.0,9.0,2025-04-03,AP-BIBCIE01,29.57274247491639,5.270903010033445,56.83050626497597,,
AP-LLET55,5.0,-56.0,8.0,2025-04-03,AP-LLET55,17.171641791044777,12.7106135986733,71.52380172415106,16.028192371475953,11.14179104477612
AP-IBB01,5.0,-69.0,9.0,2025-04-02,AP-IBB01,3.7825059101654848,5.732072498029945,67.75718184957891,15.771473601260835,2.0598896769109536
AP-EDBLANC25,5.0,-47.0,7.0,2025-04-03,AP-EDBLANC25,2.66446499339498,4.803170409511228,57.93442398525577,,
AP-BIBCIE01,5.0,-67.0,9.0,2025-04-03,AP-BIBCIE01,29.57274247491639,5.270903010033445,56.83050626497597,,
AP-BIBCIE01,5.0,-70.0,9.0,2025-04-03,AP-BIBCIE01,29.57274247491639,5.270903010033445,56.83050626497597,,
AP-BIBCIE01,5.0,-66.0,9.0,2025-04-03,AP-BIBCIE01,29.57274247491639,5.270903010033445,56.83050626497597,,
AP-BIBCIE01,5.0,-69.0,9.0,2025-04-03,AP-BIBCIE01,29.57274247491639,5.270903010033445,56.83050626497597,,
AP-CIEN62,5.0,-71.0,9.0,2025-04-02,AP-CIEN62,4.314420803782506,10.156028368794326,70.50163227925907,20.29787234042553,6.331757289204098
AP-CCOM18,5.0,-84.0,9.0,2025-04-02,AP-CCOM18,7.157545605306799,9.690713101160862,76.0005730486936,15.0,1.6326699834162521
AP-BIBCIE01,5.0,-71.0,9.0,2025-04-03,AP-BIBCIE01,29.57274247491639,5.270903010033445,56.83050626497597,,
AP-BIBCIE01,5.0,-70.0,9.0,2025-04-03,AP-BIBCIE01,29.57274247491639,5.270903010033445,56.83050626497597,,
AP-VH12,5.0,-68.0,10.0,2025-04-03,AP-VH12,5.181818181818182,3.6363636363636362,61.505064143123995,,
AP-BIBCIE01,5.0,-64.0,9.0,2025-04-03,AP-BIBCIE01,29.57274247491639,5.270903010033445,56.83050626497597,,
AP-BIBCIE01,5.0,-57.0,9.0,2025-04-03,AP-BIBCIE01,29.57274247491639,5.270903010033445,56.83050626497597,,
AP-MRB05,5.0,-63.0,9.0,2025-04-02,AP-MRB05,6.804570527974783,5.792750197005516,66.30574631461609,20.62647754137116,2.479905437352246
AP-CIEN14,5.0,-86.0,9.0,2025-04-02,AP-CIEN14,4.774625689519307,10.331757289204099,72.50991557409637,17.23798266351458,2.771473601260835
AP-BIBCIE01,5.0,-70.0,9.0,2025-04-03,AP-BIBCIE01,29.57274247491639,5.270903010033445,56.83050626497597,,
AP-VH12,5.0,-55.0,10.0,2025-04-03,AP-VH12,5.181818181818182,3.6363636363636362,61.505064143123995,,
AP-MRB06,2.4,-71.0,9.0,2025-04-02,AP-MRB06,1.9330181245074862,5.077226162332545,65.61186831566789,18.0,1.4688731284475964
AP-BIBCIE01,5.0,-70.0,9.0,2025-04-03,AP-BIBCIE01,29.57274247491639,5.270903010033445,56.83050626497597,,
AP-BIBCIE01,5.0,-59.0,9.0,2025-04-03,AP-BIBCIE01,29.57274247491639,5.270903010033445,56.83050626497597,,
AP-BIBCIE01,5.0,-63.0,9.0,2025-04-03,AP-BIBCIE01,29.57274247491639,5.270903010033445,56.83050626497597,,
AP-BIBCIE01,5.0,-60.0,9.0,2025-04-03,AP-BIBCIE01,29.57274247491639,5.270903010033445,56.83050626497597,,
AP-BIBCIE01,5.0,-54.0,9.0,2025-04-03,AP-BIBCIE01,29.57274247491639,5.270903010033445,56.83050626497597,,
AP-POL10,5.0,-58.0,9.0,2025-04-02,AP-POL10,3.3325453112687153,3.925925925925926,58.613893051042744,,
AP-BIBCIE01,5.0,-67.0,9.0,2025-04-03,AP-BIBCIE01,29.57274247491639,5.270903010033445,56.83050626497597,,
AP-BIBCIE01,5.0,-54.0,9.0,2025-04-03,AP-BIBCIE01,29.57274247491639,5.270903010033445,56.83050626497597,,
AP-BIBCIE01,5.0,-51.0,9.0,2025-04-03,AP-BIBCIE01,29.57274247491639,5.270903010033445,56.83050626497597,,
AP-ETSE13,2.4,-65.0,9.0,2025-04-02,AP-ETSE13,7.055555555555555,3.6464646464646466,57.663506997225426,,
AP-BIBCIE01,5.0,-61.0,9.0,2025-04-03,AP-BIBCIE01,29.57274247491639,5.270903010033445,56.83050626497597,,
AP-VET77,2.4,-53.0,9.0,2025-04-02,AP-VET77,1.2293144208037825,2.0315208825847124,61.33445800668813,,
AP-REC09,2.4,-65.0,9.0,2025-04-02,AP-REC09,6.240346729708432,2.4814814814814814,57.954879676040456,,
AP-LLET49,5.0,-71.0,15.0,2025-04-02,AP-LLET49,2.5350669818754925,4.969267139479905,66.25891972657651,15.049645390070921,1.5122143420015761
AP-CCOM12,5.0,-69.0,9.0,2025-04-02,AP-CCOM12,3.239558707643814,3.289204097714736,57.180275090159846,,
AP-BIBCIE01,5.0,-62.0,9.0,2025-04-03,AP-BIBCIE01,29.57274247491639,5.270903010033445,56.83050626497597,,
AP-MED58,5.0,-55.0,14.0,2025-04-01,AP-MED58,1.9992119779353823,4.721040189125295,65.65384869667015,17.09613869188337,1.6587864460204886
AP-BIBCIE01,5.0,-63.0,9.0,2025-04-03,AP-BIBCIE01,29.57274247491639,5.270903010033445,56.83050626497597,,
AP-VH12,5.0,-65.0,10.0,2025-04-03,AP-VH12,5.181818181818182,3.6363636363636362,61.505064143123995,,
AP-BIBCIE01,5.0,-57.0,9.0,2025-04-03,AP-BIBCIE01,29.57274247491639,5.270903010033445,56.83050626497597,,
AP-LLET55,5.0,-61.0,8.0,2025-04-03,AP-LLET55,17.171641791044777,12.7106135986733,71.52380172415106,16.028192371475953,11.14179104477612
AP-BIBCIE01,5.0,-60.0,9.0,2025-04-03,AP-BIBCIE01,29.57274247491639,5.270903010033445,56.83050626497597,,
AP-BIBCIE01,5.0,-49.0,9.0,2025-04-03,AP-BIBCIE01,29.57274247491639,5.270903010033445,56.83050626497597,,
AP-BIBHUM01,5.0,-46.0,9.0,2025-04-02,AP-BIBHUM01,8.308835672997523,4.284888521882742,57.42465264620139,,
AP-ETSE75,5.0,-85.0,9.0,2025-04-02,AP-ETSE75,7.476753349093775,10.493301812450749,71.96704453523064,17.0,4.5650118203309695
AP-BIBCIE01,5.0,-54.0,9.0,2025-04-03,AP-BIBCIE01,29.57274247491639,5.270903010033445,56.83050626497597,,
AP-BIBCIE01,5.0,-71.0,9.0,2025-04-03,AP-BIBCIE01,29.57274247491639,5.270903010033445,56.83050626497597,,
AP-BIBCIE01,5.0,-68.0,9.0,2025-04-03,AP-BIBCIE01,29.57274247491639,5.270903010033445,56.83050626497597,,
AP-BIBCIE01,5.0,-61.0,9.0,2025-04-03,AP-BIBCIE01,29.57274247491639,5.270903010033445,56.83050626497597,,
AP-VET76,5.0,-52.0,9.0,2025-04-02,AP-VET76,2.5041322314049586,1.2861570247933884,56.82525168260928,,
AP-BIBCIE03,5.0,-61.0,6.0,2025-04-03,AP-BIBCIE03,13.384927066450567,4.512155591572123,58.02007287516654,,
AP-VH12,5.0,-67.0,10.0,2025-04-03,AP-VH12,5.181818181818182,3.6363636363636362,61.505064143123995,,
AP-BIBCIE01,5.0,-60.0,9.0,2025-04-03,AP-BIBCIE01,29.57274247491639,5.270903010033445,56.83050626497597,,
AP-MED59,5.0,-60.0,9.0,2025-04-02,AP-MED59,3.896719319562576,5.667071688942892,65.86008671840895,18.0,1.9501822600243013
AP-BIBCIE01,2.4,-47.0,9.0,2025-04-03,AP-BIBCIE01,29.57274247491639,5.270903010033445,56.83050626497597,,
AP-CIEN119,5.0,-44.0,14.0,2025-04-02,AP-CIEN119,7.693459416863672,8.044917257683215,67.85606166434653,15.018912529550827,3.9275019700551614
AP-CCOM41,2.4,-72.0,9.0,2025-04-02,AP-CCOM41,1.5216706067769898,2.9235618597320725,58.352800091649904,,
AP-CIEN103,5.0,-47.0,8.0,2025-04-03,AP-CIEN103,4.0754560530679935,5.752072968490879,66.27342846876435,16.16252072968491,2.459369817578773
AP-BIBCIE01,2.4,-70.0,9.0,2025-04-03,AP-BIBCIE01,29.57274247491639,5.270903010033445,56.83050626497597,,
AP-BIBCIE01,5.0,-55.0,9.0,2025-04-03,AP-BIBCIE01,29.57274247491639,5.270903010033445,56.83050626497597,,
AP-BIBCIE01,5.0,-68.0,9.0,2025-04-03,AP-BIBCIE01,29.57274247491639,5.270903010033445,56.83050626497597,,
AP-DRET02,5.0,-84.0,9.0,2025-04-02,AP-DRET02,13.303388494877856,12.479905437352246,76.66042954593891,16.016548463356973,2.178092986603625
AP-BIBCIE01,5.0,-62.0,9.0,2025-04-03,AP-BIBCIE01,29.57274247491639,5.270903010033445,56.83050626497597,,
AP-BIBCIE01,5.0,-66.0,9.0,2025-04-03,AP-BIBCIE01,29.57274247491639,5.270903010033445,56.83050626497597,,
AP-MED43,5.0,-51.0,9.0,2025-04-02,AP-MED43,3.045705279747833,21.04728132387707,56.718529154745205,,
AP-BIBCIE01,5.0,-61.0,9.0,2025-04-03,AP-BIBCIE01,29.57274247491639,5.270903010033445,56.83050626497597,,
AP-BIBCIE01,5.0,-56.0,9.0,2025-04-03,AP-BIBCIE01,29.57274247491639,5.270903010033445,56.83050626497597,,
AP-VH12,2.4,-72.0,10.0,2025-04-03,AP-VH12,5.181818181818182,3.6363636363636362,61.505064143123995,,
AP-BIBCIE01,5.0,-61.0,9.0,2025-04-03,AP-BIBCIE01,29.57274247491639,5.270903010033445,56.83050626497597,,
AP-BIBCIE01,5.0,-58.0,9.0,2025-04-03,AP-BIBCIE01,29.57274247491639,5.270903010033445,56.83050626497597,,
AP-LLET55,5.0,-56.0,8.0,2025-04-03,AP-LLET55,17.171641791044777,12.7106135986733,71.52380172415106,16.028192371475953,11.14179104477612
AP-MED19,5.0,-64.0,9.0,2025-04-02,AP-MED19,1.5681639085894405,5.9763593380614655,69.56972870483868,15.0,2.1055949566587864
AP-BIBCIE01,5.0,-60.0,9.0,2025-04-03,AP-BIBCIE01,29.57274247491639,5.270903010033445,56.83050626497597,,
AP-MED59,5.0,-68.0,9.0,2025-04-02,AP-MED59,3.896719319562576,5.667071688942892,65.86008671840895,18.0,1.9501822600243013
AP-LLET55,5.0,-62.0,8.0,2025-04-03,AP-LLET55,17.171641791044777,12.7106135986733,71.52380172415106,16.028192371475953,11.14179104477612
AP-MED43,5.0,-47.0,9.0,2025-04-02,AP-MED43,3.045705279747833,21.04728132387707,56.718529154745205,,
AP-BIBCIE01,5.0,-48.0,9.0,2025-04-03,AP-BIBCIE01,29.57274247491639,5.270903010033445,56.83050626497597,,
AP-BIBCIE01,5.0,-55.0,9.0,2025-04-03,AP-BIBCIE01,29.57274247491639,5.270903010033445,56.83050626497597,,
AP-BIBCIE01,5.0,-55.0,9.0,2025-04-03,AP-BIBCIE01,29.57274247491639,5.270903010033445,56.83050626497597,,
AP-BIBCIE01,5.0,-61.0,9.0,2025-04-03,AP-BIBCIE01,29.57274247491639,5.270903010033445,56.83050626497597,,
AP-BIBCIE01,5.0,-53.0,9.0,2025-04-03,AP-BIBCIE01,29.57274247491639,5.270903010033445,56.83050626497597,,
AP-MED12,5.0,-53.0,9.0,2025-04-02,AP-MED12,2.8772782503037666,3.138517618469016,60.420496856304815,,
AP-BIBCIE01,5.0,-60.0,9.0,2025-04-03,AP-BIBCIE01,29.57274247491639,5.270903010033445,56.83050626497597,,
AP-BIBCIE01,5.0,-73.0,9.0,2025-04-03,AP-BIBCIE01,29.57274247491639,5.270903010033445,56.83050626497597,,
AP-BIBCIE01,5.0,-52.0,9.0,2025-04-03,AP-BIBCIE01,29.57274247491639,5.270903010033445,56.83050626497597,,
AP-VH12,5.0,-62.0,10.0,2025-04-03,AP-VH12,5.181818181818182,3.6363636363636362,61.505064143123995,,
AP-MED48,5.0,-85.0,9.0,2025-04-02,AP-MED48,2.625,6.798611111111111,72.03447558663751,15.0,1.5416666666666667
AP-MED12,5.0,-56.0,9.0,2025-04-02,AP-MED12,2.8772782503037666,3.138517618469016,60.420496856304815,,
AP-BIBCIE01,5.0,-61.0,9.0,2025-04-03,AP-BIBCIE01,29.57274247491639,5.270903010033445,56.83050626497597,,
AP-BIBCIE01,5.0,-59.0,9.0,2025-04-03,AP-BIBCIE01,29.57274247491639,5.270903010033445,56.83050626497597,,
AP-BIBCIE01,5.0,-57.0,9.0,2025-04-03,AP-BIBCIE01,29.57274247491639,5.270903010033445,56.83050626497597,,
AP-BIBCIE01,5.0,-55.0,9.0,2025-04-03,AP-BIBCIE01,29.57274247491639,5.270903010033445,56.83050626497597,,
AP-BIBCIE01,5.0,-62.0,9.0,2025-04-03,AP-BIBCIE01,29.57274247491639,5.270903010033445,56.83050626497597,,
AP-BIBCIE01,5.0,-63.0,9.0,2025-04-03,AP-BIBCIE01,29.57274247491639,5.270903010033445,56.83050626497597,,
AP-BIBCIE01,5.0,-64.0,9.0,2025-04-03,AP-BIBCIE01,29.57274247491639,5.270903010033445,56.83050626497597,,
AP-BIBCIE01,5.0,-59.0,9.0,2025-04-03,AP-BIBCIE01,29.57274247491639,5.270903010033445,56.83050626497597,,
AP-BIBCIE01,5.0,-63.0,9.0,2025-04-03,AP-BIBCIE01,29.57274247491639,5.270903010033445,56.83050626497597,,
AP-LLET55,5.0,-62.0,8.0,2025-04-03,AP-LLET55,17.171641791044777,12.7106135986733,71.52380172415106,16.028192371475953,11.14179104477612
AP-BIBCIE01,5.0,-69.0,9.0,2025-04-03,AP-BIBCIE01,29.57274247491639,5.270903010033445,56.83050626497597,,
AP-BIBCIE01,5.0,-60.0,9.0,2025-04-03,AP-BIBCIE01,29.57274247491639,5.270903010033445,56.83050626497597,,
AP-LLET55,5.0,-62.0,8.0,2025-04-03,AP-LLET55,17.171641791044777,12.7106135986733,71.52380172415106,16.028192371475953,11.14179104477612
AP-BIBCIE01,5.0,-67.0,9.0,2025-04-03,AP-BIBCIE01,29.57274247491639,5.270903010033445,56.83050626497597,,
AP-ICTAICP23,2.4,-50.0,9.0,2025-04-02,AP-ICTAICP23,1.2379826635145783,1.574468085106383,58.781480927636665,,
AP-BIBCIE01,5.0,-62.0,9.0,2025-04-03,AP-BIBCIE01,29.57274247491639,5.270903010033445,56.83050626497597,,
AP-VH12,5.0,-53.0,10.0,2025-04-03,AP-VH12,5.181818181818182,3.6363636363636362,61.505064143123995,,
AP-BIBCIE01,5.0,-65.0,9.0,2025-04-03,AP-BIBCIE01,29.57274247491639,5.270903010033445,56.83050626497597,,
AP-CIEN10,5.0,-72.0,13.0,2025-04-02,AP-CIEN10,13.35933806146572,11.19070133963751,68.5865004026106,15.049645390070921,6.108747044917258
AP-BIBHUM07,5.0,-74.0,9.0,2025-04-02,AP-BIBHUM07,5.492981007431874,3.124690338563171,58.66555468948837,,
AP-MED60,2.4,-57.0,9.0,2025-04-02,AP-MED60,4.520882584712372,4.104806934594168,57.76101369730806,,
AP-LLET55,5.0,-60.0,8.0,2025-04-03,AP-LLET55,17.171641791044777,12.7106135986733,71.52380172415106,16.028192371475953,11.14179104477612
AP-DRET02,5.0,-76.0,9.0,2025-04-02,AP-DRET02,13.303388494877856,12.479905437352246,76.66042954593891,16.016548463356973,2.178092986603625
AP-BIBCIE01,5.0,-63.0,9.0,2025-04-03,AP-BIBCIE01,29.57274247491639,5.270903010033445,56.83050626497597,,
AP-SAF09,2.4,-61.0,9.0,2025-04-02,AP-SAF09,4.166272655634358,6.334121355397951,69.83521709897906,20.49330181245075,2.326241134751773
AP-LLET13,5.0,-58.0,14.0,2025-04-02,AP-LLET13,3.541431261770245,5.552730696798493,67.02572631105147,15.448210922787194,2.8342749529190208
AP-ICTAICP21,2.4,-67.0,9.0,2025-04-02,AP-ICTAICP21,2.016548463356974,2.103230890464933,60.14579735700765,,
AP-VH12,5.0,-63.0,10.0,2025-04-03,AP-VH12,5.181818181818182,3.6363636363636362,61.505064143123995,,
AP-EST03,2.4,-63.0,9.0,2025-04-02,AP-EST03,8.933018124507486,3.976359338061466,58.41640315203282,,
AP-BIBCIE01,5.0,-63.0,9.0,2025-04-03,AP-BIBCIE01,29.57274247491639,5.270903010033445,56.83050626497597,,
AP-BIBCIE01,5.0,-68.0,9.0,2025-04-03,AP-BIBCIE01,29.57274247491639,5.270903010033445,56.83050626497597,,
AP-VET34,5.0,-77.0,9.0,2025-04-02,AP-VET34,5.8132387706855795,3.8037825059101653,58.01565006575542,,
AP-BIBCIE01,5.0,-71.0,9.0,2025-04-03,AP-BIBCIE01,29.57274247491639,5.270903010033445,56.83050626497597,,
AP-BIBCIE01,5.0,-56.0,9.0,2025-04-03,AP-BIBCIE01,29.57274247491639,5.270903010033445,56.83050626497597,,
AP-CIEN14,5.0,-72.0,9.0,2025-04-02,AP-CIEN14,4.774625689519307,10.331757289204099,72.50991557409637,17.23798266351458,2.771473601260835
AP-LLET55,5.0,-68.0,8.0,2025-04-03,AP-LLET55,17.171641791044777,12.7106135986733,71.52380172415106,16.028192371475953,11.14179104477612
AP-BIBCIE01,5.0,-66.0,9.0,2025-04-03,AP-BIBCIE01,29.57274247491639,5.270903010033445,56.83050626497597,,
AP-BIBCIE01,5.0,-60.0,9.0,2025-04-03,AP-BIBCIE01,29.57274247491639,5.270903010033445,56.83050626497597,,
AP-BIBCIE01,5.0,-58.0,9.0,2025-04-03,AP-BIBCIE01,29.57274247491639,5.270903010033445,56.83050626497597,,
AP-IBB01,5.0,-67.0,9.0,2025-04-02,AP-IBB01,3.7825059101654848,5.732072498029945,67.75718184957891,15.771473601260835,2.0598896769109536
AP-EDBLANC25,5.0,-47.0,7.0,2025-04-03,AP-EDBLANC25,2.66446499339498,4.803170409511228,57.93442398525577,,
AP-BIBCIE01,5.0,-64.0,9.0,2025-04-03,AP-BIBCIE01,29.57274247491639,5.270903010033445,56.83050626497597,,
AP-BIBCIE01,5.0,-68.0,9.0,2025-04-03,AP-BIBCIE01,29.57274247491639,5.270903010033445,56.83050626497597,,
AP-BIBCIE01,5.0,-64.0,9.0,2025-04-03,AP-BIBCIE01,29.57274247491639,5.270903010033445,56.83050626497597,,
AP-CIEN62,5.0,-71.0,9.0,2025-04-02,AP-CIEN62,4.314420803782506,10.156028368794326,70.50163227925907,20.29787234042553,6.331757289204098
AP-CCOM18,5.0,-84.0,9.0,2025-04-02,AP-CCOM18,7.157545605306799,9.690713101160862,76.0005730486936,15.0,1.6326699834162521
AP-BIBCIE01,5.0,-75.0,9.0,2025-04-03,AP-BIBCIE01,29.57274247491639,5.270903010033445,56.83050626497597,,
AP-VH12,5.0,-64.0,10.0,2025-04-03,AP-VH12,5.181818181818182,3.6363636363636362,61.505064143123995,,
AP-BIBCIE01,5.0,-64.0,9.0,2025-04-03,AP-BIBCIE01,29.57274247491639,5.270903010033445,56.83050626497597,,
AP-BIBCIE01,5.0,-57.0,9.0,2025-04-03,AP-BIBCIE01,29.57274247491639,5.270903010033445,56.83050626497597,,
AP-MRB05,5.0,-63.0,9.0,2025-04-02,AP-MRB05,6.804570527974783,5.792750197005516,66.30574631461609,20.62647754137116,2.479905437352246
AP-CIEN14,5.0,-86.0,9.0,2025-04-02,AP-CIEN14,4.774625689519307,10.331757289204099,72.50991557409637,17.23798266351458,2.771473601260835
AP-BIBCIE01,5.0,-67.0,9.0,2025-04-03,AP-BIBCIE01,29.57274247491639,5.270903010033445,56.83050626497597,,
AP-VH12,5.0,-56.0,10.0,2025-04-03,AP-VH12,5.181818181818182,3.6363636363636362,61.505064143123995,,
AP-MRB06,2.4,-72.0,9.0,2025-04-02,AP-MRB06,1.9330181245074862,5.077226162332545,65.61186831566789,18.0,1.4688731284475964
AP-BIBCIE01,5.0,-72.0,9.0,2025-04-03,AP-BIBCIE01,29.57274247491639,5.270903010033445,56.83050626497597,,
AP-BIBCIE01,5.0,-60.0,9.0,2025-04-03,AP-BIBCIE01,29.57274247491639,5.270903010033445,56.83050626497597,,
AP-BIBCIE01,5.0,-67.0,9.0,2025-04-03,AP-BIBCIE01,29.57274247491639,5.270903010033445,56.83050626497597,,
AP-BIBCIE01,5.0,-64.0,9.0,2025-04-03,AP-BIBCIE01,29.57274247491639,5.270903010033445,56.83050626497597,,
AP-BIBCIE01,5.0,-55.0,9.0,2025-04-03,AP-BIBCIE01,29.57274247491639,5.270903010033445,56.83050626497597,,
AP-POL10,5.0,-58.0,9.0,2025-04-02,AP-POL10,3.3325453112687153,3.925925925925926,58.613893051042744,,
AP-BIBCIE01,5.0,-64.0,9.0,2025-04-03,AP-BIBCIE01,29.57274247491639,5.270903010033445,56.83050626497597,,
AP-ETSE13,2.4,-70.0,9.0,2025-04-02,AP-ETSE13,7.055555555555555,3.6464646464646466,57.663506997225426,,
AP-BIBCIE01,5.0,-59.0,9.0,2025-04-03,AP-BIBCIE01,29.57274247491639,5.270903010033445,56.83050626497597,,
AP-VET77,2.4,-54.0,9.0,2025-04-02,AP-VET77,1.2293144208037825,2.0315208825847124,61.33445800668813,,
AP-REC09,2.4,-67.0,9.0,2025-04-02,AP-REC09,6.240346729708432,2.4814814814814814,57.954879676040456,,
AP-LLET49,5.0,-70.0,15.0,2025-04-02,AP-LLET49,2.5350669818754925,4.969267139479905,66.25891972657651,15.049645390070921,1.5122143420015761
AP-CCOM12,5.0,-69.0,9.0,2025-04-02,AP-CCOM12,3.239558707643814,3.289204097714736,57.180275090159846,,
AP-BIBCIE01,5.0,-68.0,9.0,2025-04-03,AP-BIBCIE01,29.57274247491639,5.270903010033445,56.83050626497597,,
AP-MED58,5.0,-56.0,14.0,2025-04-01,AP-MED58,1.9992119779353823,4.721040189125295,65.65384869667015,17.09613869188337,1.6587864460204886
AP-BIBCIE01,5.0,-63.0,9.0,2025-04-03,AP-BIBCIE01,29.57274247491639,5.270903010033445,56.83050626497597,,
AP-VH12,5.0,-60.0,10.0,2025-04-03,AP-VH12,5.181818181818182,3.6363636363636362,61.505064143123995,,
AP-BIBCIE01,5.0,-63.0,9.0,2025-04-03,AP-BIBCIE01,29.57274247491639,5.270903010033445,56.83050626497597,,
AP-LLET55,5.0,-64.0,8.0,2025-04-03,AP-LLET55,17.171641791044777,12.7106135986733,71.52380172415106,16.028192371475953,11.14179104477612
AP-BIBCIE01,5.0,-61.0,9.0,2025-04-03,AP-BIBCIE01,29.57274247491639,5.270903010033445,56.83050626497597,,
AP-BIBCIE01,5.0,-53.0,9.0,2025-04-03,AP-BIBCIE01,29.57274247491639,5.270903010033445,56.83050626497597,,
AP-BIBHUM01,5.0,-45.0,9.0,2025-04-02,AP-BIBHUM01,8.308835672997523,4.284888521882742,57.42465264620139,,
AP-ETSE75,5.0,-85.0,9.0,2025-04-02,AP-ETSE75,7.476753349093775,10.493301812450749,71.96704453523064,17.0,4.5650118203309695
AP-BIBCIE01,5.0,-72.0,9.0,2025-04-03,AP-BIBCIE01,29.57274247491639,5.270903010033445,56.83050626497597,,
AP-BIBCIE01,5.0,-67.0,9.0,2025-04-03,AP-BIBCIE01,29.57274247491639,5.270903010033445,56.83050626497597,,
AP-BIBCIE01,5.0,-60.0,9.0,2025-04-03,AP-BIBCIE01,29.57274247491639,5.270903010033445,56.83050626497597,,
AP-VET76,5.0,-54.0,9.0,2025-04-02,AP-VET76,2.5041322314049586,1.2861570247933884,56.82525168260928,,
AP-BIBCIE03,5.0,-60.0,6.0,2025-04-03,AP-BIBCIE03,13.384927066450567,4.512155591572123,58.02007287516654,,
AP-VH12,5.0,-67.0,10.0,2025-04-03,AP-VH12,5.181818181818182,3.6363636363636362,61.505064143123995,,
AP-BIBCIE01,5.0,-61.0,9.0,2025-04-03,AP-BIBCIE01,29.57274247491639,5.270903010033445,56.83050626497597,,
AP-MED59,5.0,-60.0,9.0,2025-04-02,AP-MED59,3.896719319562576,5.667071688942892,65.86008671840895,18.0,1.9501822600243013
AP-BIBCIE01,5.0,-60.0,9.0,2025-04-03,AP-BIBCIE01,29.57274247491639,5.270903010033445,56.83050626497597,,
AP-CIEN119,5.0,-44.0,14.0,2025-04-02,AP-CIEN119,7.693459416863672,8.044917257683215,67.85606166434653,15.018912529550827,3.9275019700551614
AP-CCOM41,2.4,-72.0,9.0,2025-04-02,AP-CCOM41,1.5216706067769898,2.9235618597320725,58.352800091649904,,
AP-CIEN103,5.0,-48.0,8.0,2025-04-03,AP-CIEN103,4.0754560530679935,5.752072968490879,66.27342846876435,16.16252072968491,2.459369817578773
AP-BIBCIE01,2.4,-40.0,9.0,2025-04-03,AP-BIBCIE01,29.57274247491639,5.270903010033445,56.83050626497597,,
AP-BIBCIE01,5.0,-56.0,9.0,2025-04-03,AP-BIBCIE01,29.57274247491639,5.270903010033445,56.83050626497597,,
AP-VH12,5.0,-58.0,10.0,2025-04-03,AP-VH12,5.181818181818182,3.6363636363636362,61.505064143123995,,
AP-DRET02,5.0,-84.0,9.0,2025-04-02,AP-DRET02,13.303388494877856,12.479905437352246,76.66042954593891,16.016548463356973,2.178092986603625
AP-BIBCIE01,5.0,-61.0,9.0,2025-04-03,AP-BIBCIE01,29.57274247491639,5.270903010033445,56.83050626497597,,
AP-BIBCIE01,5.0,-64.0,9.0,2025-04-03,AP-BIBCIE01,29.57274247491639,5.270903010033445,56.83050626497597,,
AP-MED43,5.0,-52.0,9.0,2025-04-02,AP-MED43,3.045705279747833,21.04728132387707,56.718529154745205,,
AP-BIBCIE01,5.0,-61.0,9.0,2025-04-03,AP-BIBCIE01,29.57274247491639,5.270903010033445,56.83050626497597,,
AP-BIBCIE01,5.0,-56.0,9.0,2025-04-03,AP-BIBCIE01,29.57274247491639,5.270903010033445,56.83050626497597,,
AP-VH12,5.0,-58.0,10.0,2025-04-03,AP-VH12,5.181818181818182,3.6363636363636362,61.505064143123995,,
AP-BIBCIE01,5.0,-64.0,9.0,2025-04-03,AP-BIBCIE01,29.57274247491639,5.270903010033445,56.83050626497597,,
AP-MED19,5.0,-64.0,9.0,2025-04-02,AP-MED19,1.5681639085894405,5.9763593380614655,69.56972870483868,15.0,2.1055949566587864
AP-BIBCIE01,5.0,-59.0,9.0,2025-04-03,AP-BIBCIE01,29.57274247491639,5.270903010033445,56.83050626497597,,
AP-MED59,5.0,-69.0,9.0,2025-04-02,AP-MED59,3.896719319562576,5.667071688942892,65.86008671840895,18.0,1.9501822600243013
AP-MED43,5.0,-47.0,9.0,2025-04-02,AP-MED43,3.045705279747833,21.04728132387707,56.718529154745205,,
AP-BIBCIE01,5.0,-80.0,9.0,2025-04-03,AP-BIBCIE01,29.57274247491639,5.270903010033445,56.83050626497597,,
AP-BIBCIE01,5.0,-53.0,9.0,2025-04-03,AP-BIBCIE01,29.57274247491639,5.270903010033445,56.83050626497597,,
AP-BIBCIE01,5.0,-53.0,9.0,2025-04-03,AP-BIBCIE01,29.57274247491639,5.270903010033445,56.83050626497597,,
AP-BIBCIE01,5.0,-56.0,9.0,2025-04-03,AP-BIBCIE01,29.57274247491639,5.270903010033445,56.83050626497597,,
AP-BIBCIE01,5.0,-54.0,9.0,2025-04-03,AP-BIBCIE01,29.57274247491639,5.270903010033445,56.83050626497597,,
AP-MED12,5.0,-53.0,9.0,2025-04-02,AP-MED12,2.8772782503037666,3.138517618469016,60.420496856304815,,
AP-BIBCIE01,5.0,-67.0,9.0,2025-04-03,AP-BIBCIE01,29.57274247491639,5.270903010033445,56.83050626497597,,
AP-BIBCIE01,5.0,-54.0,9.0,2025-04-03,AP-BIBCIE01,29.57274247491639,5.270903010033445,56.83050626497597,,
AP-VH12,5.0,-54.0,10.0,2025-04-03,AP-VH12,5.181818181818182,3.6363636363636362,61.505064143123995,,
AP-MED48,5.0,-85.0,9.0,2025-04-02,AP-MED48,2.625,6.798611111111111,72.03447558663751,15.0,1.5416666666666667
AP-MED12,5.0,-55.0,9.0,2025-04-02,AP-MED12,2.8772782503037666,3.138517618469016,60.420496856304815,,
AP-BIBCIE01,5.0,-61.0,9.0,2025-04-03,AP-BIBCIE01,29.57274247491639,5.270903010033445,56.83050626497597,,
AP-BIBCIE01,5.0,-52.0,9.0,2025-04-03,AP-BIBCIE01,29.57274247491639,5.270903010033445,56.83050626497597,,
AP-VH12,2.4,-38.0,10.0,2025-04-03,AP-VH12,5.181818181818182,3.6363636363636362,61.505064143123995,,
AP-BIBCIE01,5.0,-61.0,9.0,2025-04-03,AP-BIBCIE01,29.57274247491639,5.270903010033445,56.83050626497597,,
AP-BIBCIE01,5.0,-63.0,9.0,2025-04-03,AP-BIBCIE01,29.57274247491639,5.270903010033445,56.83050626497597,,
AP-BIBCIE01,5.0,-58.0,9.0,2025-04-03,AP-BIBCIE01,29.57274247491639,5.270903010033445,56.83050626497597,,
AP-BIBCIE01,5.0,-61.0,9.0,2025-04-03,AP-BIBCIE01,29.57274247491639,5.270903010033445,56.83050626497597,,
AP-LLET55,5.0,-62.0,8.0,2025-04-03,AP-LLET55,17.171641791044777,12.7106135986733,71.52380172415106,16.028192371475953,11.14179104477612
AP-BIBCIE01,5.0,-64.0,9.0,2025-04-03,AP-BIBCIE01,29.57274247491639,5.270903010033445,56.83050626497597,,
AP-BIBCIE01,5.0,-63.0,9.0,2025-04-03,AP-BIBCIE01,29.57274247491639,5.270903010033445,56.83050626497597,,
AP-LLET55,5.0,-61.0,8.0,2025-04-03,AP-LLET55,17.171641791044777,12.7106135986733,71.52380172415106,16.028192371475953,11.14179104477612
AP-BIBCIE01,5.0,-63.0,9.0,2025-04-03,AP-BIBCIE01,29.57274247491639,5.270903010033445,56.83050626497597,,
AP-ICTAICP23,2.4,-50.0,9.0,2025-04-02,AP-ICTAICP23,1.2379826635145783,1.574468085106383,58.781480927636665,,
AP-VH12,5.0,-56.0,10.0,2025-04-03,AP-VH12,5.181818181818182,3.6363636363636362,61.505064143123995,,
AP-BIBCIE01,5.0,-64.0,9.0,2025-04-03,AP-BIBCIE01,29.57274247491639,5.270903010033445,56.83050626497597,,
AP-CIEN10,5.0,-71.0,13.0,2025-04-02,AP-CIEN10,13.35933806146572,11.19070133963751,68.5865004026106,15.049645390070921,6.108747044917258
AP-BIBHUM07,5.0,-75.0,9.0,2025-04-02,AP-BIBHUM07,5.492981007431874,3.124690338563171,58.66555468948837,,
AP-MED60,2.4,-57.0,9.0,2025-04-02,AP-MED60,4.520882584712372,4.104806934594168,57.76101369730806,,
AP-LLET55,5.0,-62.0,8.0,2025-04-03,AP-LLET55,17.171641791044777,12.7106135986733,71.52380172415106,16.028192371475953,11.14179104477612
AP-CIEN131,5.0,-54.0,10.0,2025-04-03,AP-CIEN131,0.9457627118644067,2.473728813559322,59.769236969487196,,
AP-DRET02,5.0,-76.0,9.0,2025-04-02,AP-DRET02,13.303388494877856,12.479905437352246,76.66042954593891,16.016548463356973,2.178092986603625
AP-BIBCIE01,5.0,-62.0,9.0,2025-04-03,AP-BIBCIE01,29.57274247491639,5.270903010033445,56.83050626497597,,
AP-SAF09,2.4,-61.0,9.0,2025-04-02,AP-SAF09,4.166272655634358,6.334121355397951,69.83521709897906,20.49330181245075,2.326241134751773
AP-ICTAICP21,2.4,-67.0,9.0,2025-04-02,AP-ICTAICP21,2.016548463356974,2.103230890464933,60.14579735700765,,
AP-VH12,5.0,-62.0,10.0,2025-04-03,AP-VH12,5.181818181818182,3.6363636363636362,61.505064143123995,,
AP-EST03,2.4,-59.0,9.0,2025-04-02,AP-EST03,8.933018124507486,3.976359338061466,58.41640315203282,,
AP-VET34,5.0,-79.0,9.0,2025-04-02,AP-VET34,5.8132387706855795,3.8037825059101653,58.01565006575542,,
AP-BIBCIE01,5.0,-61.0,9.0,2025-04-03,AP-BIBCIE01,29.57274247491639,5.270903010033445,56.83050626497597,,
AP-CIEN14,5.0,-73.0,9.0,2025-04-02,AP-CIEN14,4.774625689519307,10.331757289204099,72.50991557409637,17.23798266351458,2.771473601260835
AP-LLET55,5.0,-67.0,8.0,2025-04-03,AP-LLET55,17.171641791044777,12.7106135986733,71.52380172415106,16.028192371475953,11.14179104477612
AP-BIBCIE01,5.0,-63.0,9.0,2025-04-03,AP-BIBCIE01,29.57274247491639,5.270903010033445,56.83050626497597,,
AP-IBB01,5.0,-68.0,9.0,2025-04-02,AP-IBB01,3.7825059101654848,5.732072498029945,67.75718184957891,15.771473601260835,2.0598896769109536
AP-BIBCIE01,5.0,-63.0,9.0,2025-04-03,AP-BIBCIE01,29.57274247491639,5.270903010033445,56.83050626497597,,
AP-BIBCIE01,5.0,-65.0,9.0,2025-04-03,AP-BIBCIE01,29.57274247491639,5.270903010033445,56.83050626497597,,
AP-CIEN62,5.0,-71.0,9.0,2025-04-02,AP-CIEN62,4.314420803782506,10.156028368794326,70.50163227925907,20.29787234042553,6.331757289204098
AP-CCOM18,5.0,-84.0,9.0,2025-04-02,AP-CCOM18,7.157545605306799,9.690713101160862,76.0005730486936,15.0,1.6326699834162521
AP-BIBCIE01,5.0,-64.0,9.0,2025-04-03,AP-BIBCIE01,29.57274247491639,5.270903010033445,56.83050626497597,,
AP-VH12,5.0,-70.0,10.0,2025-04-03,AP-VH12,5.181818181818182,3.6363636363636362,61.505064143123995,,
AP-BIBCIE01,5.0,-53.0,9.0,2025-04-03,AP-BIBCIE01,29.57274247491639,5.270903010033445,56.83050626497597,,
AP-MRB05,5.0,-66.0,9.0,2025-04-02,AP-MRB05,6.804570527974783,5.792750197005516,66.30574631461609,20.62647754137116,2.479905437352246
AP-CIEN14,5.0,-86.0,9.0,2025-04-02,AP-CIEN14,4.774625689519307,10.331757289204099,72.50991557409637,17.23798266351458,2.771473601260835
AP-VH12,5.0,-54.0,10.0,2025-04-03,AP-VH12,5.181818181818182,3.6363636363636362,61.505064143123995,,
AP-MRB06,2.4,-73.0,9.0,2025-04-02,AP-MRB06,1.9330181245074862,5.077226162332545,65.61186831566789,18.0,1.4688731284475964
AP-BIBCIE01,5.0,-68.0,9.0,2025-04-03,AP-BIBCIE01,29.57274247491639,5.270903010033445,56.83050626497597,,
AP-BIBCIE01,5.0,-81.0,9.0,2025-04-03,AP-BIBCIE01,29.57274247491639,5.270903010033445,56.83050626497597,,
AP-POL10,5.0,-58.0,9.0,2025-04-02,AP-POL10,3.3325453112687153,3.925925925925926,58.613893051042744,,
AP-BIBCIE01,5.0,-60.0,9.0,2025-04-03,AP-BIBCIE01,29.57274247491639,5.270903010033445,56.83050626497597,,
AP-ETSE13,2.4,-68.0,9.0,2025-04-02,AP-ETSE13,7.055555555555555,3.6464646464646466,57.663506997225426,,
AP-BIBCIE01,5.0,-59.0,9.0,2025-04-03,AP-BIBCIE01,29.57274247491639,5.270903010033445,56.83050626497597,,
AP-VET77,2.4,-54.0,9.0,2025-04-02,AP-VET77,1.2293144208037825,2.0315208825847124,61.33445800668813,,
AP-REC09,2.4,-69.0,9.0,2025-04-02,AP-REC09,6.240346729708432,2.4814814814814814,57.954879676040456,,
AP-LLET49,5.0,-71.0,15.0,2025-04-02,AP-LLET49,2.5350669818754925,4.969267139479905,66.25891972657651,15.049645390070921,1.5122143420015761
AP-CCOM12,5.0,-69.0,9.0,2025-04-02,AP-CCOM12,3.239558707643814,3.289204097714736,57.180275090159846,,
AP-MED58,5.0,-55.0,14.0,2025-04-01,AP-MED58,1.9992119779353823,4.721040189125295,65.65384869667015,17.09613869188337,1.6587864460204886
AP-BIBCIE01,5.0,-65.0,9.0,2025-04-03,AP-BIBCIE01,29.57274247491639,5.270903010033445,56.83050626497597,,
AP-VH12,5.0,-57.0,10.0,2025-04-03,AP-VH12,5.181818181818182,3.6363636363636362,61.505064143123995,,
AP-BIBCIE01,5.0,-54.0,9.0,2025-04-03,AP-BIBCIE01,29.57274247491639,5.270903010033445,56.83050626497597,,
AP-LLET55,5.0,-67.0,8.0,2025-04-03,AP-LLET55,17.171641791044777,12.7106135986733,71.52380172415106,16.028192371475953,11.14179104477612
AP-BIBCIE01,5.0,-58.0,9.0,2025-04-03,AP-BIBCIE01,29.57274247491639,5.270903010033445,56.83050626497597,,
AP-BIBCIE01,5.0,-46.0,9.0,2025-04-03,AP-BIBCIE01,29.57274247491639,5.270903010033445,56.83050626497597,,
AP-BIBHUM01,5.0,-46.0,9.0,2025-04-02,AP-BIBHUM01,8.308835672997523,4.284888521882742,57.42465264620139,,
AP-ETSE75,5.0,-85.0,9.0,2025-04-02,AP-ETSE75,7.476753349093775,10.493301812450749,71.96704453523064,17.0,4.5650118203309695
AP-BIBCIE01,5.0,-71.0,9.0,2025-04-03,AP-BIBCIE01,29.57274247491639,5.270903010033445,56.83050626497597,,
AP-BIBCIE01,5.0,-69.0,9.0,2025-04-03,AP-BIBCIE01,29.57274247491639,5.270903010033445,56.83050626497597,,
AP-BIBCIE01,5.0,-65.0,9.0,2025-04-03,AP-BIBCIE01,29.57274247491639,5.270903010033445,56.83050626497597,,
AP-BIBCIE01,5.0,-63.0,9.0,2025-04-03,AP-BIBCIE01,29.57274247491639,5.270903010033445,56.83050626497597,,
AP-VET76,5.0,-53.0,9.0,2025-04-02,AP-VET76,2.5041322314049586,1.2861570247933884,56.82525168260928,,
AP-VH12,5.0,-68.0,10.0,2025-04-03,AP-VH12,5.181818181818182,3.6363636363636362,61.505064143123995,,
AP-BIBCIE01,5.0,-60.0,9.0,2025-04-03,AP-BIBCIE01,29.57274247491639,5.270903010033445,56.83050626497597,,
AP-MED59,5.0,-60.0,9.0,2025-04-02,AP-MED59,3.896719319562576,5.667071688942892,65.86008671840895,18.0,1.9501822600243013
AP-CIEN119,5.0,-44.0,14.0,2025-04-02,AP-CIEN119,7.693459416863672,8.044917257683215,67.85606166434653,15.018912529550827,3.9275019700551614
AP-CCOM41,2.4,-72.0,9.0,2025-04-02,AP-CCOM41,1.5216706067769898,2.9235618597320725,58.352800091649904,,
AP-CIEN103,5.0,-46.0,8.0,2025-04-03,AP-CIEN103,4.0754560530679935,5.752072968490879,66.27342846876435,16.16252072968491,2.459369817578773
AP-BIBCIE01,2.4,-46.0,9.0,2025-04-03,AP-BIBCIE01,29.57274247491639,5.270903010033445,56.83050626497597,,
AP-BIBCIE01,5.0,-51.0,9.0,2025-04-03,AP-BIBCIE01,29.57274247491639,5.270903010033445,56.83050626497597,,
AP-VH12,5.0,-61.0,10.0,2025-04-03,AP-VH12,5.181818181818182,3.6363636363636362,61.505064143123995,,
AP-DRET02,5.0,-84.0,9.0,2025-04-02,AP-DRET02,13.303388494877856,12.479905437352246,76.66042954593891,16.016548463356973,2.178092986603625
AP-BIBCIE01,5.0,-65.0,9.0,2025-04-03,AP-BIBCIE01,29.57274247491639,5.270903010033445,56.83050626497597,,
AP-BIBCIE01,5.0,-63.0,9.0,2025-04-03,AP-BIBCIE01,29.57274247491639,5.270903010033445,56.83050626497597,,
AP-MED43,5.0,-51.0,9.0,2025-04-02,AP-MED43,3.045705279747833,21.04728132387707,56.718529154745205,,
AP-BIBCIE01,5.0,-59.0,9.0,2025-04-03,AP-BIBCIE01,29.57274247491639,5.270903010033445,56.83050626497597,,
AP-BIBCIE01,5.0,-55.0,9.0,2025-04-03,AP-BIBCIE01,29.57274247491639,5.270903010033445,56.83050626497597,,
AP-VH12,5.0,-54.0,10.0,2025-04-03,AP-VH12,5.181818181818182,3.6363636363636362,61.505064143123995,,
AP-BIBCIE01,5.0,-58.0,9.0,2025-04-03,AP-BIBCIE01,29.57274247491639,5.270903010033445,56.83050626497597,,
AP-MED19,5.0,-64.0,9.0,2025-04-02,AP-MED19,1.5681639085894405,5.9763593380614655,69.56972870483868,15.0,2.1055949566587864
AP-BIBCIE01,5.0,-60.0,9.0,2025-04-03,AP-BIBCIE01,29.57274247491639,5.270903010033445,56.83050626497597,,
AP-MED59,5.0,-67.0,9.0,2025-04-02,AP-MED59,3.896719319562576,5.667071688942892,65.86008671840895,18.0,1.9501822600243013
AP-MED43,5.0,-46.0,9.0,2025-04-02,AP-MED43,3.045705279747833,21.04728132387707,56.718529154745205,,
AP-BIBCIE01,5.0,-57.0,9.0,2025-04-03,AP-BIBCIE01,29.57274247491639,5.270903010033445,56.83050626497597,,
AP-BIBCIE01,5.0,-52.0,9.0,2025-04-03,AP-BIBCIE01,29.57274247491639,5.270903010033445,56.83050626497597,,
AP-BIBCIE01,5.0,-52.0,9.0,2025-04-03,AP-BIBCIE01,29.57274247491639,5.270903010033445,56.83050626497597,,
AP-BIBCIE01,5.0,-54.0,9.0,2025-04-03,AP-BIBCIE01,29.57274247491639,5.270903010033445,56.83050626497597,,
AP-MED12,5.0,-53.0,9.0,2025-04-02,AP-MED12,2.8772782503037666,3.138517618469016,60.420496856304815,,
AP-BIBCIE01,5.0,-71.0,9.0,2025-04-03,AP-BIBCIE01,29.57274247491639,5.270903010033445,56.83050626497597,,
AP-BIBCIE01,5.0,-52.0,9.0,2025-04-03,AP-BIBCIE01,29.57274247491639,5.270903010033445,56.83050626497597,,
AP-VH12,5.0,-61.0,10.0,2025-04-03,AP-VH12,5.181818181818182,3.6363636363636362,61.505064143123995,,
AP-MED48,5.0,-85.0,9.0,2025-04-02,AP-MED48,2.625,6.798611111111111,72.03447558663751,15.0,1.5416666666666667
AP-MED12,5.0,-55.0,9.0,2025-04-02,AP-MED12,2.8772782503037666,3.138517618469016,60.420496856304815,,
AP-BIBCIE01,5.0,-59.0,9.0,2025-04-03,AP-BIBCIE01,29.57274247491639,5.270903010033445,56.83050626497597,,
AP-BIBCIE01,5.0,-60.0,9.0,2025-04-03,AP-BIBCIE01,29.57274247491639,5.270903010033445,56.83050626497597,,
AP-VH12,5.0,-56.0,10.0,2025-04-03,AP-VH12,5.181818181818182,3.6363636363636362,61.505064143123995,,
AP-BIBCIE01,5.0,-62.0,9.0,2025-04-03,AP-BIBCIE01,29.57274247491639,5.270903010033445,56.83050626497597,,
AP-VH12,5.0,-60.0,10.0,2025-04-03,AP-VH12,5.181818181818182,3.6363636363636362,61.505064143123995,,
AP-BIBCIE01,5.0,-60.0,9.0,2025-04-03,AP-BIBCIE01,29.57274247491639,5.270903010033445,56.83050626497597,,
AP-LLET55,5.0,-68.0,8.0,2025-04-03,AP-LLET55,17.171641791044777,12.7106135986733,71.52380172415106,16.028192371475953,11.14179104477612
AP-BIBCIE01,5.0,-61.0,9.0,2025-04-03,AP-BIBCIE01,29.57274247491639,5.270903010033445,56.83050626497597,,
AP-LLET55,5.0,-68.0,8.0,2025-04-03,AP-LLET55,17.171641791044777,12.7106135986733,71.52380172415106,16.028192371475953,11.14179104477612
AP-ICTAICP23,2.4,-51.0,9.0,2025-04-02,AP-ICTAICP23,1.2379826635145783,1.574468085106383,58.781480927636665,,
AP-CIEN10,2.4,-74.0,13.0,2025-04-02,AP-CIEN10,13.35933806146572,11.19070133963751,68.5865004026106,15.049645390070921,6.108747044917258
AP-BIBHUM07,5.0,-76.0,9.0,2025-04-02,AP-BIBHUM07,5.492981007431874,3.124690338563171,58.66555468948837,,
AP-MED60,2.4,-60.0,9.0,2025-04-02,AP-MED60,4.520882584712372,4.104806934594168,57.76101369730806,,
AP-CIEN131,5.0,-56.0,10.0,2025-04-03,AP-CIEN131,0.9457627118644067,2.473728813559322,59.769236969487196,,
AP-DRET02,5.0,-76.0,9.0,2025-04-02,AP-DRET02,13.303388494877856,12.479905437352246,76.66042954593891,16.016548463356973,2.178092986603625
AP-BIBCIE01,5.0,-71.0,9.0,2025-04-03,AP-BIBCIE01,29.57274247491639,5.270903010033445,56.83050626497597,,
AP-SAF09,2.4,-60.0,9.0,2025-04-02,AP-SAF09,4.166272655634358,6.334121355397951,69.83521709897906,20.49330181245075,2.326241134751773
AP-LLET13,5.0,-35.0,14.0,2025-04-02,AP-LLET13,3.541431261770245,5.552730696798493,67.02572631105147,15.448210922787194,2.8342749529190208
AP-ICTAICP21,2.4,-67.0,9.0,2025-04-02,AP-ICTAICP21,2.016548463356974,2.103230890464933,60.14579735700765,,
AP-VH12,5.0,-63.0,10.0,2025-04-03,AP-VH12,5.181818181818182,3.6363636363636362,61.505064143123995,,
AP-EST03,2.4,-59.0,9.0,2025-04-02,AP-EST03,8.933018124507486,3.976359338061466,58.41640315203282,,
AP-VET34,5.0,-79.0,9.0,2025-04-02,AP-VET34,5.8132387706855795,3.8037825059101653,58.01565006575542,,
AP-CIEN14,5.0,-73.0,9.0,2025-04-02,AP-CIEN14,4.774625689519307,10.331757289204099,72.50991557409637,17.23798266351458,2.771473601260835
AP-BIBCIE01,5.0,-62.0,9.0,2025-04-03,AP-BIBCIE01,29.57274247491639,5.270903010033445,56.83050626497597,,
AP-IBB01,5.0,-68.0,9.0,2025-04-02,AP-IBB01,3.7825059101654848,5.732072498029945,67.75718184957891,15.771473601260835,2.0598896769109536
AP-BIBCIE01,5.0,-66.0,9.0,2025-04-03,AP-BIBCIE01,29.57274247491639,5.270903010033445,56.83050626497597,,
AP-BIBCIE01,5.0,-66.0,9.0,2025-04-03,AP-BIBCIE01,29.57274247491639,5.270903010033445,56.83050626497597,,
AP-VH12,5.0,-60.0,10.0,2025-04-03,AP-VH12,5.181818181818182,3.6363636363636362,61.505064143123995,,
AP-BIBCIE01,5.0,-44.0,9.0,2025-04-03,AP-BIBCIE01,29.57274247491639,5.270903010033445,56.83050626497597,,
AP-CIEN62,5.0,-71.0,9.0,2025-04-02,AP-CIEN62,4.314420803782506,10.156028368794326,70.50163227925907,20.29787234042553,6.331757289204098
AP-CCOM18,5.0,-84.0,9.0,2025-04-02,AP-CCOM18,7.157545605306799,9.690713101160862,76.0005730486936,15.0,1.6326699834162521
AP-BIBCIE01,5.0,-72.0,9.0,2025-04-03,AP-BIBCIE01,29.57274247491639,5.270903010033445,56.83050626497597,,
AP-CIEN131,5.0,-83.0,10.0,2025-04-03,AP-CIEN131,0.9457627118644067,2.473728813559322,59.769236969487196,,
AP-VH12,5.0,-68.0,10.0,2025-04-03,AP-VH12,5.181818181818182,3.6363636363636362,61.505064143123995,,
AP-BIBCIE01,5.0,-53.0,9.0,2025-04-03,AP-BIBCIE01,29.57274247491639,5.270903010033445,56.83050626497597,,
AP-MRB05,5.0,-65.0,9.0,2025-04-02,AP-MRB05,6.804570527974783,5.792750197005516,66.30574631461609,20.62647754137116,2.479905437352246
AP-CIEN14,5.0,-86.0,9.0,2025-04-02,AP-CIEN14,4.774625689519307,10.331757289204099,72.50991557409637,17.23798266351458,2.771473601260835
AP-MRB06,2.4,-72.0,9.0,2025-04-02,AP-MRB06,1.9330181245074862,5.077226162332545,65.61186831566789,18.0,1.4688731284475964
AP-POL10,5.0,-61.0,9.0,2025-04-02,AP-POL10,3.3325453112687153,3.925925925925926,58.613893051042744,,
AP-CIEN131,2.4,-69.0,10.0,2025-04-03,AP-CIEN131,0.9457627118644067,2.473728813559322,59.769236969487196,,
AP-VH12,5.0,-61.0,10.0,2025-04-03,AP-VH12,5.181818181818182,3.6363636363636362,61.505064143123995,,
AP-BIBCIE01,5.0,-62.0,9.0,2025-04-03,AP-BIBCIE01,29.57274247491639,5.270903010033445,56.83050626497597,,
AP-ETSE13,2.4,-66.0,9.0,2025-04-02,AP-ETSE13,7.055555555555555,3.6464646464646466,57.663506997225426,,
AP-BIBCIE01,5.0,-59.0,9.0,2025-04-03,AP-BIBCIE01,29.57274247491639,5.270903010033445,56.83050626497597,,
AP-VET77,2.4,-55.0,9.0,2025-04-02,AP-VET77,1.2293144208037825,2.0315208825847124,61.33445800668813,,
AP-REC09,2.4,-68.0,9.0,2025-04-02,AP-REC09,6.240346729708432,2.4814814814814814,57.954879676040456,,
AP-LLET49,5.0,-72.0,15.0,2025-04-02,AP-LLET49,2.5350669818754925,4.969267139479905,66.25891972657651,15.049645390070921,1.5122143420015761
AP-CCOM12,5.0,-69.0,9.0,2025-04-02,AP-CCOM12,3.239558707643814,3.289204097714736,57.180275090159846,,
AP-MED58,5.0,-55.0,14.0,2025-04-01,AP-MED58,1.9992119779353823,4.721040189125295,65.65384869667015,17.09613869188337,1.6587864460204886
AP-BIBCIE01,5.0,-62.0,9.0,2025-04-03,AP-BIBCIE01,29.57274247491639,5.270903010033445,56.83050626497597,,
AP-BIBCIE01,5.0,-61.0,9.0,2025-04-03,AP-BIBCIE01,29.57274247491639,5.270903010033445,56.83050626497597,,
AP-BIBCIE01,5.0,-58.0,9.0,2025-04-03,AP-BIBCIE01,29.57274247491639,5.270903010033445,56.83050626497597,,
AP-BIBHUM01,5.0,-46.0,9.0,2025-04-02,AP-BIBHUM01,8.308835672997523,4.284888521882742,57.42465264620139,,
AP-BIBCIE01,5.0,-70.0,9.0,2025-04-03,AP-BIBCIE01,29.57274247491639,5.270903010033445,56.83050626497597,,
AP-BIBCIE01,5.0,-71.0,9.0,2025-04-03,AP-BIBCIE01,29.57274247491639,5.270903010033445,56.83050626497597,,
AP-BIBCIE01,5.0,-60.0,9.0,2025-04-03,AP-BIBCIE01,29.57274247491639,5.270903010033445,56.83050626497597,,
AP-VET76,5.0,-53.0,9.0,2025-04-02,AP-VET76,2.5041322314049586,1.2861570247933884,56.82525168260928,,
AP-BIBCIE01,5.0,-60.0,9.0,2025-04-03,AP-BIBCIE01,29.57274247491639,5.270903010033445,56.83050626497597,,
AP-MED59,5.0,-60.0,9.0,2025-04-02,AP-MED59,3.896719319562576,5.667071688942892,65.86008671840895,18.0,1.9501822600243013
AP-CIEN119,5.0,-44.0,14.0,2025-04-02,AP-CIEN119,7.693459416863672,8.044917257683215,67.85606166434653,15.018912529550827,3.9275019700551614
AP-CCOM41,2.4,-68.0,9.0,2025-04-02,AP-CCOM41,1.5216706067769898,2.9235618597320725,58.352800091649904,,
AP-BIBCIE01,2.4,-45.0,9.0,2025-04-03,AP-BIBCIE01,29.57274247491639,5.270903010033445,56.83050626497597,,
AP-BIBCIE01,5.0,-53.0,9.0,2025-04-03,AP-BIBCIE01,29.57274247491639,5.270903010033445,56.83050626497597,,
AP-VH12,5.0,-58.0,10.0,2025-04-03,AP-VH12,5.181818181818182,3.6363636363636362,61.505064143123995,,
AP-DRET02,5.0,-84.0,9.0,2025-04-02,AP-DRET02,13.303388494877856,12.479905437352246,76.66042954593891,16.016548463356973,2.178092986603625
AP-BIBCIE01,5.0,-65.0,9.0,2025-04-03,AP-BIBCIE01,29.57274247491639,5.270903010033445,56.83050626497597,,
AP-MED43,5.0,-51.0,9.0,2025-04-02,AP-MED43,3.045705279747833,21.04728132387707,56.718529154745205,,
AP-BIBCIE01,5.0,-57.0,9.0,2025-04-03,AP-BIBCIE01,29.57274247491639,5.270903010033445,56.83050626497597,,
AP-VH12,2.4,-61.0,10.0,2025-04-03,AP-VH12,5.181818181818182,3.6363636363636362,61.505064143123995,,
AP-MED19,5.0,-66.0,9.0,2025-04-02,AP-MED19,1.5681639085894405,5.9763593380614655,69.56972870483868,15.0,2.1055949566587864
AP-MED59,5.0,-69.0,9.0,2025-04-02,AP-MED59,3.896719319562576,5.667071688942892,65.86008671840895,18.0,1.9501822600243013
AP-MED43,5.0,-46.0,9.0,2025-04-02,AP-MED43,3.045705279747833,21.04728132387707,56.718529154745205,,
AP-BIBCIE01,5.0,-55.0,9.0,2025-04-03,AP-BIBCIE01,29.57274247491639,5.270903010033445,56.83050626497597,,
AP-BIBCIE01,5.0,-56.0,9.0,2025-04-03,AP-BIBCIE01,29.57274247491639,5.270903010033445,56.83050626497597,,
AP-BIBCIE01,5.0,-52.0,9.0,2025-04-03,AP-BIBCIE01,29.57274247491639,5.270903010033445,56.83050626497597,,
AP-BIBCIE01,5.0,-57.0,9.0,2025-04-03,AP-BIBCIE01,29.57274247491639,5.270903010033445,56.83050626497597,,
AP-MED12,5.0,-54.0,9.0,2025-04-02,AP-MED12,2.8772782503037666,3.138517618469016,60.420496856304815,,
AP-BIBCIE01,5.0,-53.0,9.0,2025-04-03,AP-BIBCIE01,29.57274247491639,5.270903010033445,56.83050626497597,,
AP-VH12,5.0,-60.0,10.0,2025-04-03,AP-VH12,5.181818181818182,3.6363636363636362,61.505064143123995,,
AP-MED48,5.0,-85.0,9.0,2025-04-02,AP-MED48,2.625,6.798611111111111,72.03447558663751,15.0,1.5416666666666667
AP-MED12,5.0,-55.0,9.0,2025-04-02,AP-MED12,2.8772782503037666,3.138517618469016,60.420496856304815,,
AP-VH12,5.0,-57.0,10.0,2025-04-03,AP-VH12,5.181818181818182,3.6363636363636362,61.505064143123995,,
AP-BIBCIE01,5.0,-63.0,9.0,2025-04-03,AP-BIBCIE01,29.57274247491639,5.270903010033445,56.83050626497597,,
AP-VH12,5.0,-65.0,10.0,2025-04-03,AP-VH12,5.181818181818182,3.6363636363636362,61.505064143123995,,
AP-BIBCIE01,5.0,-58.0,9.0,2025-04-03,AP-BIBCIE01,29.57274247491639,5.270903010033445,56.83050626497597,,
AP-LLET55,5.0,-68.0,8.0,2025-04-03,AP-LLET55,17.171641791044777,12.7106135986733,71.52380172415106,16.028192371475953,11.14179104477612
AP-BIBCIE01,5.0,-64.0,9.0,2025-04-03,AP-BIBCIE01,29.57274247491639,5.270903010033445,56.83050626497597,,
AP-ICTAICP23,2.4,-51.0,9.0,2025-04-02,AP-ICTAICP23,1.2379826635145783,1.574468085106383,58.781480927636665,,
AP-ETSE02,2.4,-68.0,11.0,2025-04-03,AP-ETSE02,4.4375,3.4375,42.784924164132384,17.0,2.5
AP-CIEN10,2.4,-66.0,13.0,2025-04-02,AP-CIEN10,13.35933806146572,11.19070133963751,68.5865004026106,15.049645390070921,6.108747044917258
AP-BIBHUM07,5.0,-74.0,9.0,2025-04-02,AP-BIBHUM07,5.492981007431874,3.124690338563171,58.66555468948837,,
AP-MED60,2.4,-60.0,9.0,2025-04-02,AP-MED60,4.520882584712372,4.104806934594168,57.76101369730806,,
AP-CIEN131,5.0,-52.0,10.0,2025-04-03,AP-CIEN131,0.9457627118644067,2.473728813559322,59.769236969487196,,
AP-DRET02,5.0,-76.0,9.0,2025-04-02,AP-DRET02,13.303388494877856,12.479905437352246,76.66042954593891,16.016548463356973,2.178092986603625
AP-SAF09,2.4,-61.0,9.0,2025-04-02,AP-SAF09,4.166272655634358,6.334121355397951,69.83521709897906,20.49330181245075,2.326241134751773
AP-LLET13,5.0,-35.0,14.0,2025-04-02,AP-LLET13,3.541431261770245,5.552730696798493,67.02572631105147,15.448210922787194,2.8342749529190208
AP-ICTAICP21,2.4,-67.0,9.0,2025-04-02,AP-ICTAICP21,2.016548463356974,2.103230890464933,60.14579735700765,,
AP-VH12,5.0,-57.0,10.0,2025-04-03,AP-VH12,5.181818181818182,3.6363636363636362,61.505064143123995,,
AP-EST03,2.4,-63.0,9.0,2025-04-02,AP-EST03,8.933018124507486,3.976359338061466,58.41640315203282,,
AP-VET34,5.0,-77.0,9.0,2025-04-02,AP-VET34,5.8132387706855795,3.8037825059101653,58.01565006575542,,
AP-CIEN14,5.0,-72.0,9.0,2025-04-02,AP-CIEN14,4.774625689519307,10.331757289204099,72.50991557409637,17.23798266351458,2.771473601260835
AP-BIBCIE01,5.0,-59.0,9.0,2025-04-03,AP-BIBCIE01,29.57274247491639,5.270903010033445,56.83050626497597,,
AP-IBB01,5.0,-68.0,9.0,2025-04-02,AP-IBB01,3.7825059101654848,5.732072498029945,67.75718184957891,15.771473601260835,2.0598896769109536
AP-BIBCIE01,5.0,-63.0,9.0,2025-04-03,AP-BIBCIE01,29.57274247491639,5.270903010033445,56.83050626497597,,
AP-BIBCIE01,5.0,-58.0,9.0,2025-04-03,AP-BIBCIE01,29.57274247491639,5.270903010033445,56.83050626497597,,
AP-VH12,5.0,-61.0,10.0,2025-04-03,AP-VH12,5.181818181818182,3.6363636363636362,61.505064143123995,,
AP-CIEN62,5.0,-71.0,9.0,2025-04-02,AP-CIEN62,4.314420803782506,10.156028368794326,70.50163227925907,20.29787234042553,6.331757289204098
AP-CCOM18,5.0,-84.0,9.0,2025-04-02,AP-CCOM18,7.157545605306799,9.690713101160862,76.0005730486936,15.0,1.6326699834162521
AP-CIEN131,5.0,-81.0,10.0,2025-04-03,AP-CIEN131,0.9457627118644067,2.473728813559322,59.769236969487196,,
AP-VH12,5.0,-65.0,10.0,2025-04-03,AP-VH12,5.181818181818182,3.6363636363636362,61.505064143123995,,
AP-BIBCIE01,5.0,-55.0,9.0,2025-04-03,AP-BIBCIE01,29.57274247491639,5.270903010033445,56.83050626497597,,
AP-MRB05,5.0,-66.0,9.0,2025-04-02,AP-MRB05,6.804570527974783,5.792750197005516,66.30574631461609,20.62647754137116,2.479905437352246
AP-CIEN14,5.0,-86.0,9.0,2025-04-02,AP-CIEN14,4.774625689519307,10.331757289204099,72.50991557409637,17.23798266351458,2.771473601260835
AP-MRB06,2.4,-73.0,9.0,2025-04-02,AP-MRB06,1.9330181245074862,5.077226162332545,65.61186831566789,18.0,1.4688731284475964
AP-QUIMETS06,5.0,-58.0,9.0,2025-04-02,AP-QUIMETS06,2.259259259259259,6.626477541371158,69.28981660803026,16.0,1.5799842395587076
AP-POL10,5.0,-60.0,9.0,2025-04-02,AP-POL10,3.3325453112687153,3.925925925925926,58.613893051042744,,
AP-BIBCIE01,5.0,-62.0,9.0,2025-04-03,AP-BIBCIE01,29.57274247491639,5.270903010033445,56.83050626497597,,
AP-ETSE02,2.4,-69.0,11.0,2025-04-03,AP-ETSE02,4.4375,3.4375,42.784924164132384,17.0,2.5
AP-BIBCIE01,5.0,-69.0,9.0,2025-04-03,AP-BIBCIE01,29.57274247491639,5.270903010033445,56.83050626497597,,
AP-ETSE13,2.4,-69.0,9.0,2025-04-02,AP-ETSE13,7.055555555555555,3.6464646464646466,57.663506997225426,,
AP-BIBCIE01,5.0,-63.0,9.0,2025-04-03,AP-BIBCIE01,29.57274247491639,5.270903010033445,56.83050626497597,,
AP-VET77,2.4,-54.0,9.0,2025-04-02,AP-VET77,1.2293144208037825,2.0315208825847124,61.33445800668813,,
AP-REC09,2.4,-70.0,9.0,2025-04-02,AP-REC09,6.240346729708432,2.4814814814814814,57.954879676040456,,
AP-LLET49,5.0,-71.0,15.0,2025-04-02,AP-LLET49,2.5350669818754925,4.969267139479905,66.25891972657651,15.049645390070921,1.5122143420015761
AP-CCOM12,5.0,-69.0,9.0,2025-04-02,AP-CCOM12,3.239558707643814,3.289204097714736,57.180275090159846,,
AP-MED58,5.0,-55.0,14.0,2025-04-01,AP-MED58,1.9992119779353823,4.721040189125295,65.65384869667015,17.09613869188337,1.6587864460204886
AP-BIBCIE01,5.0,-70.0,9.0,2025-04-03,AP-BIBCIE01,29.57274247491639,5.270903010033445,56.83050626497597,,
AP-BIBCIE01,5.0,-58.0,9.0,2025-04-03,AP-BIBCIE01,29.57274247491639,5.270903010033445,56.83050626497597,,
AP-BIBCIE01,5.0,-57.0,9.0,2025-04-03,AP-BIBCIE01,29.57274247491639,5.270903010033445,56.83050626497597,,
AP-BIBHUM01,5.0,-48.0,9.0,2025-04-02,AP-BIBHUM01,8.308835672997523,4.284888521882742,57.42465264620139,,
AP-ETSE75,5.0,-85.0,9.0,2025-04-02,AP-ETSE75,7.476753349093775,10.493301812450749,71.96704453523064,17.0,4.5650118203309695
AP-BIBCIE01,5.0,-72.0,9.0,2025-04-03,AP-BIBCIE01,29.57274247491639,5.270903010033445,56.83050626497597,,
AP-BIBCIE01,5.0,-71.0,9.0,2025-04-03,AP-BIBCIE01,29.57274247491639,5.270903010033445,56.83050626497597,,
AP-BIBCIE01,5.0,-58.0,9.0,2025-04-03,AP-BIBCIE01,29.57274247491639,5.270903010033445,56.83050626497597,,
AP-VET76,5.0,-54.0,9.0,2025-04-02,AP-VET76,2.5041322314049586,1.2861570247933884,56.82525168260928,,
AP-BIBCIE01,5.0,-63.0,9.0,2025-04-03,AP-BIBCIE01,29.57274247491639,5.270903010033445,56.83050626497597,,
AP-MED59,5.0,-60.0,9.0,2025-04-02,AP-MED59,3.896719319562576,5.667071688942892,65.86008671840895,18.0,1.9501822600243013
AP-CIEN119,5.0,-44.0,14.0,2025-04-02,AP-CIEN119,7.693459416863672,8.044917257683215,67.85606166434653,15.018912529550827,3.9275019700551614
AP-CCOM41,2.4,-70.0,9.0,2025-04-02,AP-CCOM41,1.5216706067769898,2.9235618597320725,58.352800091649904,,
AP-BIBCIE01,2.4,-48.0,9.0,2025-04-03,AP-BIBCIE01,29.57274247491639,5.270903010033445,56.83050626497597,,
AP-LLET55,2.4,-79.0,8.0,2025-04-03,AP-LLET55,17.171641791044777,12.7106135986733,71.52380172415106,16.028192371475953,11.14179104477612
AP-VH12,5.0,-57.0,10.0,2025-04-03,AP-VH12,5.181818181818182,3.6363636363636362,61.505064143123995,,
AP-DRET02,5.0,-84.0,9.0,2025-04-02,AP-DRET02,13.303388494877856,12.479905437352246,76.66042954593891,16.016548463356973,2.178092986603625
AP-BIBCIE01,5.0,-66.0,9.0,2025-04-03,AP-BIBCIE01,29.57274247491639,5.270903010033445,56.83050626497597,,
AP-MED43,5.0,-51.0,9.0,2025-04-02,AP-MED43,3.045705279747833,21.04728132387707,56.718529154745205,,
AP-BIBCIE01,2.4,-67.0,9.0,2025-04-03,AP-BIBCIE01,29.57274247491639,5.270903010033445,56.83050626497597,,
AP-MED19,5.0,-65.0,9.0,2025-04-02,AP-MED19,1.5681639085894405,5.9763593380614655,69.56972870483868,15.0,2.1055949566587864
AP-MED59,5.0,-68.0,9.0,2025-04-02,AP-MED59,3.896719319562576,5.667071688942892,65.86008671840895,18.0,1.9501822600243013
AP-MED43,5.0,-46.0,9.0,2025-04-02,AP-MED43,3.045705279747833,21.04728132387707,56.718529154745205,,
AP-BIBCIE01,5.0,-62.0,9.0,2025-04-03,AP-BIBCIE01,29.57274247491639,5.270903010033445,56.83050626497597,,
AP-BIBCIE01,5.0,-56.0,9.0,2025-04-03,AP-BIBCIE01,29.57274247491639,5.270903010033445,56.83050626497597,,
AP-BIBCIE01,5.0,-55.0,9.0,2025-04-03,AP-BIBCIE01,29.57274247491639,5.270903010033445,56.83050626497597,,
AP-MED12,5.0,-54.0,9.0,2025-04-02,AP-MED12,2.8772782503037666,3.138517618469016,60.420496856304815,,
AP-VH12,5.0,-60.0,10.0,2025-04-03,AP-VH12,5.181818181818182,3.6363636363636362,61.505064143123995,,
AP-MED48,5.0,-85.0,9.0,2025-04-02,AP-MED48,2.625,6.798611111111111,72.03447558663751,15.0,1.5416666666666667
AP-MED12,5.0,-52.0,9.0,2025-04-02,AP-MED12,2.8772782503037666,3.138517618469016,60.420496856304815,,
AP-VH12,5.0,-55.0,10.0,2025-04-03,AP-VH12,5.181818181818182,3.6363636363636362,61.505064143123995,,
AP-BIBCIE01,5.0,-62.0,9.0,2025-04-03,AP-BIBCIE01,29.57274247491639,5.270903010033445,56.83050626497597,,
AP-VH12,5.0,-63.0,10.0,2025-04-03,AP-VH12,5.181818181818182,3.6363636363636362,61.505064143123995,,
AP-BIBCIE01,5.0,-61.0,9.0,2025-04-03,AP-BIBCIE01,29.57274247491639,5.270903010033445,56.83050626497597,,
AP-CCOM18,5.0,-87.0,9.0,2025-04-02,AP-CCOM18,7.157545605306799,9.690713101160862,76.0005730486936,15.0,1.6326699834162521
AP-ICTAICP23,2.4,-50.0,9.0,2025-04-02,AP-ICTAICP23,1.2379826635145783,1.574468085106383,58.781480927636665,,
AP-CIEN10,2.4,-68.0,13.0,2025-04-02,AP-CIEN10,13.35933806146572,11.19070133963751,68.5865004026106,15.049645390070921,6.108747044917258
AP-BIBHUM07,5.0,-74.0,9.0,2025-04-02,AP-BIBHUM07,5.492981007431874,3.124690338563171,58.66555468948837,,
AP-MED60,2.4,-58.0,9.0,2025-04-02,AP-MED60,4.520882584712372,4.104806934594168,57.76101369730806,,
AP-CIEN131,5.0,-53.0,10.0,2025-04-03,AP-CIEN131,0.9457627118644067,2.473728813559322,59.769236969487196,,
AP-DRET02,5.0,-76.0,9.0,2025-04-02,AP-DRET02,13.303388494877856,12.479905437352246,76.66042954593891,16.016548463356973,2.178092986603625
AP-SAF09,2.4,-59.0,9.0,2025-04-02,AP-SAF09,4.166272655634358,6.334121355397951,69.83521709897906,20.49330181245075,2.326241134751773
AP-LLET13,5.0,-36.0,14.0,2025-04-02,AP-LLET13,3.541431261770245,5.552730696798493,67.02572631105147,15.448210922787194,2.8342749529190208
AP-ICTAICP21,2.4,-66.0,9.0,2025-04-02,AP-ICTAICP21,2.016548463356974,2.103230890464933,60.14579735700765,,
AP-VH12,5.0,-61.0,10.0,2025-04-03,AP-VH12,5.181818181818182,3.6363636363636362,61.505064143123995,,
AP-BIBCIE01,5.0,-64.0,9.0,2025-04-03,AP-BIBCIE01,29.57274247491639,5.270903010033445,56.83050626497597,,
AP-EST03,2.4,-57.0,9.0,2025-04-02,AP-EST03,8.933018124507486,3.976359338061466,58.41640315203282,,
AP-VET34,5.0,-78.0,9.0,2025-04-02,AP-VET34,5.8132387706855795,3.8037825059101653,58.01565006575542,,
AP-CIEN14,5.0,-73.0,9.0,2025-04-02,AP-CIEN14,4.774625689519307,10.331757289204099,72.50991557409637,17.23798266351458,2.771473601260835
AP-BIBCIE01,5.0,-62.0,9.0,2025-04-03,AP-BIBCIE01,29.57274247491639,5.270903010033445,56.83050626497597,,
AP-ETSE02,5.0,-54.0,11.0,2025-04-03,AP-ETSE02,4.4375,3.4375,42.784924164132384,17.0,2.5
AP-IBB01,5.0,-68.0,9.0,2025-04-02,AP-IBB01,3.7825059101654848,5.732072498029945,67.75718184957891,15.771473601260835,2.0598896769109536
AP-BIBCIE01,5.0,-66.0,9.0,2025-04-03,AP-BIBCIE01,29.57274247491639,5.270903010033445,56.83050626497597,,
AP-BIBCIE01,5.0,-61.0,9.0,2025-04-03,AP-BIBCIE01,29.57274247491639,5.270903010033445,56.83050626497597,,
AP-LLET55,5.0,-68.0,8.0,2025-04-03,AP-LLET55,17.171641791044777,12.7106135986733,71.52380172415106,16.028192371475953,11.14179104477612
AP-CIEN62,5.0,-71.0,9.0,2025-04-02,AP-CIEN62,4.314420803782506,10.156028368794326,70.50163227925907,20.29787234042553,6.331757289204098
AP-CCOM18,5.0,-84.0,9.0,2025-04-02,AP-CCOM18,7.157545605306799,9.690713101160862,76.0005730486936,15.0,1.6326699834162521
AP-BIBCIE01,5.0,-57.0,9.0,2025-04-03,AP-BIBCIE01,29.57274247491639,5.270903010033445,56.83050626497597,,
AP-MRB05,5.0,-65.0,9.0,2025-04-02,AP-MRB05,6.804570527974783,5.792750197005516,66.30574631461609,20.62647754137116,2.479905437352246
AP-CIEN14,5.0,-86.0,9.0,2025-04-02,AP-CIEN14,4.774625689519307,10.331757289204099,72.50991557409637,17.23798266351458,2.771473601260835
AP-MRB06,2.4,-72.0,9.0,2025-04-02,AP-MRB06,1.9330181245074862,5.077226162332545,65.61186831566789,18.0,1.4688731284475964
AP-POL10,5.0,-61.0,9.0,2025-04-02,AP-POL10,3.3325453112687153,3.925925925925926,58.613893051042744,,
AP-CIEN131,2.4,-69.0,10.0,2025-04-03,AP-CIEN131,0.9457627118644067,2.473728813559322,59.769236969487196,,
AP-ETSE02,2.4,-59.0,11.0,2025-04-03,AP-ETSE02,4.4375,3.4375,42.784924164132384,17.0,2.5
AP-BIBCIE01,5.0,-64.0,9.0,2025-04-03,AP-BIBCIE01,29.57274247491639,5.270903010033445,56.83050626497597,,
AP-ETSE13,2.4,-67.0,9.0,2025-04-02,AP-ETSE13,7.055555555555555,3.6464646464646466,57.663506997225426,,
AP-VET77,2.4,-55.0,9.0,2025-04-02,AP-VET77,1.2293144208037825,2.0315208825847124,61.33445800668813,,
AP-REC09,2.4,-68.0,9.0,2025-04-02,AP-REC09,6.240346729708432,2.4814814814814814,57.954879676040456,,
AP-LLET49,5.0,-72.0,15.0,2025-04-02,AP-LLET49,2.5350669818754925,4.969267139479905,66.25891972657651,15.049645390070921,1.5122143420015761
AP-CCOM12,5.0,-69.0,9.0,2025-04-02,AP-CCOM12,3.239558707643814,3.289204097714736,57.180275090159846,,
AP-MED58,5.0,-55.0,14.0,2025-04-01,AP-MED58,1.9992119779353823,4.721040189125295,65.65384869667015,17.09613869188337,1.6587864460204886
AP-BIBCIE01,5.0,-48.0,9.0,2025-04-03,AP-BIBCIE01,29.57274247491639,5.270903010033445,56.83050626497597,,
AP-BIBHUM01,5.0,-46.0,9.0,2025-04-02,AP-BIBHUM01,8.308835672997523,4.284888521882742,57.42465264620139,,
AP-BIBCIE01,5.0,-74.0,9.0,2025-04-03,AP-BIBCIE01,29.57274247491639,5.270903010033445,56.83050626497597,,
AP-BIBCIE01,5.0,-68.0,9.0,2025-04-03,AP-BIBCIE01,29.57274247491639,5.270903010033445,56.83050626497597,,
AP-VET76,2.4,-53.0,9.0,2025-04-02,AP-VET76,2.5041322314049586,1.2861570247933884,56.82525168260928,,
AP-BIBCIE01,5.0,-62.0,9.0,2025-04-03,AP-BIBCIE01,29.57274247491639,5.270903010033445,56.83050626497597,,
AP-MED59,5.0,-60.0,9.0,2025-04-02,AP-MED59,3.896719319562576,5.667071688942892,65.86008671840895,18.0,1.9501822600243013
AP-CIEN119,5.0,-45.0,14.0,2025-04-02,AP-CIEN119,7.693459416863672,8.044917257683215,67.85606166434653,15.018912529550827,3.9275019700551614
AP-CCOM41,2.4,-72.0,9.0,2025-04-02,AP-CCOM41,1.5216706067769898,2.9235618597320725,58.352800091649904,,
AP-VH12,5.0,-56.0,10.0,2025-04-03,AP-VH12,5.181818181818182,3.6363636363636362,61.505064143123995,,
AP-DRET02,5.0,-84.0,9.0,2025-04-02,AP-DRET02,13.303388494877856,12.479905437352246,76.66042954593891,16.016548463356973,2.178092986603625
AP-MED43,5.0,-52.0,9.0,2025-04-02,AP-MED43,3.045705279747833,21.04728132387707,56.718529154745205,,
AP-MED19,5.0,-65.0,9.0,2025-04-02,AP-MED19,1.5681639085894405,5.9763593380614655,69.56972870483868,15.0,2.1055949566587864
AP-MED59,5.0,-68.0,9.0,2025-04-02,AP-MED59,3.896719319562576,5.667071688942892,65.86008671840895,18.0,1.9501822600243013
AP-MED43,5.0,-46.0,9.0,2025-04-02,AP-MED43,3.045705279747833,21.04728132387707,56.718529154745205,,
AP-BIBCIE01,5.0,-70.0,9.0,2025-04-03,AP-BIBCIE01,29.57274247491639,5.270903010033445,56.83050626497597,,
AP-BIBCIE01,5.0,-59.0,9.0,2025-04-03,AP-BIBCIE01,29.57274247491639,5.270903010033445,56.83050626497597,,
AP-MED12,5.0,-55.0,9.0,2025-04-02,AP-MED12,2.8772782503037666,3.138517618469016,60.420496856304815,,
AP-VH12,5.0,-56.0,10.0,2025-04-03,AP-VH12,5.181818181818182,3.6363636363636362,61.505064143123995,,
AP-MED48,5.0,-85.0,9.0,2025-04-02,AP-MED48,2.625,6.798611111111111,72.03447558663751,15.0,1.5416666666666667
AP-MED12,5.0,-52.0,9.0,2025-04-02,AP-MED12,2.8772782503037666,3.138517618469016,60.420496856304815,,
AP-VH12,2.4,-47.0,10.0,2025-04-03,AP-VH12,5.181818181818182,3.6363636363636362,61.505064143123995,,
AP-BIBCIE01,5.0,-64.0,9.0,2025-04-03,AP-BIBCIE01,29.57274247491639,5.270903010033445,56.83050626497597,,
AP-VH12,5.0,-64.0,10.0,2025-04-03,AP-VH12,5.181818181818182,3.6363636363636362,61.505064143123995,,
AP-BIBCIE01,5.0,-60.0,9.0,2025-04-03,AP-BIBCIE01,29.57274247491639,5.270903010033445,56.83050626497597,,
AP-CCOM18,5.0,-87.0,9.0,2025-04-02,AP-CCOM18,7.157545605306799,9.690713101160862,76.0005730486936,15.0,1.6326699834162521
AP-ICTAICP23,2.4,-50.0,9.0,2025-04-02,AP-ICTAICP23,1.2379826635145783,1.574468085106383,58.781480927636665,,
AP-CIEN10,2.4,-65.0,13.0,2025-04-02,AP-CIEN10,13.35933806146572,11.19070133963751,68.5865004026106,15.049645390070921,6.108747044917258
AP-BIBHUM07,5.0,-75.0,9.0,2025-04-02,AP-BIBHUM07,5.492981007431874,3.124690338563171,58.66555468948837,,
AP-MED60,2.4,-60.0,9.0,2025-04-02,AP-MED60,4.520882584712372,4.104806934594168,57.76101369730806,,
AP-CIEN131,5.0,-54.0,10.0,2025-04-03,AP-CIEN131,0.9457627118644067,2.473728813559322,59.769236969487196,,
AP-DRET02,5.0,-76.0,9.0,2025-04-02,AP-DRET02,13.303388494877856,12.479905437352246,76.66042954593891,16.016548463356973,2.178092986603625
AP-SAF09,2.4,-61.0,9.0,2025-04-02,AP-SAF09,4.166272655634358,6.334121355397951,69.83521709897906,20.49330181245075,2.326241134751773
AP-LLET13,5.0,-35.0,14.0,2025-04-02,AP-LLET13,3.541431261770245,5.552730696798493,67.02572631105147,15.448210922787194,2.8342749529190208
AP-ICTAICP21,2.4,-66.0,9.0,2025-04-02,AP-ICTAICP21,2.016548463356974,2.103230890464933,60.14579735700765,,
AP-EST03,2.4,-58.0,9.0,2025-04-02,AP-EST03,8.933018124507486,3.976359338061466,58.41640315203282,,
AP-VET34,5.0,-79.0,9.0,2025-04-02,AP-VET34,5.8132387706855795,3.8037825059101653,58.01565006575542,,
AP-CIEN14,5.0,-73.0,9.0,2025-04-02,AP-CIEN14,4.774625689519307,10.331757289204099,72.50991557409637,17.23798266351458,2.771473601260835
AP-BIBCIE01,5.0,-67.0,9.0,2025-04-03,AP-BIBCIE01,29.57274247491639,5.270903010033445,56.83050626497597,,
AP-IBB01,5.0,-68.0,9.0,2025-04-02,AP-IBB01,3.7825059101654848,5.732072498029945,67.75718184957891,15.771473601260835,2.0598896769109536
AP-BIBCIE01,5.0,-63.0,9.0,2025-04-03,AP-BIBCIE01,29.57274247491639,5.270903010033445,56.83050626497597,,
AP-BIBCIE01,5.0,-70.0,9.0,2025-04-03,AP-BIBCIE01,29.57274247491639,5.270903010033445,56.83050626497597,,
AP-LLET55,5.0,-64.0,8.0,2025-04-03,AP-LLET55,17.171641791044777,12.7106135986733,71.52380172415106,16.028192371475953,11.14179104477612
AP-CIEN62,5.0,-71.0,9.0,2025-04-02,AP-CIEN62,4.314420803782506,10.156028368794326,70.50163227925907,20.29787234042553,6.331757289204098
AP-CCOM18,5.0,-84.0,9.0,2025-04-02,AP-CCOM18,7.157545605306799,9.690713101160862,76.0005730486936,15.0,1.6326699834162521
AP-BIBCIE01,5.0,-54.0,9.0,2025-04-03,AP-BIBCIE01,29.57274247491639,5.270903010033445,56.83050626497597,,
AP-MRB05,5.0,-65.0,9.0,2025-04-02,AP-MRB05,6.804570527974783,5.792750197005516,66.30574631461609,20.62647754137116,2.479905437352246
AP-CIEN14,5.0,-86.0,9.0,2025-04-02,AP-CIEN14,4.774625689519307,10.331757289204099,72.50991557409637,17.23798266351458,2.771473601260835
AP-MRB06,2.4,-71.0,9.0,2025-04-02,AP-MRB06,1.9330181245074862,5.077226162332545,65.61186831566789,18.0,1.4688731284475964
AP-ETSE02,2.4,-80.0,11.0,2025-04-03,AP-ETSE02,4.4375,3.4375,42.784924164132384,17.0,2.5
AP-POL10,5.0,-60.0,9.0,2025-04-02,AP-POL10,3.3325453112687153,3.925925925925926,58.613893051042744,,
AP-BIBCIE01,5.0,-63.0,9.0,2025-04-03,AP-BIBCIE01,29.57274247491639,5.270903010033445,56.83050626497597,,
AP-ETSE13,2.4,-68.0,9.0,2025-04-02,AP-ETSE13,7.055555555555555,3.6464646464646466,57.663506997225426,,
AP-VET77,2.4,-55.0,9.0,2025-04-02,AP-VET77,1.2293144208037825,2.0315208825847124,61.33445800668813,,
AP-REC09,2.4,-66.0,9.0,2025-04-02,AP-REC09,6.240346729708432,2.4814814814814814,57.954879676040456,,
AP-LLET49,5.0,-72.0,15.0,2025-04-02,AP-LLET49,2.5350669818754925,4.969267139479905,66.25891972657651,15.049645390070921,1.5122143420015761
AP-CCOM12,5.0,-69.0,9.0,2025-04-02,AP-CCOM12,3.239558707643814,3.289204097714736,57.180275090159846,,
AP-MED58,5.0,-45.0,14.0,2025-04-01,AP-MED58,1.9992119779353823,4.721040189125295,65.65384869667015,17.09613869188337,1.6587864460204886
AP-BIBHUM01,5.0,-47.0,9.0,2025-04-02,AP-BIBHUM01,8.308835672997523,4.284888521882742,57.42465264620139,,
AP-BIBCIE01,5.0,-72.0,9.0,2025-04-03,AP-BIBCIE01,29.57274247491639,5.270903010033445,56.83050626497597,,
AP-BIBCIE01,5.0,-70.0,9.0,2025-04-03,AP-BIBCIE01,29.57274247491639,5.270903010033445,56.83050626497597,,
AP-VET76,2.4,-45.0,9.0,2025-04-02,AP-VET76,2.5041322314049586,1.2861570247933884,56.82525168260928,,
AP-BIBCIE01,5.0,-62.0,9.0,2025-04-03,AP-BIBCIE01,29.57274247491639,5.270903010033445,56.83050626497597,,
AP-MED59,5.0,-60.0,9.0,2025-04-02,AP-MED59,3.896719319562576,5.667071688942892,65.86008671840895,18.0,1.9501822600243013
AP-CIEN119,5.0,-44.0,14.0,2025-04-02,AP-CIEN119,7.693459416863672,8.044917257683215,67.85606166434653,15.018912529550827,3.9275019700551614
AP-CCOM41,2.4,-71.0,9.0,2025-04-02,AP-CCOM41,1.5216706067769898,2.9235618597320725,58.352800091649904,,
AP-DRET02,5.0,-84.0,9.0,2025-04-02,AP-DRET02,13.303388494877856,12.479905437352246,76.66042954593891,16.016548463356973,2.178092986603625
AP-MED43,5.0,-51.0,9.0,2025-04-02,AP-MED43,3.045705279747833,21.04728132387707,56.718529154745205,,
AP-MED19,5.0,-65.0,9.0,2025-04-02,AP-MED19,1.5681639085894405,5.9763593380614655,69.56972870483868,15.0,2.1055949566587864
AP-MED59,5.0,-67.0,9.0,2025-04-02,AP-MED59,3.896719319562576,5.667071688942892,65.86008671840895,18.0,1.9501822600243013
AP-MED43,5.0,-46.0,9.0,2025-04-02,AP-MED43,3.045705279747833,21.04728132387707,56.718529154745205,,
AP-MED12,5.0,-54.0,9.0,2025-04-02,AP-MED12,2.8772782503037666,3.138517618469016,60.420496856304815,,
AP-MED48,5.0,-85.0,9.0,2025-04-02,AP-MED48,2.625,6.798611111111111,72.03447558663751,15.0,1.5416666666666667
AP-MED12,5.0,-50.0,9.0,2025-04-02,AP-MED12,2.8772782503037666,3.138517618469016,60.420496856304815,,
AP-ETSE02,2.4,-65.0,11.0,2025-04-03,AP-ETSE02,4.4375,3.4375,42.784924164132384,17.0,2.5
AP-BIBCIE01,5.0,-62.0,9.0,2025-04-03,AP-BIBCIE01,29.57274247491639,5.270903010033445,56.83050626497597,,
AP-BIBCIE01,5.0,-59.0,9.0,2025-04-03,AP-BIBCIE01,29.57274247491639,5.270903010033445,56.83050626497597,,
AP-CCOM18,5.0,-87.0,9.0,2025-04-02,AP-CCOM18,7.157545605306799,9.690713101160862,76.0005730486936,15.0,1.6326699834162521
AP-ICTAICP23,2.4,-50.0,9.0,2025-04-02,AP-ICTAICP23,1.2379826635145783,1.574468085106383,58.781480927636665,,
AP-CIEN10,5.0,-72.0,13.0,2025-04-02,AP-CIEN10,13.35933806146572,11.19070133963751,68.5865004026106,15.049645390070921,6.108747044917258
AP-BIBHUM07,5.0,-73.0,9.0,2025-04-02,AP-BIBHUM07,5.492981007431874,3.124690338563171,58.66555468948837,,
AP-MED60,2.4,-59.0,9.0,2025-04-02,AP-MED60,4.520882584712372,4.104806934594168,57.76101369730806,,
AP-CIEN131,5.0,-52.0,10.0,2025-04-03,AP-CIEN131,0.9457627118644067,2.473728813559322,59.769236969487196,,
AP-DRET02,5.0,-76.0,9.0,2025-04-02,AP-DRET02,13.303388494877856,12.479905437352246,76.66042954593891,16.016548463356973,2.178092986603625
AP-SAF09,2.4,-65.0,9.0,2025-04-02,AP-SAF09,4.166272655634358,6.334121355397951,69.83521709897906,20.49330181245075,2.326241134751773
AP-LLET13,5.0,-35.0,14.0,2025-04-02,AP-LLET13,3.541431261770245,5.552730696798493,67.02572631105147,15.448210922787194,2.8342749529190208
AP-ICTAICP21,2.4,-66.0,9.0,2025-04-02,AP-ICTAICP21,2.016548463356974,2.103230890464933,60.14579735700765,,
AP-EST03,2.4,-58.0,9.0,2025-04-02,AP-EST03,8.933018124507486,3.976359338061466,58.41640315203282,,
AP-VET34,5.0,-79.0,9.0,2025-04-02,AP-VET34,5.8132387706855795,3.8037825059101653,58.01565006575542,,
AP-CIEN14,5.0,-73.0,9.0,2025-04-02,AP-CIEN14,4.774625689519307,10.331757289204099,72.50991557409637,17.23798266351458,2.771473601260835
AP-BIBCIE01,5.0,-62.0,9.0,2025-04-03,AP-BIBCIE01,29.57274247491639,5.270903010033445,56.83050626497597,,
AP-IBB01,5.0,-68.0,9.0,2025-04-02,AP-IBB01,3.7825059101654848,5.732072498029945,67.75718184957891,15.771473601260835,2.0598896769109536
AP-BIBCIE01,5.0,-64.0,9.0,2025-04-03,AP-BIBCIE01,29.57274247491639,5.270903010033445,56.83050626497597,,
AP-BIBCIE01,5.0,-63.0,9.0,2025-04-03,AP-BIBCIE01,29.57274247491639,5.270903010033445,56.83050626497597,,
AP-LLET55,5.0,-61.0,8.0,2025-04-03,AP-LLET55,17.171641791044777,12.7106135986733,71.52380172415106,16.028192371475953,11.14179104477612
AP-CIEN62,5.0,-71.0,9.0,2025-04-02,AP-CIEN62,4.314420803782506,10.156028368794326,70.50163227925907,20.29787234042553,6.331757289204098
AP-CCOM18,5.0,-84.0,9.0,2025-04-02,AP-CCOM18,7.157545605306799,9.690713101160862,76.0005730486936,15.0,1.6326699834162521
AP-BIBCIE01,5.0,-50.0,9.0,2025-04-03,AP-BIBCIE01,29.57274247491639,5.270903010033445,56.83050626497597,,
AP-BIBCIE01,5.0,-52.0,9.0,2025-04-03,AP-BIBCIE01,29.57274247491639,5.270903010033445,56.83050626497597,,
AP-MRB05,5.0,-64.0,9.0,2025-04-02,AP-MRB05,6.804570527974783,5.792750197005516,66.30574631461609,20.62647754137116,2.479905437352246
AP-CIEN14,5.0,-86.0,9.0,2025-04-02,AP-CIEN14,4.774625689519307,10.331757289204099,72.50991557409637,17.23798266351458,2.771473601260835
AP-MRB06,2.4,-73.0,9.0,2025-04-02,AP-MRB06,1.9330181245074862,5.077226162332545,65.61186831566789,18.0,1.4688731284475964
AP-POL10,5.0,-62.0,9.0,2025-04-02,AP-POL10,3.3325453112687153,3.925925925925926,58.613893051042744,,
AP-BIBCIE01,5.0,-63.0,9.0,2025-04-03,AP-BIBCIE01,29.57274247491639,5.270903010033445,56.83050626497597,,
AP-ETSE13,2.4,-66.0,9.0,2025-04-02,AP-ETSE13,7.055555555555555,3.6464646464646466,57.663506997225426,,
AP-VET77,2.4,-54.0,9.0,2025-04-02,AP-VET77,1.2293144208037825,2.0315208825847124,61.33445800668813,,
AP-REC09,2.4,-65.0,9.0,2025-04-02,AP-REC09,6.240346729708432,2.4814814814814814,57.954879676040456,,
AP-LLET49,5.0,-71.0,15.0,2025-04-02,AP-LLET49,2.5350669818754925,4.969267139479905,66.25891972657651,15.049645390070921,1.5122143420015761
AP-CCOM12,5.0,-69.0,9.0,2025-04-02,AP-CCOM12,3.239558707643814,3.289204097714736,57.180275090159846,,
AP-MED58,5.0,-47.0,14.0,2025-04-01,AP-MED58,1.9992119779353823,4.721040189125295,65.65384869667015,17.09613869188337,1.6587864460204886
AP-BIBHUM01,5.0,-47.0,9.0,2025-04-02,AP-BIBHUM01,8.308835672997523,4.284888521882742,57.42465264620139,,
AP-ETSE75,5.0,-85.0,9.0,2025-04-02,AP-ETSE75,7.476753349093775,10.493301812450749,71.96704453523064,17.0,4.5650118203309695
AP-BIBCIE01,5.0,-70.0,9.0,2025-04-03,AP-BIBCIE01,29.57274247491639,5.270903010033445,56.83050626497597,,
AP-VET76,2.4,-42.0,9.0,2025-04-02,AP-VET76,2.5041322314049586,1.2861570247933884,56.82525168260928,,
AP-MED59,5.0,-59.0,9.0,2025-04-02,AP-MED59,3.896719319562576,5.667071688942892,65.86008671840895,18.0,1.9501822600243013
AP-CIEN119,5.0,-45.0,14.0,2025-04-02,AP-CIEN119,7.693459416863672,8.044917257683215,67.85606166434653,15.018912529550827,3.9275019700551614
AP-CCOM41,2.4,-69.0,9.0,2025-04-02,AP-CCOM41,1.5216706067769898,2.9235618597320725,58.352800091649904,,
AP-DRET02,5.0,-84.0,9.0,2025-04-02,AP-DRET02,13.303388494877856,12.479905437352246,76.66042954593891,16.016548463356973,2.178092986603625
AP-MED43,5.0,-51.0,9.0,2025-04-02,AP-MED43,3.045705279747833,21.04728132387707,56.718529154745205,,
AP-MED19,5.0,-65.0,9.0,2025-04-02,AP-MED19,1.5681639085894405,5.9763593380614655,69.56972870483868,15.0,2.1055949566587864
AP-MED59,5.0,-68.0,9.0,2025-04-02,AP-MED59,3.896719319562576,5.667071688942892,65.86008671840895,18.0,1.9501822600243013
AP-MED43,5.0,-46.0,9.0,2025-04-02,AP-MED43,3.045705279747833,21.04728132387707,56.718529154745205,,
AP-MED12,5.0,-53.0,9.0,2025-04-02,AP-MED12,2.8772782503037666,3.138517618469016,60.420496856304815,,
AP-MED48,5.0,-85.0,9.0,2025-04-02,AP-MED48,2.625,6.798611111111111,72.03447558663751,15.0,1.5416666666666667
AP-MED12,5.0,-52.0,9.0,2025-04-02,AP-MED12,2.8772782503037666,3.138517618469016,60.420496856304815,,
AP-ETSE02,5.0,-70.0,11.0,2025-04-03,AP-ETSE02,4.4375,3.4375,42.784924164132384,17.0,2.5
AP-ICTAICP23,2.4,-50.0,9.0,2025-04-02,AP-ICTAICP23,1.2379826635145783,1.574468085106383,58.781480927636665,,
AP-CIEN10,5.0,-72.0,13.0,2025-04-02,AP-CIEN10,13.35933806146572,11.19070133963751,68.5865004026106,15.049645390070921,6.108747044917258
AP-BIBHUM07,5.0,-75.0,9.0,2025-04-02,AP-BIBHUM07,5.492981007431874,3.124690338563171,58.66555468948837,,
AP-MED60,2.4,-59.0,9.0,2025-04-02,AP-MED60,4.520882584712372,4.104806934594168,57.76101369730806,,
AP-DRET02,5.0,-76.0,9.0,2025-04-02,AP-DRET02,13.303388494877856,12.479905437352246,76.66042954593891,16.016548463356973,2.178092986603625
AP-SAF09,2.4,-62.0,9.0,2025-04-02,AP-SAF09,4.166272655634358,6.334121355397951,69.83521709897906,20.49330181245075,2.326241134751773
AP-LLET13,5.0,-36.0,14.0,2025-04-02,AP-LLET13,3.541431261770245,5.552730696798493,67.02572631105147,15.448210922787194,2.8342749529190208
AP-BIBCIE01,5.0,-69.0,9.0,2025-04-03,AP-BIBCIE01,29.57274247491639,5.270903010033445,56.83050626497597,,
AP-ICTAICP21,2.4,-66.0,9.0,2025-04-02,AP-ICTAICP21,2.016548463356974,2.103230890464933,60.14579735700765,,
AP-EST03,2.4,-56.0,9.0,2025-04-02,AP-EST03,8.933018124507486,3.976359338061466,58.41640315203282,,
AP-VET34,5.0,-84.0,9.0,2025-04-02,AP-VET34,5.8132387706855795,3.8037825059101653,58.01565006575542,,
AP-CIEN14,5.0,-73.0,9.0,2025-04-02,AP-CIEN14,4.774625689519307,10.331757289204099,72.50991557409637,17.23798266351458,2.771473601260835
AP-IBB01,5.0,-68.0,9.0,2025-04-02,AP-IBB01,3.7825059101654848,5.732072498029945,67.75718184957891,15.771473601260835,2.0598896769109536
AP-CIEN62,5.0,-71.0,9.0,2025-04-02,AP-CIEN62,4.314420803782506,10.156028368794326,70.50163227925907,20.29787234042553,6.331757289204098
AP-CCOM18,5.0,-84.0,9.0,2025-04-02,AP-CCOM18,7.157545605306799,9.690713101160862,76.0005730486936,15.0,1.6326699834162521
AP-MRB05,5.0,-65.0,9.0,2025-04-02,AP-MRB05,6.804570527974783,5.792750197005516,66.30574631461609,20.62647754137116,2.479905437352246
AP-CIEN14,5.0,-86.0,9.0,2025-04-02,AP-CIEN14,4.774625689519307,10.331757289204099,72.50991557409637,17.23798266351458,2.771473601260835
AP-MRB06,2.4,-71.0,9.0,2025-04-02,AP-MRB06,1.9330181245074862,5.077226162332545,65.61186831566789,18.0,1.4688731284475964
AP-POL10,5.0,-57.0,9.0,2025-04-02,AP-POL10,3.3325453112687153,3.925925925925926,58.613893051042744,,
AP-BIBCIE01,5.0,-64.0,9.0,2025-04-03,AP-BIBCIE01,29.57274247491639,5.270903010033445,56.83050626497597,,
AP-ETSE13,2.4,-66.0,9.0,2025-04-02,AP-ETSE13,7.055555555555555,3.6464646464646466,57.663506997225426,,
AP-VET77,2.4,-55.0,9.0,2025-04-02,AP-VET77,1.2293144208037825,2.0315208825847124,61.33445800668813,,
AP-REC09,2.4,-66.0,9.0,2025-04-02,AP-REC09,6.240346729708432,2.4814814814814814,57.954879676040456,,
AP-LLET49,5.0,-72.0,15.0,2025-04-02,AP-LLET49,2.5350669818754925,4.969267139479905,66.25891972657651,15.049645390070921,1.5122143420015761
AP-CCOM12,5.0,-69.0,9.0,2025-04-02,AP-CCOM12,3.239558707643814,3.289204097714736,57.180275090159846,,
AP-BIBHUM01,5.0,-47.0,9.0,2025-04-02,AP-BIBHUM01,8.308835672997523,4.284888521882742,57.42465264620139,,
AP-VET76,5.0,-53.0,9.0,2025-04-02,AP-VET76,2.5041322314049586,1.2861570247933884,56.82525168260928,,
AP-MED59,5.0,-60.0,9.0,2025-04-02,AP-MED59,3.896719319562576,5.667071688942892,65.86008671840895,18.0,1.9501822600243013
AP-CIEN119,5.0,-44.0,14.0,2025-04-02,AP-CIEN119,7.693459416863672,8.044917257683215,67.85606166434653,15.018912529550827,3.9275019700551614
AP-CCOM41,2.4,-72.0,9.0,2025-04-02,AP-CCOM41,1.5216706067769898,2.9235618597320725,58.352800091649904,,
AP-DRET02,5.0,-84.0,9.0,2025-04-02,AP-DRET02,13.303388494877856,12.479905437352246,76.66042954593891,16.016548463356973,2.178092986603625
AP-MED43,5.0,-50.0,9.0,2025-04-02,AP-MED43,3.045705279747833,21.04728132387707,56.718529154745205,,
AP-MED19,5.0,-63.0,9.0,2025-04-02,AP-MED19,1.5681639085894405,5.9763593380614655,69.56972870483868,15.0,2.1055949566587864
AP-MED59,5.0,-69.0,9.0,2025-04-02,AP-MED59,3.896719319562576,5.667071688942892,65.86008671840895,18.0,1.9501822600243013
AP-MED43,5.0,-46.0,9.0,2025-04-02,AP-MED43,3.045705279747833,21.04728132387707,56.718529154745205,,
AP-MED12,5.0,-54.0,9.0,2025-04-02,AP-MED12,2.8772782503037666,3.138517618469016,60.420496856304815,,
AP-MED48,5.0,-85.0,9.0,2025-04-02,AP-MED48,2.625,6.798611111111111,72.03447558663751,15.0,1.5416666666666667
AP-MED12,5.0,-51.0,9.0,2025-04-02,AP-MED12,2.8772782503037666,3.138517618469016,60.420496856304815,,
AP-ICTAICP23,2.4,-50.0,9.0,2025-04-02,AP-ICTAICP23,1.2379826635145783,1.574468085106383,58.781480927636665,,
AP-CIEN10,2.4,-64.0,13.0,2025-04-02,AP-CIEN10,13.35933806146572,11.19070133963751,68.5865004026106,15.049645390070921,6.108747044917258
AP-BIBHUM07,5.0,-74.0,9.0,2025-04-02,AP-BIBHUM07,5.492981007431874,3.124690338563171,58.66555468948837,,
AP-MED60,2.4,-58.0,9.0,2025-04-02,AP-MED60,4.520882584712372,4.104806934594168,57.76101369730806,,
AP-DRET02,5.0,-76.0,9.0,2025-04-02,AP-DRET02,13.303388494877856,12.479905437352246,76.66042954593891,16.016548463356973,2.178092986603625
AP-SAF09,2.4,-61.0,9.0,2025-04-02,AP-SAF09,4.166272655634358,6.334121355397951,69.83521709897906,20.49330181245075,2.326241134751773
AP-LLET13,5.0,-35.0,14.0,2025-04-02,AP-LLET13,3.541431261770245,5.552730696798493,67.02572631105147,15.448210922787194,2.8342749529190208
AP-ICTAICP21,2.4,-66.0,9.0,2025-04-02,AP-ICTAICP21,2.016548463356974,2.103230890464933,60.14579735700765,,
AP-VET34,5.0,-78.0,9.0,2025-04-02,AP-VET34,5.8132387706855795,3.8037825059101653,58.01565006575542,,
AP-CIEN14,5.0,-72.0,9.0,2025-04-02,AP-CIEN14,4.774625689519307,10.331757289204099,72.50991557409637,17.23798266351458,2.771473601260835
AP-IBB01,5.0,-69.0,9.0,2025-04-02,AP-IBB01,3.7825059101654848,5.732072498029945,67.75718184957891,15.771473601260835,2.0598896769109536
AP-CIEN62,5.0,-71.0,9.0,2025-04-02,AP-CIEN62,4.314420803782506,10.156028368794326,70.50163227925907,20.29787234042553,6.331757289204098
AP-CCOM18,5.0,-84.0,9.0,2025-04-02,AP-CCOM18,7.157545605306799,9.690713101160862,76.0005730486936,15.0,1.6326699834162521
AP-ETSE02,2.4,-58.0,11.0,2025-04-03,AP-ETSE02,4.4375,3.4375,42.784924164132384,17.0,2.5
AP-MRB05,5.0,-65.0,9.0,2025-04-02,AP-MRB05,6.804570527974783,5.792750197005516,66.30574631461609,20.62647754137116,2.479905437352246
AP-CIEN14,5.0,-86.0,9.0,2025-04-02,AP-CIEN14,4.774625689519307,10.331757289204099,72.50991557409637,17.23798266351458,2.771473601260835
AP-MRB06,2.4,-72.0,9.0,2025-04-02,AP-MRB06,1.9330181245074862,5.077226162332545,65.61186831566789,18.0,1.4688731284475964
AP-POL10,5.0,-57.0,9.0,2025-04-02,AP-POL10,3.3325453112687153,3.925925925925926,58.613893051042744,,
AP-ETSE13,2.4,-65.0,9.0,2025-04-02,AP-ETSE13,7.055555555555555,3.6464646464646466,57.663506997225426,,
AP-VET77,2.4,-55.0,9.0,2025-04-02,AP-VET77,1.2293144208037825,2.0315208825847124,61.33445800668813,,
AP-REC09,2.4,-66.0,9.0,2025-04-02,AP-REC09,6.240346729708432,2.4814814814814814,57.954879676040456,,
AP-LLET49,5.0,-72.0,15.0,2025-04-02,AP-LLET49,2.5350669818754925,4.969267139479905,66.25891972657651,15.049645390070921,1.5122143420015761
AP-CCOM12,5.0,-67.0,9.0,2025-04-02,AP-CCOM12,3.239558707643814,3.289204097714736,57.180275090159846,,
AP-BIBHUM01,5.0,-47.0,9.0,2025-04-02,AP-BIBHUM01,8.308835672997523,4.284888521882742,57.42465264620139,,
AP-VET76,5.0,-53.0,9.0,2025-04-02,AP-VET76,2.5041322314049586,1.2861570247933884,56.82525168260928,,
AP-MED59,5.0,-61.0,9.0,2025-04-02,AP-MED59,3.896719319562576,5.667071688942892,65.86008671840895,18.0,1.9501822600243013
AP-CIEN119,5.0,-49.0,14.0,2025-04-02,AP-CIEN119,7.693459416863672,8.044917257683215,67.85606166434653,15.018912529550827,3.9275019700551614
AP-CCOM41,2.4,-71.0,9.0,2025-04-02,AP-CCOM41,1.5216706067769898,2.9235618597320725,58.352800091649904,,
AP-DRET02,5.0,-84.0,9.0,2025-04-02,AP-DRET02,13.303388494877856,12.479905437352246,76.66042954593891,16.016548463356973,2.178092986603625
AP-MED43,5.0,-52.0,9.0,2025-04-02,AP-MED43,3.045705279747833,21.04728132387707,56.718529154745205,,
AP-MED59,5.0,-68.0,9.0,2025-04-02,AP-MED59,3.896719319562576,5.667071688942892,65.86008671840895,18.0,1.9501822600243013
AP-MED43,5.0,-46.0,9.0,2025-04-02,AP-MED43,3.045705279747833,21.04728132387707,56.718529154745205,,
AP-MED12,5.0,-50.0,9.0,2025-04-02,AP-MED12,2.8772782503037666,3.138517618469016,60.420496856304815,,
AP-MED48,5.0,-85.0,9.0,2025-04-02,AP-MED48,2.625,6.798611111111111,72.03447558663751,15.0,1.5416666666666667
AP-MED12,5.0,-55.0,9.0,2025-04-02,AP-MED12,2.8772782503037666,3.138517618469016,60.420496856304815,,
AP-ICTAICP23,2.4,-50.0,9.0,2025-04-02,AP-ICTAICP23,1.2379826635145783,1.574468085106383,58.781480927636665,,
AP-CIEN10,2.4,-65.0,13.0,2025-04-02,AP-CIEN10,13.35933806146572,11.19070133963751,68.5865004026106,15.049645390070921,6.108747044917258
AP-BIBHUM07,5.0,-76.0,9.0,2025-04-02,AP-BIBHUM07,5.492981007431874,3.124690338563171,58.66555468948837,,
AP-MED60,2.4,-58.0,9.0,2025-04-02,AP-MED60,4.520882584712372,4.104806934594168,57.76101369730806,,
AP-DRET02,5.0,-76.0,9.0,2025-04-02,AP-DRET02,13.303388494877856,12.479905437352246,76.66042954593891,16.016548463356973,2.178092986603625
AP-SAF09,2.4,-61.0,9.0,2025-04-02,AP-SAF09,4.166272655634358,6.334121355397951,69.83521709897906,20.49330181245075,2.326241134751773
AP-LLET13,5.0,-34.0,14.0,2025-04-02,AP-LLET13,3.541431261770245,5.552730696798493,67.02572631105147,15.448210922787194,2.8342749529190208
AP-BIBCIE01,5.0,-59.0,9.0,2025-04-03,AP-BIBCIE01,29.57274247491639,5.270903010033445,56.83050626497597,,
AP-ICTAICP21,2.4,-67.0,9.0,2025-04-02,AP-ICTAICP21,2.016548463356974,2.103230890464933,60.14579735700765,,
AP-VET34,5.0,-79.0,9.0,2025-04-02,AP-VET34,5.8132387706855795,3.8037825059101653,58.01565006575542,,
AP-CIEN14,5.0,-73.0,9.0,2025-04-02,AP-CIEN14,4.774625689519307,10.331757289204099,72.50991557409637,17.23798266351458,2.771473601260835
AP-IBB01,2.4,-65.0,9.0,2025-04-02,AP-IBB01,3.7825059101654848,5.732072498029945,67.75718184957891,15.771473601260835,2.0598896769109536
AP-CIEN62,5.0,-71.0,9.0,2025-04-02,AP-CIEN62,4.314420803782506,10.156028368794326,70.50163227925907,20.29787234042553,6.331757289204098
AP-CCOM18,5.0,-84.0,9.0,2025-04-02,AP-CCOM18,7.157545605306799,9.690713101160862,76.0005730486936,15.0,1.6326699834162521
AP-MRB05,5.0,-66.0,9.0,2025-04-02,AP-MRB05,6.804570527974783,5.792750197005516,66.30574631461609,20.62647754137116,2.479905437352246
AP-CIEN14,5.0,-86.0,9.0,2025-04-02,AP-CIEN14,4.774625689519307,10.331757289204099,72.50991557409637,17.23798266351458,2.771473601260835
AP-MRB06,2.4,-69.0,9.0,2025-04-02,AP-MRB06,1.9330181245074862,5.077226162332545,65.61186831566789,18.0,1.4688731284475964
AP-POL10,5.0,-57.0,9.0,2025-04-02,AP-POL10,3.3325453112687153,3.925925925925926,58.613893051042744,,
AP-ETSE13,2.4,-65.0,9.0,2025-04-02,AP-ETSE13,7.055555555555555,3.6464646464646466,57.663506997225426,,
AP-VET77,2.4,-54.0,9.0,2025-04-02,AP-VET77,1.2293144208037825,2.0315208825847124,61.33445800668813,,
AP-REC09,2.4,-65.0,9.0,2025-04-02,AP-REC09,6.240346729708432,2.4814814814814814,57.954879676040456,,
AP-LLET49,5.0,-72.0,15.0,2025-04-02,AP-LLET49,2.5350669818754925,4.969267139479905,66.25891972657651,15.049645390070921,1.5122143420015761
AP-CCOM12,5.0,-69.0,9.0,2025-04-02,AP-CCOM12,3.239558707643814,3.289204097714736,57.180275090159846,,
AP-BIBHUM01,5.0,-48.0,9.0,2025-04-02,AP-BIBHUM01,8.308835672997523,4.284888521882742,57.42465264620139,,
AP-VET76,2.4,-42.0,9.0,2025-04-02,AP-VET76,2.5041322314049586,1.2861570247933884,56.82525168260928,,
AP-MED59,5.0,-60.0,9.0,2025-04-02,AP-MED59,3.896719319562576,5.667071688942892,65.86008671840895,18.0,1.9501822600243013
AP-CIEN119,5.0,-49.0,14.0,2025-04-02,AP-CIEN119,7.693459416863672,8.044917257683215,67.85606166434653,15.018912529550827,3.9275019700551614
AP-CCOM41,2.4,-73.0,9.0,2025-04-02,AP-CCOM41,1.5216706067769898,2.9235618597320725,58.352800091649904,,
AP-DRET02,5.0,-84.0,9.0,2025-04-02,AP-DRET02,13.303388494877856,12.479905437352246,76.66042954593891,16.016548463356973,2.178092986603625
AP-MED43,5.0,-54.0,9.0,2025-04-02,AP-MED43,3.045705279747833,21.04728132387707,56.718529154745205,,
AP-MED59,5.0,-69.0,9.0,2025-04-02,AP-MED59,3.896719319562576,5.667071688942892,65.86008671840895,18.0,1.9501822600243013
AP-MED43,5.0,-46.0,9.0,2025-04-02,AP-MED43,3.045705279747833,21.04728132387707,56.718529154745205,,
AP-MED12,5.0,-53.0,9.0,2025-04-02,AP-MED12,2.8772782503037666,3.138517618469016,60.420496856304815,,
AP-MED48,5.0,-85.0,9.0,2025-04-02,AP-MED48,2.625,6.798611111111111,72.03447558663751,15.0,1.5416666666666667
AP-ICTAICP23,2.4,-51.0,9.0,2025-04-02,AP-ICTAICP23,1.2379826635145783,1.574468085106383,58.781480927636665,,
AP-CIEN10,5.0,-71.0,13.0,2025-04-02,AP-CIEN10,13.35933806146572,11.19070133963751,68.5865004026106,15.049645390070921,6.108747044917258
AP-BIBHUM07,5.0,-77.0,9.0,2025-04-02,AP-BIBHUM07,5.492981007431874,3.124690338563171,58.66555468948837,,
AP-MED60,2.4,-57.0,9.0,2025-04-02,AP-MED60,4.520882584712372,4.104806934594168,57.76101369730806,,
AP-DRET02,5.0,-76.0,9.0,2025-04-02,AP-DRET02,13.303388494877856,12.479905437352246,76.66042954593891,16.016548463356973,2.178092986603625
AP-SAF09,2.4,-60.0,9.0,2025-04-02,AP-SAF09,4.166272655634358,6.334121355397951,69.83521709897906,20.49330181245075,2.326241134751773
AP-LLET13,5.0,-35.0,14.0,2025-04-02,AP-LLET13,3.541431261770245,5.552730696798493,67.02572631105147,15.448210922787194,2.8342749529190208
AP-BIBCIE01,5.0,-54.0,9.0,2025-04-03,AP-BIBCIE01,29.57274247491639,5.270903010033445,56.83050626497597,,
AP-ICTAICP21,2.4,-68.0,9.0,2025-04-02,AP-ICTAICP21,2.016548463356974,2.103230890464933,60.14579735700765,,
AP-ETSE02,5.0,-50.0,15.0,2025-04-03,AP-ETSE02,2.6312607944732296,2.715025906735751,46.157380267832814,16.552677029360968,2.8290155440414506
AP-ETSE02,5.0,-62.0,11.0,2025-04-03,AP-ETSE02,4.4375,3.4375,42.784924164132384,17.0,2.5
AP-VET34,5.0,-77.0,9.0,2025-04-02,AP-VET34,5.8132387706855795,3.8037825059101653,58.01565006575542,,
AP-CIEN14,5.0,-73.0,9.0,2025-04-02,AP-CIEN14,4.774625689519307,10.331757289204099,72.50991557409637,17.23798266351458,2.771473601260835
AP-LLET37,5.0,-40.0,15.0,2025-04-03,AP-LLET37,16.324137931034482,4.617241379310345,44.30747336358955,15.775,13.097413793103449
AP-IBB01,2.4,-65.0,9.0,2025-04-02,AP-IBB01,3.7825059101654848,5.732072498029945,67.75718184957891,15.771473601260835,2.0598896769109536
AP-LLET37,2.4,-65.0,15.0,2025-04-03,AP-LLET37,16.324137931034482,4.617241379310345,44.30747336358955,15.775,13.097413793103449
AP-CIEN62,5.0,-71.0,9.0,2025-04-02,AP-CIEN62,4.314420803782506,10.156028368794326,70.50163227925907,20.29787234042553,6.331757289204098
AP-CCOM18,5.0,-84.0,9.0,2025-04-02,AP-CCOM18,7.157545605306799,9.690713101160862,76.0005730486936,15.0,1.6326699834162521
AP-LLET37,5.0,-77.0,15.0,2025-04-03,AP-LLET37,16.324137931034482,4.617241379310345,44.30747336358955,15.775,13.097413793103449
AP-MRB05,5.0,-64.0,9.0,2025-04-02,AP-MRB05,6.804570527974783,5.792750197005516,66.30574631461609,20.62647754137116,2.479905437352246
AP-CIEN14,5.0,-86.0,9.0,2025-04-02,AP-CIEN14,4.774625689519307,10.331757289204099,72.50991557409637,17.23798266351458,2.771473601260835
AP-LLET37,5.0,-58.0,15.0,2025-04-03,AP-LLET37,16.324137931034482,4.617241379310345,44.30747336358955,15.775,13.097413793103449
AP-MRB06,2.4,-71.0,9.0,2025-04-02,AP-MRB06,1.9330181245074862,5.077226162332545,65.61186831566789,18.0,1.4688731284475964
AP-POL10,5.0,-57.0,9.0,2025-04-02,AP-POL10,3.3325453112687153,3.925925925925926,58.613893051042744,,
AP-ETSE13,2.4,-66.0,9.0,2025-04-02,AP-ETSE13,7.055555555555555,3.6464646464646466,57.663506997225426,,
AP-VET77,2.4,-54.0,9.0,2025-04-02,AP-VET77,1.2293144208037825,2.0315208825847124,61.33445800668813,,
AP-REC09,2.4,-66.0,9.0,2025-04-02,AP-REC09,6.240346729708432,2.4814814814814814,57.954879676040456,,
AP-LLET49,5.0,-72.0,15.0,2025-04-02,AP-LLET49,2.5350669818754925,4.969267139479905,66.25891972657651,15.049645390070921,1.5122143420015761
AP-LLET37,5.0,-41.0,15.0,2025-04-03,AP-LLET37,16.324137931034482,4.617241379310345,44.30747336358955,15.775,13.097413793103449
AP-CCOM12,5.0,-65.0,9.0,2025-04-02,AP-CCOM12,3.239558707643814,3.289204097714736,57.180275090159846,,
AP-LLET37,5.0,-67.0,15.0,2025-04-03,AP-LLET37,16.324137931034482,4.617241379310345,44.30747336358955,15.775,13.097413793103449
AP-LLET37,5.0,-55.0,15.0,2025-04-03,AP-LLET37,16.324137931034482,4.617241379310345,44.30747336358955,15.775,13.097413793103449
AP-LLET37,5.0,-50.0,15.0,2025-04-03,AP-LLET37,16.324137931034482,4.617241379310345,44.30747336358955,15.775,13.097413793103449
AP-VET76,5.0,-53.0,9.0,2025-04-02,AP-VET76,2.5041322314049586,1.2861570247933884,56.82525168260928,,
AP-MED59,5.0,-60.0,9.0,2025-04-02,AP-MED59,3.896719319562576,5.667071688942892,65.86008671840895,18.0,1.9501822600243013
AP-CIEN119,5.0,-49.0,14.0,2025-04-02,AP-CIEN119,7.693459416863672,8.044917257683215,67.85606166434653,15.018912529550827,3.9275019700551614
AP-CCOM41,2.4,-73.0,9.0,2025-04-02,AP-CCOM41,1.5216706067769898,2.9235618597320725,58.352800091649904,,
AP-DRET02,5.0,-84.0,9.0,2025-04-02,AP-DRET02,13.303388494877856,12.479905437352246,76.66042954593891,16.016548463356973,2.178092986603625
AP-MED43,5.0,-53.0,9.0,2025-04-02,AP-MED43,3.045705279747833,21.04728132387707,56.718529154745205,,
AP-LLET37,2.4,-60.0,15.0,2025-04-03,AP-LLET37,16.324137931034482,4.617241379310345,44.30747336358955,15.775,13.097413793103449
AP-MED59,5.0,-67.0,9.0,2025-04-02,AP-MED59,3.896719319562576,5.667071688942892,65.86008671840895,18.0,1.9501822600243013
AP-MED43,5.0,-47.0,9.0,2025-04-02,AP-MED43,3.045705279747833,21.04728132387707,56.718529154745205,,
AP-MED12,5.0,-50.0,9.0,2025-04-02,AP-MED12,2.8772782503037666,3.138517618469016,60.420496856304815,,
AP-MED48,5.0,-85.0,9.0,2025-04-02,AP-MED48,2.625,6.798611111111111,72.03447558663751,15.0,1.5416666666666667
AP-ICTAICP23,2.4,-50.0,9.0,2025-04-02,AP-ICTAICP23,1.2379826635145783,1.574468085106383,58.781480927636665,,
AP-BIBHUM07,5.0,-77.0,9.0,2025-04-02,AP-BIBHUM07,5.492981007431874,3.124690338563171,58.66555468948837,,
AP-MED60,2.4,-58.0,9.0,2025-04-02,AP-MED60,4.520882584712372,4.104806934594168,57.76101369730806,,
AP-DRET02,5.0,-76.0,9.0,2025-04-02,AP-DRET02,13.303388494877856,12.479905437352246,76.66042954593891,16.016548463356973,2.178092986603625
AP-SAF09,2.4,-60.0,9.0,2025-04-02,AP-SAF09,4.166272655634358,6.334121355397951,69.83521709897906,20.49330181245075,2.326241134751773
AP-LLET13,5.0,-34.0,14.0,2025-04-02,AP-LLET13,3.541431261770245,5.552730696798493,67.02572631105147,15.448210922787194,2.8342749529190208
AP-BIBCIE01,5.0,-56.0,9.0,2025-04-03,AP-BIBCIE01,29.57274247491639,5.270903010033445,56.83050626497597,,
AP-ICTAICP21,2.4,-66.0,9.0,2025-04-02,AP-ICTAICP21,2.016548463356974,2.103230890464933,60.14579735700765,,
AP-VET34,5.0,-77.0,9.0,2025-04-02,AP-VET34,5.8132387706855795,3.8037825059101653,58.01565006575542,,
AP-CIEN14,5.0,-73.0,9.0,2025-04-02,AP-CIEN14,4.774625689519307,10.331757289204099,72.50991557409637,17.23798266351458,2.771473601260835
AP-LLET37,5.0,-40.0,15.0,2025-04-03,AP-LLET37,16.324137931034482,4.617241379310345,44.30747336358955,15.775,13.097413793103449
AP-IBB01,2.4,-70.0,9.0,2025-04-02,AP-IBB01,3.7825059101654848,5.732072498029945,67.75718184957891,15.771473601260835,2.0598896769109536
AP-CIEN62,5.0,-71.0,9.0,2025-04-02,AP-CIEN62,4.314420803782506,10.156028368794326,70.50163227925907,20.29787234042553,6.331757289204098
AP-CCOM18,5.0,-84.0,9.0,2025-04-02,AP-CCOM18,7.157545605306799,9.690713101160862,76.0005730486936,15.0,1.6326699834162521
AP-LLET37,5.0,-78.0,15.0,2025-04-03,AP-LLET37,16.324137931034482,4.617241379310345,44.30747336358955,15.775,13.097413793103449
AP-MRB05,5.0,-65.0,9.0,2025-04-02,AP-MRB05,6.804570527974783,5.792750197005516,66.30574631461609,20.62647754137116,2.479905437352246
AP-CIEN14,5.0,-86.0,9.0,2025-04-02,AP-CIEN14,4.774625689519307,10.331757289204099,72.50991557409637,17.23798266351458,2.771473601260835
AP-LLET37,5.0,-60.0,15.0,2025-04-03,AP-LLET37,16.324137931034482,4.617241379310345,44.30747336358955,15.775,13.097413793103449
AP-MRB06,2.4,-71.0,9.0,2025-04-02,AP-MRB06,1.9330181245074862,5.077226162332545,65.61186831566789,18.0,1.4688731284475964
AP-POL10,5.0,-55.0,9.0,2025-04-02,AP-POL10,3.3325453112687153,3.925925925925926,58.613893051042744,,
AP-ETSE13,2.4,-66.0,9.0,2025-04-02,AP-ETSE13,7.055555555555555,3.6464646464646466,57.663506997225426,,
AP-VET77,2.4,-55.0,9.0,2025-04-02,AP-VET77,1.2293144208037825,2.0315208825847124,61.33445800668813,,
AP-REC09,2.4,-65.0,9.0,2025-04-02,AP-REC09,6.240346729708432,2.4814814814814814,57.954879676040456,,
AP-LLET49,5.0,-72.0,15.0,2025-04-02,AP-LLET49,2.5350669818754925,4.969267139479905,66.25891972657651,15.049645390070921,1.5122143420015761
AP-LLET37,5.0,-39.0,15.0,2025-04-03,AP-LLET37,16.324137931034482,4.617241379310345,44.30747336358955,15.775,13.097413793103449
AP-CCOM12,5.0,-65.0,9.0,2025-04-02,AP-CCOM12,3.239558707643814,3.289204097714736,57.180275090159846,,
AP-LLET37,5.0,-76.0,15.0,2025-04-03,AP-LLET37,16.324137931034482,4.617241379310345,44.30747336358955,15.775,13.097413793103449
AP-LLET37,5.0,-67.0,15.0,2025-04-03,AP-LLET37,16.324137931034482,4.617241379310345,44.30747336358955,15.775,13.097413793103449
AP-LLET37,5.0,-46.0,15.0,2025-04-03,AP-LLET37,16.324137931034482,4.617241379310345,44.30747336358955,15.775,13.097413793103449
AP-LLET37,5.0,-57.0,15.0,2025-04-03,AP-LLET37,16.324137931034482,4.617241379310345,44.30747336358955,15.775,13.097413793103449
AP-VET76,5.0,-52.0,9.0,2025-04-02,AP-VET76,2.5041322314049586,1.2861570247933884,56.82525168260928,,
AP-MED59,5.0,-59.0,9.0,2025-04-02,AP-MED59,3.896719319562576,5.667071688942892,65.86008671840895,18.0,1.9501822600243013
AP-CIEN119,5.0,-48.0,14.0,2025-04-02,AP-CIEN119,7.693459416863672,8.044917257683215,67.85606166434653,15.018912529550827,3.9275019700551614
AP-CCOM41,2.4,-74.0,9.0,2025-04-02,AP-CCOM41,1.5216706067769898,2.9235618597320725,58.352800091649904,,
AP-DRET02,5.0,-84.0,9.0,2025-04-02,AP-DRET02,13.303388494877856,12.479905437352246,76.66042954593891,16.016548463356973,2.178092986603625
AP-MED43,5.0,-54.0,9.0,2025-04-02,AP-MED43,3.045705279747833,21.04728132387707,56.718529154745205,,
AP-MED59,5.0,-69.0,9.0,2025-04-02,AP-MED59,3.896719319562576,5.667071688942892,65.86008671840895,18.0,1.9501822600243013
AP-MED43,5.0,-51.0,9.0,2025-04-02,AP-MED43,3.045705279747833,21.04728132387707,56.718529154745205,,
AP-MED12,5.0,-52.0,9.0,2025-04-02,AP-MED12,2.8772782503037666,3.138517618469016,60.420496856304815,,
AP-MED48,5.0,-85.0,9.0,2025-04-02,AP-MED48,2.625,6.798611111111111,72.03447558663751,15.0,1.5416666666666667
AP-ICTAICP23,2.4,-50.0,9.0,2025-04-02,AP-ICTAICP23,1.2379826635145783,1.574468085106383,58.781480927636665,,
AP-BIBHUM07,5.0,-77.0,9.0,2025-04-02,AP-BIBHUM07,5.492981007431874,3.124690338563171,58.66555468948837,,
AP-MED60,2.4,-59.0,9.0,2025-04-02,AP-MED60,4.520882584712372,4.104806934594168,57.76101369730806,,
AP-DRET02,5.0,-76.0,9.0,2025-04-02,AP-DRET02,13.303388494877856,12.479905437352246,76.66042954593891,16.016548463356973,2.178092986603625
AP-SAF09,2.4,-58.0,9.0,2025-04-02,AP-SAF09,4.166272655634358,6.334121355397951,69.83521709897906,20.49330181245075,2.326241134751773
AP-LLET13,5.0,-34.0,14.0,2025-04-02,AP-LLET13,3.541431261770245,5.552730696798493,67.02572631105147,15.448210922787194,2.8342749529190208
AP-ICTAICP21,2.4,-66.0,9.0,2025-04-02,AP-ICTAICP21,2.016548463356974,2.103230890464933,60.14579735700765,,
AP-VET34,5.0,-76.0,9.0,2025-04-02,AP-VET34,5.8132387706855795,3.8037825059101653,58.01565006575542,,
AP-CIEN14,5.0,-73.0,9.0,2025-04-02,AP-CIEN14,4.774625689519307,10.331757289204099,72.50991557409637,17.23798266351458,2.771473601260835
AP-LLET37,5.0,-40.0,15.0,2025-04-03,AP-LLET37,16.324137931034482,4.617241379310345,44.30747336358955,15.775,13.097413793103449
AP-IBB01,2.4,-70.0,9.0,2025-04-02,AP-IBB01,3.7825059101654848,5.732072498029945,67.75718184957891,15.771473601260835,2.0598896769109536
AP-CIEN62,5.0,-71.0,9.0,2025-04-02,AP-CIEN62,4.314420803782506,10.156028368794326,70.50163227925907,20.29787234042553,6.331757289204098
AP-CCOM18,5.0,-84.0,9.0,2025-04-02,AP-CCOM18,7.157545605306799,9.690713101160862,76.0005730486936,15.0,1.6326699834162521
AP-LLET37,5.0,-72.0,15.0,2025-04-03,AP-LLET37,16.324137931034482,4.617241379310345,44.30747336358955,15.775,13.097413793103449
AP-MRB05,5.0,-64.0,9.0,2025-04-02,AP-MRB05,6.804570527974783,5.792750197005516,66.30574631461609,20.62647754137116,2.479905437352246
AP-CIEN14,5.0,-86.0,9.0,2025-04-02,AP-CIEN14,4.774625689519307,10.331757289204099,72.50991557409637,17.23798266351458,2.771473601260835
AP-LLET37,5.0,-60.0,15.0,2025-04-03,AP-LLET37,16.324137931034482,4.617241379310345,44.30747336358955,15.775,13.097413793103449
AP-MRB06,2.4,-71.0,9.0,2025-04-02,AP-MRB06,1.9330181245074862,5.077226162332545,65.61186831566789,18.0,1.4688731284475964
AP-POL10,5.0,-81.0,9.0,2025-04-02,AP-POL10,3.3325453112687153,3.925925925925926,58.613893051042744,,
AP-ETSE13,2.4,-65.0,9.0,2025-04-02,AP-ETSE13,7.055555555555555,3.6464646464646466,57.663506997225426,,
AP-VET77,2.4,-54.0,9.0,2025-04-02,AP-VET77,1.2293144208037825,2.0315208825847124,61.33445800668813,,
AP-REC09,2.4,-65.0,9.0,2025-04-02,AP-REC09,6.240346729708432,2.4814814814814814,57.954879676040456,,
AP-LLET49,5.0,-73.0,15.0,2025-04-02,AP-LLET49,2.5350669818754925,4.969267139479905,66.25891972657651,15.049645390070921,1.5122143420015761
AP-LLET37,5.0,-41.0,15.0,2025-04-03,AP-LLET37,16.324137931034482,4.617241379310345,44.30747336358955,15.775,13.097413793103449
AP-CCOM12,5.0,-65.0,9.0,2025-04-02,AP-CCOM12,3.239558707643814,3.289204097714736,57.180275090159846,,
AP-LLET37,5.0,-78.0,15.0,2025-04-03,AP-LLET37,16.324137931034482,4.617241379310345,44.30747336358955,15.775,13.097413793103449
AP-VET76,2.4,-42.0,9.0,2025-04-02,AP-VET76,2.5041322314049586,1.2861570247933884,56.82525168260928,,
AP-MED59,5.0,-62.0,9.0,2025-04-02,AP-MED59,3.896719319562576,5.667071688942892,65.86008671840895,18.0,1.9501822600243013
AP-CIEN119,5.0,-49.0,14.0,2025-04-02,AP-CIEN119,7.693459416863672,8.044917257683215,67.85606166434653,15.018912529550827,3.9275019700551614
AP-CCOM41,2.4,-73.0,9.0,2025-04-02,AP-CCOM41,1.5216706067769898,2.9235618597320725,58.352800091649904,,
AP-DRET02,5.0,-84.0,9.0,2025-04-02,AP-DRET02,13.303388494877856,12.479905437352246,76.66042954593891,16.016548463356973,2.178092986603625
AP-MED43,5.0,-53.0,9.0,2025-04-02,AP-MED43,3.045705279747833,21.04728132387707,56.718529154745205,,
AP-MED59,5.0,-67.0,9.0,2025-04-02,AP-MED59,3.896719319562576,5.667071688942892,65.86008671840895,18.0,1.9501822600243013
AP-MED43,5.0,-54.0,9.0,2025-04-02,AP-MED43,3.045705279747833,21.04728132387707,56.718529154745205,,
AP-MED12,5.0,-52.0,9.0,2025-04-02,AP-MED12,2.8772782503037666,3.138517618469016,60.420496856304815,,
AP-MED48,5.0,-85.0,9.0,2025-04-02,AP-MED48,2.625,6.798611111111111,72.03447558663751,15.0,1.5416666666666667
AP-ICTAICP23,2.4,-50.0,9.0,2025-04-02,AP-ICTAICP23,1.2379826635145783,1.574468085106383,58.781480927636665,,
AP-BIBHUM07,5.0,-77.0,9.0,2025-04-02,AP-BIBHUM07,5.492981007431874,3.124690338563171,58.66555468948837,,
AP-MED60,2.4,-59.0,9.0,2025-04-02,AP-MED60,4.520882584712372,4.104806934594168,57.76101369730806,,
AP-DRET02,5.0,-75.0,9.0,2025-04-02,AP-DRET02,13.303388494877856,12.479905437352246,76.66042954593891,16.016548463356973,2.178092986603625
AP-SAF09,2.4,-59.0,9.0,2025-04-02,AP-SAF09,4.166272655634358,6.334121355397951,69.83521709897906,20.49330181245075,2.326241134751773
AP-LLET13,5.0,-34.0,14.0,2025-04-02,AP-LLET13,3.541431261770245,5.552730696798493,67.02572631105147,15.448210922787194,2.8342749529190208
AP-ICTAICP21,2.4,-65.0,9.0,2025-04-02,AP-ICTAICP21,2.016548463356974,2.103230890464933,60.14579735700765,,
AP-VET34,5.0,-76.0,9.0,2025-04-02,AP-VET34,5.8132387706855795,3.8037825059101653,58.01565006575542,,
AP-ENGQUIM09,2.4,-86.0,19.0,2025-04-03,AP-ENGQUIM09,5.411558669001751,13.30122591943958,72.78372398124665,21.0,6.7075306479859895
AP-CIEN14,5.0,-73.0,9.0,2025-04-02,AP-CIEN14,4.774625689519307,10.331757289204099,72.50991557409637,17.23798266351458,2.771473601260835
AP-IBB01,2.4,-66.0,9.0,2025-04-02,AP-IBB01,3.7825059101654848,5.732072498029945,67.75718184957891,15.771473601260835,2.0598896769109536
AP-CIEN62,5.0,-71.0,9.0,2025-04-02,AP-CIEN62,4.314420803782506,10.156028368794326,70.50163227925907,20.29787234042553,6.331757289204098
AP-CCOM18,5.0,-84.0,9.0,2025-04-02,AP-CCOM18,7.157545605306799,9.690713101160862,76.0005730486936,15.0,1.6326699834162521
AP-MRB05,5.0,-64.0,9.0,2025-04-02,AP-MRB05,6.804570527974783,5.792750197005516,66.30574631461609,20.62647754137116,2.479905437352246
AP-CIEN14,5.0,-86.0,9.0,2025-04-02,AP-CIEN14,4.774625689519307,10.331757289204099,72.50991557409637,17.23798266351458,2.771473601260835
AP-MRB06,2.4,-71.0,9.0,2025-04-02,AP-MRB06,1.9330181245074862,5.077226162332545,65.61186831566789,18.0,1.4688731284475964
AP-POL10,5.0,-81.0,9.0,2025-04-02,AP-POL10,3.3325453112687153,3.925925925925926,58.613893051042744,,
AP-ETSE13,2.4,-66.0,9.0,2025-04-02,AP-ETSE13,7.055555555555555,3.6464646464646466,57.663506997225426,,
AP-VET77,2.4,-54.0,9.0,2025-04-02,AP-VET77,1.2293144208037825,2.0315208825847124,61.33445800668813,,
AP-REC09,2.4,-66.0,9.0,2025-04-02,AP-REC09,6.240346729708432,2.4814814814814814,57.954879676040456,,
AP-LLET49,5.0,-72.0,15.0,2025-04-02,AP-LLET49,2.5350669818754925,4.969267139479905,66.25891972657651,15.049645390070921,1.5122143420015761
AP-CCOM12,5.0,-65.0,9.0,2025-04-02,AP-CCOM12,3.239558707643814,3.289204097714736,57.180275090159846,,
AP-VET76,5.0,-52.0,9.0,2025-04-02,AP-VET76,2.5041322314049586,1.2861570247933884,56.82525168260928,,
AP-MED59,5.0,-62.0,9.0,2025-04-02,AP-MED59,3.896719319562576,5.667071688942892,65.86008671840895,18.0,1.9501822600243013
AP-CIEN119,5.0,-48.0,14.0,2025-04-02,AP-CIEN119,7.693459416863672,8.044917257683215,67.85606166434653,15.018912529550827,3.9275019700551614
AP-CCOM41,2.4,-73.0,9.0,2025-04-02,AP-CCOM41,1.5216706067769898,2.9235618597320725,58.352800091649904,,
AP-DRET02,5.0,-83.0,9.0,2025-04-02,AP-DRET02,13.303388494877856,12.479905437352246,76.66042954593891,16.016548463356973,2.178092986603625
AP-MED43,5.0,-53.0,9.0,2025-04-02,AP-MED43,3.045705279747833,21.04728132387707,56.718529154745205,,
AP-MED59,5.0,-66.0,9.0,2025-04-02,AP-MED59,3.896719319562576,5.667071688942892,65.86008671840895,18.0,1.9501822600243013
AP-MED43,5.0,-58.0,9.0,2025-04-02,AP-MED43,3.045705279747833,21.04728132387707,56.718529154745205,,
AP-MED12,5.0,-51.0,9.0,2025-04-02,AP-MED12,2.8772782503037666,3.138517618469016,60.420496856304815,,
AP-MED48,5.0,-85.0,9.0,2025-04-02,AP-MED48,2.625,6.798611111111111,72.03447558663751,15.0,1.5416666666666667
AP-ICTAICP23,2.4,-50.0,9.0,2025-04-02,AP-ICTAICP23,1.2379826635145783,1.574468085106383,58.781480927636665,,
AP-BIBHUM07,5.0,-77.0,9.0,2025-04-02,AP-BIBHUM07,5.492981007431874,3.124690338563171,58.66555468948837,,
AP-MED60,2.4,-58.0,9.0,2025-04-02,AP-MED60,4.520882584712372,4.104806934594168,57.76101369730806,,
AP-DRET02,5.0,-76.0,9.0,2025-04-02,AP-DRET02,13.303388494877856,12.479905437352246,76.66042954593891,16.016548463356973,2.178092986603625
AP-SAF09,2.4,-58.0,9.0,2025-04-02,AP-SAF09,4.166272655634358,6.334121355397951,69.83521709897906,20.49330181245075,2.326241134751773
AP-LLET13,5.0,-34.0,14.0,2025-04-02,AP-LLET13,3.541431261770245,5.552730696798493,67.02572631105147,15.448210922787194,2.8342749529190208
AP-ICTAICP21,2.4,-64.0,9.0,2025-04-02,AP-ICTAICP21,2.016548463356974,2.103230890464933,60.14579735700765,,
AP-VET34,5.0,-76.0,9.0,2025-04-02,AP-VET34,5.8132387706855795,3.8037825059101653,58.01565006575542,,
AP-CIEN14,5.0,-73.0,9.0,2025-04-02,AP-CIEN14,4.774625689519307,10.331757289204099,72.50991557409637,17.23798266351458,2.771473601260835
AP-IBB01,2.4,-68.0,9.0,2025-04-02,AP-IBB01,3.7825059101654848,5.732072498029945,67.75718184957891,15.771473601260835,2.0598896769109536
AP-CIEN62,5.0,-71.0,9.0,2025-04-02,AP-CIEN62,4.314420803782506,10.156028368794326,70.50163227925907,20.29787234042553,6.331757289204098
AP-CCOM18,5.0,-84.0,9.0,2025-04-02,AP-CCOM18,7.157545605306799,9.690713101160862,76.0005730486936,15.0,1.6326699834162521
AP-MRB05,5.0,-64.0,9.0,2025-04-02,AP-MRB05,6.804570527974783,5.792750197005516,66.30574631461609,20.62647754137116,2.479905437352246
AP-CIEN14,5.0,-86.0,9.0,2025-04-02,AP-CIEN14,4.774625689519307,10.331757289204099,72.50991557409637,17.23798266351458,2.771473601260835
AP-MRB06,2.4,-71.0,9.0,2025-04-02,AP-MRB06,1.9330181245074862,5.077226162332545,65.61186831566789,18.0,1.4688731284475964
AP-POL10,5.0,-80.0,9.0,2025-04-02,AP-POL10,3.3325453112687153,3.925925925925926,58.613893051042744,,
AP-ETSE13,2.4,-67.0,9.0,2025-04-02,AP-ETSE13,7.055555555555555,3.6464646464646466,57.663506997225426,,
AP-VET77,2.4,-54.0,9.0,2025-04-02,AP-VET77,1.2293144208037825,2.0315208825847124,61.33445800668813,,
AP-REC09,2.4,-65.0,9.0,2025-04-02,AP-REC09,6.240346729708432,2.4814814814814814,57.954879676040456,,
AP-LLET49,5.0,-72.0,15.0,2025-04-02,AP-LLET49,2.5350669818754925,4.969267139479905,66.25891972657651,15.049645390070921,1.5122143420015761
AP-CCOM12,5.0,-65.0,9.0,2025-04-02,AP-CCOM12,3.239558707643814,3.289204097714736,57.180275090159846,,
AP-CIEN08,5.0,-77.0,19.0,2025-04-03,AP-CIEN08,18.819614711033275,46.6199649737303,74.35149820442561,17.471103327495623,18.451838879159368
AP-VET76,5.0,-42.0,9.0,2025-04-02,AP-VET76,2.5041322314049586,1.2861570247933884,56.82525168260928,,
AP-MED59,5.0,-62.0,9.0,2025-04-02,AP-MED59,3.896719319562576,5.667071688942892,65.86008671840895,18.0,1.9501822600243013
AP-CIEN119,5.0,-49.0,14.0,2025-04-02,AP-CIEN119,7.693459416863672,8.044917257683215,67.85606166434653,15.018912529550827,3.9275019700551614
AP-CCOM41,2.4,-73.0,9.0,2025-04-02,AP-CCOM41,1.5216706067769898,2.9235618597320725,58.352800091649904,,
AP-DRET02,5.0,-84.0,9.0,2025-04-02,AP-DRET02,13.303388494877856,12.479905437352246,76.66042954593891,16.016548463356973,2.178092986603625
AP-MED43,5.0,-53.0,9.0,2025-04-02,AP-MED43,3.045705279747833,21.04728132387707,56.718529154745205,,
AP-MED59,5.0,-67.0,9.0,2025-04-02,AP-MED59,3.896719319562576,5.667071688942892,65.86008671840895,18.0,1.9501822600243013
AP-MED43,5.0,-55.0,9.0,2025-04-02,AP-MED43,3.045705279747833,21.04728132387707,56.718529154745205,,
AP-MED12,5.0,-51.0,9.0,2025-04-02,AP-MED12,2.8772782503037666,3.138517618469016,60.420496856304815,,
AP-MED48,5.0,-85.0,9.0,2025-04-02,AP-MED48,2.625,6.798611111111111,72.03447558663751,15.0,1.5416666666666667
AP-ICTAICP23,2.4,-50.0,9.0,2025-04-02,AP-ICTAICP23,1.2379826635145783,1.574468085106383,58.781480927636665,,
AP-BIBHUM07,5.0,-77.0,9.0,2025-04-02,AP-BIBHUM07,5.492981007431874,3.124690338563171,58.66555468948837,,
AP-MED60,2.4,-58.0,9.0,2025-04-02,AP-MED60,4.520882584712372,4.104806934594168,57.76101369730806,,
AP-DRET02,5.0,-76.0,9.0,2025-04-02,AP-DRET02,13.303388494877856,12.479905437352246,76.66042954593891,16.016548463356973,2.178092986603625
AP-SAF09,2.4,-57.0,9.0,2025-04-02,AP-SAF09,4.166272655634358,6.334121355397951,69.83521709897906,20.49330181245075,2.326241134751773
AP-LLET13,5.0,-34.0,14.0,2025-04-02,AP-LLET13,3.541431261770245,5.552730696798493,67.02572631105147,15.448210922787194,2.8342749529190208
AP-ICTAICP21,2.4,-65.0,9.0,2025-04-02,AP-ICTAICP21,2.016548463356974,2.103230890464933,60.14579735700765,,
AP-VET34,5.0,-76.0,9.0,2025-04-02,AP-VET34,5.8132387706855795,3.8037825059101653,58.01565006575542,,
AP-CIEN14,5.0,-73.0,9.0,2025-04-02,AP-CIEN14,4.774625689519307,10.331757289204099,72.50991557409637,17.23798266351458,2.771473601260835
AP-IBB01,2.4,-69.0,9.0,2025-04-02,AP-IBB01,3.7825059101654848,5.732072498029945,67.75718184957891,15.771473601260835,2.0598896769109536
AP-CIEN62,5.0,-71.0,9.0,2025-04-02,AP-CIEN62,4.314420803782506,10.156028368794326,70.50163227925907,20.29787234042553,6.331757289204098
AP-CCOM18,5.0,-84.0,9.0,2025-04-02,AP-CCOM18,7.157545605306799,9.690713101160862,76.0005730486936,15.0,1.6326699834162521
AP-MRB05,5.0,-64.0,9.0,2025-04-02,AP-MRB05,6.804570527974783,5.792750197005516,66.30574631461609,20.62647754137116,2.479905437352246
AP-CIEN14,5.0,-86.0,9.0,2025-04-02,AP-CIEN14,4.774625689519307,10.331757289204099,72.50991557409637,17.23798266351458,2.771473601260835
AP-MRB06,2.4,-71.0,9.0,2025-04-02,AP-MRB06,1.9330181245074862,5.077226162332545,65.61186831566789,18.0,1.4688731284475964
AP-POL10,5.0,-80.0,9.0,2025-04-02,AP-POL10,3.3325453112687153,3.925925925925926,58.613893051042744,,
AP-ETSE13,2.4,-67.0,9.0,2025-04-02,AP-ETSE13,7.055555555555555,3.6464646464646466,57.663506997225426,,
AP-VET77,2.4,-53.0,9.0,2025-04-02,AP-VET77,1.2293144208037825,2.0315208825847124,61.33445800668813,,
AP-REC09,2.4,-65.0,9.0,2025-04-02,AP-REC09,6.240346729708432,2.4814814814814814,57.954879676040456,,
AP-LLET49,5.0,-72.0,15.0,2025-04-02,AP-LLET49,2.5350669818754925,4.969267139479905,66.25891972657651,15.049645390070921,1.5122143420015761
AP-CCOM12,5.0,-65.0,9.0,2025-04-02,AP-CCOM12,3.239558707643814,3.289204097714736,57.180275090159846,,
AP-CIEN108,2.4,-89.0,9.0,2025-04-02,AP-CIEN108,5.073286052009457,6.0,67.69691208787629,17.124507486209612,1.8999211977935382
AP-VET76,2.4,-42.0,9.0,2025-04-02,AP-VET76,2.5041322314049586,1.2861570247933884,56.82525168260928,,
AP-MED59,5.0,-62.0,9.0,2025-04-02,AP-MED59,3.896719319562576,5.667071688942892,65.86008671840895,18.0,1.9501822600243013
AP-CIEN119,5.0,-49.0,14.0,2025-04-02,AP-CIEN119,7.693459416863672,8.044917257683215,67.85606166434653,15.018912529550827,3.9275019700551614
AP-CCOM41,2.4,-73.0,9.0,2025-04-02,AP-CCOM41,1.5216706067769898,2.9235618597320725,58.352800091649904,,
AP-DRET02,5.0,-84.0,9.0,2025-04-02,AP-DRET02,13.303388494877856,12.479905437352246,76.66042954593891,16.016548463356973,2.178092986603625
AP-MED43,5.0,-51.0,9.0,2025-04-02,AP-MED43,3.045705279747833,21.04728132387707,56.718529154745205,,
AP-MED59,5.0,-66.0,9.0,2025-04-02,AP-MED59,3.896719319562576,5.667071688942892,65.86008671840895,18.0,1.9501822600243013
AP-MED43,5.0,-58.0,9.0,2025-04-02,AP-MED43,3.045705279747833,21.04728132387707,56.718529154745205,,
AP-MED12,5.0,-52.0,9.0,2025-04-02,AP-MED12,2.8772782503037666,3.138517618469016,60.420496856304815,,
AP-MED48,5.0,-85.0,9.0,2025-04-02,AP-MED48,2.625,6.798611111111111,72.03447558663751,15.0,1.5416666666666667
AP-ICTAICP23,2.4,-50.0,9.0,2025-04-02,AP-ICTAICP23,1.2379826635145783,1.574468085106383,58.781480927636665,,
AP-BIBHUM07,5.0,-77.0,9.0,2025-04-02,AP-BIBHUM07,5.492981007431874,3.124690338563171,58.66555468948837,,
AP-MED60,2.4,-57.0,9.0,2025-04-02,AP-MED60,4.520882584712372,4.104806934594168,57.76101369730806,,
AP-DRET02,5.0,-76.0,9.0,2025-04-02,AP-DRET02,13.303388494877856,12.479905437352246,76.66042954593891,16.016548463356973,2.178092986603625
AP-SAF09,2.4,-58.0,9.0,2025-04-02,AP-SAF09,4.166272655634358,6.334121355397951,69.83521709897906,20.49330181245075,2.326241134751773
AP-LLET13,5.0,-34.0,14.0,2025-04-02,AP-LLET13,3.541431261770245,5.552730696798493,67.02572631105147,15.448210922787194,2.8342749529190208
AP-ICTAICP21,2.4,-65.0,9.0,2025-04-02,AP-ICTAICP21,2.016548463356974,2.103230890464933,60.14579735700765,,
AP-VET34,5.0,-76.0,9.0,2025-04-02,AP-VET34,5.8132387706855795,3.8037825059101653,58.01565006575542,,
AP-CIEN14,5.0,-73.0,9.0,2025-04-02,AP-CIEN14,4.774625689519307,10.331757289204099,72.50991557409637,17.23798266351458,2.771473601260835
AP-IBB01,2.4,-69.0,9.0,2025-04-02,AP-IBB01,3.7825059101654848,5.732072498029945,67.75718184957891,15.771473601260835,2.0598896769109536
AP-CIEN62,5.0,-71.0,9.0,2025-04-02,AP-CIEN62,4.314420803782506,10.156028368794326,70.50163227925907,20.29787234042553,6.331757289204098
AP-CCOM18,5.0,-84.0,9.0,2025-04-02,AP-CCOM18,7.157545605306799,9.690713101160862,76.0005730486936,15.0,1.6326699834162521
AP-MRB05,5.0,-64.0,9.0,2025-04-02,AP-MRB05,6.804570527974783,5.792750197005516,66.30574631461609,20.62647754137116,2.479905437352246
AP-CIEN14,5.0,-86.0,9.0,2025-04-02,AP-CIEN14,4.774625689519307,10.331757289204099,72.50991557409637,17.23798266351458,2.771473601260835
AP-MRB06,2.4,-71.0,9.0,2025-04-02,AP-MRB06,1.9330181245074862,5.077226162332545,65.61186831566789,18.0,1.4688731284475964
AP-POL10,5.0,-80.0,9.0,2025-04-02,AP-POL10,3.3325453112687153,3.925925925925926,58.613893051042744,,
AP-CIEN45,2.4,-38.0,21.0,2025-04-03,AP-CIEN45,0.75,4.5,44.850517418772355,,
AP-ETSE13,2.4,-67.0,9.0,2025-04-02,AP-ETSE13,7.055555555555555,3.6464646464646466,57.663506997225426,,
AP-VET77,2.4,-54.0,9.0,2025-04-02,AP-VET77,1.2293144208037825,2.0315208825847124,61.33445800668813,,
AP-REC09,2.4,-66.0,9.0,2025-04-02,AP-REC09,6.240346729708432,2.4814814814814814,57.954879676040456,,
AP-LLET49,5.0,-72.0,15.0,2025-04-02,AP-LLET49,2.5350669818754925,4.969267139479905,66.25891972657651,15.049645390070921,1.5122143420015761
AP-CCOM12,5.0,-65.0,9.0,2025-04-02,AP-CCOM12,3.239558707643814,3.289204097714736,57.180275090159846,,
AP-VET76,5.0,-52.0,9.0,2025-04-02,AP-VET76,2.5041322314049586,1.2861570247933884,56.82525168260928,,
AP-MED59,5.0,-61.0,9.0,2025-04-02,AP-MED59,3.896719319562576,5.667071688942892,65.86008671840895,18.0,1.9501822600243013
AP-CIEN119,5.0,-51.0,14.0,2025-04-02,AP-CIEN119,7.693459416863672,8.044917257683215,67.85606166434653,15.018912529550827,3.9275019700551614
AP-CCOM41,2.4,-73.0,9.0,2025-04-02,AP-CCOM41,1.5216706067769898,2.9235618597320725,58.352800091649904,,
AP-DRET02,5.0,-84.0,9.0,2025-04-02,AP-DRET02,13.303388494877856,12.479905437352246,76.66042954593891,16.016548463356973,2.178092986603625
AP-MED43,5.0,-52.0,9.0,2025-04-02,AP-MED43,3.045705279747833,21.04728132387707,56.718529154745205,,
AP-MED59,5.0,-66.0,9.0,2025-04-02,AP-MED59,3.896719319562576,5.667071688942892,65.86008671840895,18.0,1.9501822600243013
AP-MED43,5.0,-56.0,9.0,2025-04-02,AP-MED43,3.045705279747833,21.04728132387707,56.718529154745205,,
AP-MED12,5.0,-52.0,9.0,2025-04-02,AP-MED12,2.8772782503037666,3.138517618469016,60.420496856304815,,
AP-MED48,5.0,-85.0,9.0,2025-04-02,AP-MED48,2.625,6.798611111111111,72.03447558663751,15.0,1.5416666666666667
AP-ICTAICP23,2.4,-51.0,9.0,2025-04-02,AP-ICTAICP23,1.2379826635145783,1.574468085106383,58.781480927636665,,
AP-BIBHUM07,5.0,-77.0,9.0,2025-04-02,AP-BIBHUM07,5.492981007431874,3.124690338563171,58.66555468948837,,
AP-MED60,2.4,-57.0,9.0,2025-04-02,AP-MED60,4.520882584712372,4.104806934594168,57.76101369730806,,
AP-DRET02,5.0,-76.0,9.0,2025-04-02,AP-DRET02,13.303388494877856,12.479905437352246,76.66042954593891,16.016548463356973,2.178092986603625
AP-SAF09,2.4,-57.0,9.0,2025-04-02,AP-SAF09,4.166272655634358,6.334121355397951,69.83521709897906,20.49330181245075,2.326241134751773
AP-LLET13,5.0,-35.0,14.0,2025-04-02,AP-LLET13,3.541431261770245,5.552730696798493,67.02572631105147,15.448210922787194,2.8342749529190208
AP-ICTAICP21,2.4,-64.0,9.0,2025-04-02,AP-ICTAICP21,2.016548463356974,2.103230890464933,60.14579735700765,,
AP-VET34,5.0,-76.0,9.0,2025-04-02,AP-VET34,5.8132387706855795,3.8037825059101653,58.01565006575542,,
AP-CIEN14,5.0,-72.0,9.0,2025-04-02,AP-CIEN14,4.774625689519307,10.331757289204099,72.50991557409637,17.23798266351458,2.771473601260835
AP-IBB01,2.4,-66.0,9.0,2025-04-02,AP-IBB01,3.7825059101654848,5.732072498029945,67.75718184957891,15.771473601260835,2.0598896769109536
AP-CIEN62,5.0,-71.0,9.0,2025-04-02,AP-CIEN62,4.314420803782506,10.156028368794326,70.50163227925907,20.29787234042553,6.331757289204098
AP-CCOM18,5.0,-84.0,9.0,2025-04-02,AP-CCOM18,7.157545605306799,9.690713101160862,76.0005730486936,15.0,1.6326699834162521
AP-MRB05,5.0,-64.0,9.0,2025-04-02,AP-MRB05,6.804570527974783,5.792750197005516,66.30574631461609,20.62647754137116,2.479905437352246
AP-CIEN14,5.0,-86.0,9.0,2025-04-02,AP-CIEN14,4.774625689519307,10.331757289204099,72.50991557409637,17.23798266351458,2.771473601260835
AP-MRB06,2.4,-70.0,9.0,2025-04-02,AP-MRB06,1.9330181245074862,5.077226162332545,65.61186831566789,18.0,1.4688731284475964
AP-POL10,5.0,-80.0,9.0,2025-04-02,AP-POL10,3.3325453112687153,3.925925925925926,58.613893051042744,,
AP-CIEN45,5.0,-46.0,21.0,2025-04-03,AP-CIEN45,0.75,4.5,44.850517418772355,,
AP-ETSE13,2.4,-67.0,9.0,2025-04-02,AP-ETSE13,7.055555555555555,3.6464646464646466,57.663506997225426,,
AP-VET77,2.4,-54.0,9.0,2025-04-02,AP-VET77,1.2293144208037825,2.0315208825847124,61.33445800668813,,
AP-REC09,2.4,-66.0,9.0,2025-04-02,AP-REC09,6.240346729708432,2.4814814814814814,57.954879676040456,,
AP-LLET49,5.0,-72.0,15.0,2025-04-02,AP-LLET49,2.5350669818754925,4.969267139479905,66.25891972657651,15.049645390070921,1.5122143420015761
AP-CCOM12,5.0,-64.0,9.0,2025-04-02,AP-CCOM12,3.239558707643814,3.289204097714736,57.180275090159846,,
AP-VET76,2.4,-42.0,9.0,2025-04-02,AP-VET76,2.5041322314049586,1.2861570247933884,56.82525168260928,,
AP-MED59,5.0,-62.0,9.0,2025-04-02,AP-MED59,3.896719319562576,5.667071688942892,65.86008671840895,18.0,1.9501822600243013
AP-CIEN119,5.0,-52.0,14.0,2025-04-02,AP-CIEN119,7.693459416863672,8.044917257683215,67.85606166434653,15.018912529550827,3.9275019700551614
AP-CCOM41,2.4,-72.0,9.0,2025-04-02,AP-CCOM41,1.5216706067769898,2.9235618597320725,58.352800091649904,,
AP-DRET02,5.0,-84.0,9.0,2025-04-02,AP-DRET02,13.303388494877856,12.479905437352246,76.66042954593891,16.016548463356973,2.178092986603625
AP-MED43,5.0,-52.0,9.0,2025-04-02,AP-MED43,3.045705279747833,21.04728132387707,56.718529154745205,,
AP-MED59,5.0,-66.0,9.0,2025-04-02,AP-MED59,3.896719319562576,5.667071688942892,65.86008671840895,18.0,1.9501822600243013
AP-MED43,5.0,-57.0,9.0,2025-04-02,AP-MED43,3.045705279747833,21.04728132387707,56.718529154745205,,
AP-MED12,5.0,-52.0,9.0,2025-04-02,AP-MED12,2.8772782503037666,3.138517618469016,60.420496856304815,,
AP-MED48,5.0,-85.0,9.0,2025-04-02,AP-MED48,2.625,6.798611111111111,72.03447558663751,15.0,1.5416666666666667
AP-ICTAICP23,2.4,-50.0,9.0,2025-04-02,AP-ICTAICP23,1.2379826635145783,1.574468085106383,58.781480927636665,,
AP-BIBHUM07,5.0,-77.0,9.0,2025-04-02,AP-BIBHUM07,5.492981007431874,3.124690338563171,58.66555468948837,,
AP-MED60,2.4,-57.0,9.0,2025-04-02,AP-MED60,4.520882584712372,4.104806934594168,57.76101369730806,,
AP-DRET02,5.0,-76.0,9.0,2025-04-02,AP-DRET02,13.303388494877856,12.479905437352246,76.66042954593891,16.016548463356973,2.178092986603625
AP-SAF09,2.4,-59.0,9.0,2025-04-02,AP-SAF09,4.166272655634358,6.334121355397951,69.83521709897906,20.49330181245075,2.326241134751773
AP-LLET13,5.0,-38.0,14.0,2025-04-02,AP-LLET13,3.541431261770245,5.552730696798493,67.02572631105147,15.448210922787194,2.8342749529190208
AP-ICTAICP21,2.4,-64.0,9.0,2025-04-02,AP-ICTAICP21,2.016548463356974,2.103230890464933,60.14579735700765,,
AP-VET34,5.0,-75.0,9.0,2025-04-02,AP-VET34,5.8132387706855795,3.8037825059101653,58.01565006575542,,
AP-CIEN14,5.0,-72.0,9.0,2025-04-02,AP-CIEN14,4.774625689519307,10.331757289204099,72.50991557409637,17.23798266351458,2.771473601260835
AP-IBB01,2.4,-70.0,9.0,2025-04-02,AP-IBB01,3.7825059101654848,5.732072498029945,67.75718184957891,15.771473601260835,2.0598896769109536
AP-CIEN62,5.0,-71.0,9.0,2025-04-02,AP-CIEN62,4.314420803782506,10.156028368794326,70.50163227925907,20.29787234042553,6.331757289204098
AP-CCOM18,5.0,-84.0,9.0,2025-04-02,AP-CCOM18,7.157545605306799,9.690713101160862,76.0005730486936,15.0,1.6326699834162521
AP-MRB05,5.0,-64.0,9.0,2025-04-02,AP-MRB05,6.804570527974783,5.792750197005516,66.30574631461609,20.62647754137116,2.479905437352246
AP-CIEN14,5.0,-86.0,9.0,2025-04-02,AP-CIEN14,4.774625689519307,10.331757289204099,72.50991557409637,17.23798266351458,2.771473601260835
AP-MRB06,2.4,-70.0,9.0,2025-04-02,AP-MRB06,1.9330181245074862,5.077226162332545,65.61186831566789,18.0,1.4688731284475964
AP-POL10,5.0,-80.0,9.0,2025-04-02,AP-POL10,3.3325453112687153,3.925925925925926,58.613893051042744,,
AP-ETSE13,2.4,-67.0,9.0,2025-04-02,AP-ETSE13,7.055555555555555,3.6464646464646466,57.663506997225426,,
AP-CIEN45,2.4,-63.0,21.0,2025-04-03,AP-CIEN45,0.75,4.5,44.850517418772355,,
AP-VET77,2.4,-53.0,9.0,2025-04-02,AP-VET77,1.2293144208037825,2.0315208825847124,61.33445800668813,,
AP-REC09,2.4,-66.0,9.0,2025-04-02,AP-REC09,6.240346729708432,2.4814814814814814,57.954879676040456,,
AP-LLET49,5.0,-72.0,15.0,2025-04-02,AP-LLET49,2.5350669818754925,4.969267139479905,66.25891972657651,15.049645390070921,1.5122143420015761
AP-CCOM12,5.0,-64.0,9.0,2025-04-02,AP-CCOM12,3.239558707643814,3.289204097714736,57.180275090159846,,
AP-VET76,2.4,-43.0,9.0,2025-04-02,AP-VET76,2.5041322314049586,1.2861570247933884,56.82525168260928,,
AP-MED59,5.0,-62.0,9.0,2025-04-02,AP-MED59,3.896719319562576,5.667071688942892,65.86008671840895,18.0,1.9501822600243013
AP-CIEN119,5.0,-51.0,14.0,2025-04-02,AP-CIEN119,7.693459416863672,8.044917257683215,67.85606166434653,15.018912529550827,3.9275019700551614
AP-CCOM41,2.4,-73.0,9.0,2025-04-02,AP-CCOM41,1.5216706067769898,2.9235618597320725,58.352800091649904,,
AP-DRET02,5.0,-84.0,9.0,2025-04-02,AP-DRET02,13.303388494877856,12.479905437352246,76.66042954593891,16.016548463356973,2.178092986603625
AP-MED43,5.0,-52.0,9.0,2025-04-02,AP-MED43,3.045705279747833,21.04728132387707,56.718529154745205,,
AP-MED59,5.0,-66.0,9.0,2025-04-02,AP-MED59,3.896719319562576,5.667071688942892,65.86008671840895,18.0,1.9501822600243013
AP-MED43,5.0,-59.0,9.0,2025-04-02,AP-MED43,3.045705279747833,21.04728132387707,56.718529154745205,,
AP-MED12,5.0,-51.0,9.0,2025-04-02,AP-MED12,2.8772782503037666,3.138517618469016,60.420496856304815,,
AP-MED48,5.0,-85.0,9.0,2025-04-02,AP-MED48,2.625,6.798611111111111,72.03447558663751,15.0,1.5416666666666667
AP-ICTAICP23,2.4,-50.0,9.0,2025-04-02,AP-ICTAICP23,1.2379826635145783,1.574468085106383,58.781480927636665,,
AP-BIBHUM07,5.0,-77.0,9.0,2025-04-02,AP-BIBHUM07,5.492981007431874,3.124690338563171,58.66555468948837,,
AP-MED60,2.4,-58.0,9.0,2025-04-02,AP-MED60,4.520882584712372,4.104806934594168,57.76101369730806,,
AP-DRET02,5.0,-75.0,9.0,2025-04-02,AP-DRET02,13.303388494877856,12.479905437352246,76.66042954593891,16.016548463356973,2.178092986603625
AP-SAF09,2.4,-57.0,9.0,2025-04-02,AP-SAF09,4.166272655634358,6.334121355397951,69.83521709897906,20.49330181245075,2.326241134751773
AP-LLET13,5.0,-35.0,14.0,2025-04-02,AP-LLET13,3.541431261770245,5.552730696798493,67.02572631105147,15.448210922787194,2.8342749529190208
AP-ICTAICP21,2.4,-65.0,9.0,2025-04-02,AP-ICTAICP21,2.016548463356974,2.103230890464933,60.14579735700765,,
AP-VET34,5.0,-75.0,9.0,2025-04-02,AP-VET34,5.8132387706855795,3.8037825059101653,58.01565006575542,,
AP-CIEN14,5.0,-73.0,9.0,2025-04-02,AP-CIEN14,4.774625689519307,10.331757289204099,72.50991557409637,17.23798266351458,2.771473601260835
AP-IBB01,2.4,-66.0,9.0,2025-04-02,AP-IBB01,3.7825059101654848,5.732072498029945,67.75718184957891,15.771473601260835,2.0598896769109536
AP-CIEN62,5.0,-71.0,9.0,2025-04-02,AP-CIEN62,4.314420803782506,10.156028368794326,70.50163227925907,20.29787234042553,6.331757289204098
AP-CCOM18,5.0,-84.0,9.0,2025-04-02,AP-CCOM18,7.157545605306799,9.690713101160862,76.0005730486936,15.0,1.6326699834162521
AP-MRB05,5.0,-64.0,9.0,2025-04-02,AP-MRB05,6.804570527974783,5.792750197005516,66.30574631461609,20.62647754137116,2.479905437352246
AP-CIEN14,5.0,-86.0,9.0,2025-04-02,AP-CIEN14,4.774625689519307,10.331757289204099,72.50991557409637,17.23798266351458,2.771473601260835
AP-MRB06,2.4,-71.0,9.0,2025-04-02,AP-MRB06,1.9330181245074862,5.077226162332545,65.61186831566789,18.0,1.4688731284475964
AP-POL10,5.0,-80.0,9.0,2025-04-02,AP-POL10,3.3325453112687153,3.925925925925926,58.613893051042744,,
AP-CIEN45,5.0,-46.0,0.0,2025-04-04,AP-CIEN45,2.2,3.2,50.24235243367851,,
AP-ETSE13,2.4,-67.0,9.0,2025-04-02,AP-ETSE13,7.055555555555555,3.6464646464646466,57.663506997225426,,
AP-CIEN45,2.4,-63.0,21.0,2025-04-03,AP-CIEN45,0.75,4.5,44.850517418772355,,
AP-VET77,2.4,-54.0,9.0,2025-04-02,AP-VET77,1.2293144208037825,2.0315208825847124,61.33445800668813,,
AP-REC09,2.4,-66.0,9.0,2025-04-02,AP-REC09,6.240346729708432,2.4814814814814814,57.954879676040456,,
AP-LLET49,5.0,-72.0,15.0,2025-04-02,AP-LLET49,2.5350669818754925,4.969267139479905,66.25891972657651,15.049645390070921,1.5122143420015761
AP-CCOM12,5.0,-65.0,9.0,2025-04-02,AP-CCOM12,3.239558707643814,3.289204097714736,57.180275090159846,,
AP-VET76,5.0,-52.0,9.0,2025-04-02,AP-VET76,2.5041322314049586,1.2861570247933884,56.82525168260928,,
AP-MED59,5.0,-61.0,9.0,2025-04-02,AP-MED59,3.896719319562576,5.667071688942892,65.86008671840895,18.0,1.9501822600243013
AP-CIEN119,5.0,-49.0,14.0,2025-04-02,AP-CIEN119,7.693459416863672,8.044917257683215,67.85606166434653,15.018912529550827,3.9275019700551614
AP-CCOM41,2.4,-73.0,9.0,2025-04-02,AP-CCOM41,1.5216706067769898,2.9235618597320725,58.352800091649904,,
AP-DRET02,5.0,-83.0,9.0,2025-04-02,AP-DRET02,13.303388494877856,12.479905437352246,76.66042954593891,16.016548463356973,2.178092986603625
AP-MED43,5.0,-53.0,9.0,2025-04-02,AP-MED43,3.045705279747833,21.04728132387707,56.718529154745205,,
AP-MED59,5.0,-66.0,9.0,2025-04-02,AP-MED59,3.896719319562576,5.667071688942892,65.86008671840895,18.0,1.9501822600243013
AP-MED43,5.0,-57.0,9.0,2025-04-02,AP-MED43,3.045705279747833,21.04728132387707,56.718529154745205,,
AP-MED12,5.0,-52.0,9.0,2025-04-02,AP-MED12,2.8772782503037666,3.138517618469016,60.420496856304815,,
AP-MED48,5.0,-85.0,9.0,2025-04-02,AP-MED48,2.625,6.798611111111111,72.03447558663751,15.0,1.5416666666666667
AP-ICTAICP23,2.4,-50.0,9.0,2025-04-02,AP-ICTAICP23,1.2379826635145783,1.574468085106383,58.781480927636665,,
AP-BIBHUM07,5.0,-77.0,9.0,2025-04-02,AP-BIBHUM07,5.492981007431874,3.124690338563171,58.66555468948837,,
AP-MED60,2.4,-56.0,9.0,2025-04-02,AP-MED60,4.520882584712372,4.104806934594168,57.76101369730806,,
AP-DRET02,5.0,-75.0,9.0,2025-04-02,AP-DRET02,13.303388494877856,12.479905437352246,76.66042954593891,16.016548463356973,2.178092986603625
AP-SAF09,2.4,-58.0,9.0,2025-04-02,AP-SAF09,4.166272655634358,6.334121355397951,69.83521709897906,20.49330181245075,2.326241134751773
AP-LLET13,5.0,-34.0,14.0,2025-04-02,AP-LLET13,3.541431261770245,5.552730696798493,67.02572631105147,15.448210922787194,2.8342749529190208
AP-ICTAICP21,2.4,-65.0,9.0,2025-04-02,AP-ICTAICP21,2.016548463356974,2.103230890464933,60.14579735700765,,
AP-VET34,5.0,-75.0,9.0,2025-04-02,AP-VET34,5.8132387706855795,3.8037825059101653,58.01565006575542,,
AP-CIEN14,5.0,-72.0,9.0,2025-04-02,AP-CIEN14,4.774625689519307,10.331757289204099,72.50991557409637,17.23798266351458,2.771473601260835
AP-IBB01,2.4,-65.0,9.0,2025-04-02,AP-IBB01,3.7825059101654848,5.732072498029945,67.75718184957891,15.771473601260835,2.0598896769109536
AP-CIEN62,5.0,-71.0,9.0,2025-04-02,AP-CIEN62,4.314420803782506,10.156028368794326,70.50163227925907,20.29787234042553,6.331757289204098
AP-CCOM18,5.0,-84.0,9.0,2025-04-02,AP-CCOM18,7.157545605306799,9.690713101160862,76.0005730486936,15.0,1.6326699834162521
AP-MRB05,5.0,-64.0,9.0,2025-04-02,AP-MRB05,6.804570527974783,5.792750197005516,66.30574631461609,20.62647754137116,2.479905437352246
AP-CIEN14,5.0,-86.0,9.0,2025-04-02,AP-CIEN14,4.774625689519307,10.331757289204099,72.50991557409637,17.23798266351458,2.771473601260835
AP-MRB06,2.4,-71.0,9.0,2025-04-02,AP-MRB06,1.9330181245074862,5.077226162332545,65.61186831566789,18.0,1.4688731284475964
AP-POL10,5.0,-80.0,9.0,2025-04-02,AP-POL10,3.3325453112687153,3.925925925925926,58.613893051042744,,
AP-CIEN45,5.0,-46.0,1.0,2025-04-04,AP-CIEN45,2.4444444444444446,3.2222222222222223,52.20395410218983,,
AP-ETSE13,2.4,-66.0,9.0,2025-04-02,AP-ETSE13,7.055555555555555,3.6464646464646466,57.663506997225426,,
AP-VET77,2.4,-54.0,9.0,2025-04-02,AP-VET77,1.2293144208037825,2.0315208825847124,61.33445800668813,,
AP-REC09,2.4,-65.0,9.0,2025-04-02,AP-REC09,6.240346729708432,2.4814814814814814,57.954879676040456,,
AP-LLET49,5.0,-72.0,15.0,2025-04-02,AP-LLET49,2.5350669818754925,4.969267139479905,66.25891972657651,15.049645390070921,1.5122143420015761
AP-CCOM12,5.0,-64.0,9.0,2025-04-02,AP-CCOM12,3.239558707643814,3.289204097714736,57.180275090159846,,
AP-CIEN45,2.4,-48.0,1.0,2025-04-04,AP-CIEN45,2.4444444444444446,3.2222222222222223,52.20395410218983,,
AP-VET76,2.4,-42.0,9.0,2025-04-02,AP-VET76,2.5041322314049586,1.2861570247933884,56.82525168260928,,
AP-MED59,5.0,-62.0,9.0,2025-04-02,AP-MED59,3.896719319562576,5.667071688942892,65.86008671840895,18.0,1.9501822600243013
AP-CIEN119,5.0,-50.0,14.0,2025-04-02,AP-CIEN119,7.693459416863672,8.044917257683215,67.85606166434653,15.018912529550827,3.9275019700551614
AP-CCOM41,2.4,-73.0,9.0,2025-04-02,AP-CCOM41,1.5216706067769898,2.9235618597320725,58.352800091649904,,
AP-DRET02,5.0,-83.0,9.0,2025-04-02,AP-DRET02,13.303388494877856,12.479905437352246,76.66042954593891,16.016548463356973,2.178092986603625
AP-MED43,5.0,-52.0,9.0,2025-04-02,AP-MED43,3.045705279747833,21.04728132387707,56.718529154745205,,
AP-MED59,5.0,-66.0,9.0,2025-04-02,AP-MED59,3.896719319562576,5.667071688942892,65.86008671840895,18.0,1.9501822600243013
AP-MED43,5.0,-57.0,9.0,2025-04-02,AP-MED43,3.045705279747833,21.04728132387707,56.718529154745205,,
AP-MED12,5.0,-52.0,9.0,2025-04-02,AP-MED12,2.8772782503037666,3.138517618469016,60.420496856304815,,
AP-REC11,2.4,-74.0,1.0,2025-04-04,AP-REC11,7.934763181411975,3.714030384271671,57.26444368665156,,
AP-MED48,5.0,-85.0,9.0,2025-04-02,AP-MED48,2.625,6.798611111111111,72.03447558663751,15.0,1.5416666666666667
AP-ICTAICP23,2.4,-51.0,9.0,2025-04-02,AP-ICTAICP23,1.2379826635145783,1.574468085106383,58.781480927636665,,
AP-BIBHUM07,5.0,-77.0,9.0,2025-04-02,AP-BIBHUM07,5.492981007431874,3.124690338563171,58.66555468948837,,
AP-MED60,2.4,-57.0,9.0,2025-04-02,AP-MED60,4.520882584712372,4.104806934594168,57.76101369730806,,
AP-DRET02,5.0,-76.0,9.0,2025-04-02,AP-DRET02,13.303388494877856,12.479905437352246,76.66042954593891,16.016548463356973,2.178092986603625
AP-SAF09,2.4,-59.0,9.0,2025-04-02,AP-SAF09,4.166272655634358,6.334121355397951,69.83521709897906,20.49330181245075,2.326241134751773
AP-LLET13,5.0,-35.0,14.0,2025-04-02,AP-LLET13,3.541431261770245,5.552730696798493,67.02572631105147,15.448210922787194,2.8342749529190208
AP-ICTAICP21,2.4,-64.0,9.0,2025-04-02,AP-ICTAICP21,2.016548463356974,2.103230890464933,60.14579735700765,,
AP-VET34,5.0,-75.0,9.0,2025-04-02,AP-VET34,5.8132387706855795,3.8037825059101653,58.01565006575542,,
AP-CIEN14,5.0,-73.0,9.0,2025-04-02,AP-CIEN14,4.774625689519307,10.331757289204099,72.50991557409637,17.23798266351458,2.771473601260835
AP-IBB01,2.4,-66.0,9.0,2025-04-02,AP-IBB01,3.7825059101654848,5.732072498029945,67.75718184957891,15.771473601260835,2.0598896769109536
AP-CIEN62,5.0,-71.0,9.0,2025-04-02,AP-CIEN62,4.314420803782506,10.156028368794326,70.50163227925907,20.29787234042553,6.331757289204098
AP-CCOM18,5.0,-84.0,9.0,2025-04-02,AP-CCOM18,7.157545605306799,9.690713101160862,76.0005730486936,15.0,1.6326699834162521
AP-MRB05,5.0,-65.0,9.0,2025-04-02,AP-MRB05,6.804570527974783,5.792750197005516,66.30574631461609,20.62647754137116,2.479905437352246
AP-CIEN14,5.0,-86.0,9.0,2025-04-02,AP-CIEN14,4.774625689519307,10.331757289204099,72.50991557409637,17.23798266351458,2.771473601260835
AP-MRB06,2.4,-71.0,9.0,2025-04-02,AP-MRB06,1.9330181245074862,5.077226162332545,65.61186831566789,18.0,1.4688731284475964
AP-POL10,5.0,-80.0,9.0,2025-04-02,AP-POL10,3.3325453112687153,3.925925925925926,58.613893051042744,,
AP-CIEN45,5.0,-46.0,1.0,2025-04-04,AP-CIEN45,2.4444444444444446,3.2222222222222223,52.20395410218983,,
AP-ETSE13,2.4,-67.0,9.0,2025-04-02,AP-ETSE13,7.055555555555555,3.6464646464646466,57.663506997225426,,
AP-CIEN45,2.4,-63.0,1.0,2025-04-04,AP-CIEN45,2.4444444444444446,3.2222222222222223,52.20395410218983,,
AP-VET77,2.4,-53.0,9.0,2025-04-02,AP-VET77,1.2293144208037825,2.0315208825847124,61.33445800668813,,
AP-REC09,2.4,-66.0,9.0,2025-04-02,AP-REC09,6.240346729708432,2.4814814814814814,57.954879676040456,,
AP-LLET49,5.0,-76.0,15.0,2025-04-02,AP-LLET49,2.5350669818754925,4.969267139479905,66.25891972657651,15.049645390070921,1.5122143420015761
AP-CCOM12,5.0,-64.0,9.0,2025-04-02,AP-CCOM12,3.239558707643814,3.289204097714736,57.180275090159846,,
AP-CIEN45,2.4,-46.0,1.0,2025-04-04,AP-CIEN45,2.4444444444444446,3.2222222222222223,52.20395410218983,,
AP-VET76,2.4,-44.0,9.0,2025-04-02,AP-VET76,2.5041322314049586,1.2861570247933884,56.82525168260928,,
AP-MED59,5.0,-62.0,9.0,2025-04-02,AP-MED59,3.896719319562576,5.667071688942892,65.86008671840895,18.0,1.9501822600243013
AP-CIEN119,5.0,-51.0,14.0,2025-04-02,AP-CIEN119,7.693459416863672,8.044917257683215,67.85606166434653,15.018912529550827,3.9275019700551614
AP-DRET02,5.0,-84.0,9.0,2025-04-02,AP-DRET02,13.303388494877856,12.479905437352246,76.66042954593891,16.016548463356973,2.178092986603625
AP-MED43,5.0,-52.0,9.0,2025-04-02,AP-MED43,3.045705279747833,21.04728132387707,56.718529154745205,,
AP-MED59,5.0,-66.0,9.0,2025-04-02,AP-MED59,3.896719319562576,5.667071688942892,65.86008671840895,18.0,1.9501822600243013
AP-MED43,5.0,-58.0,9.0,2025-04-02,AP-MED43,3.045705279747833,21.04728132387707,56.718529154745205,,
AP-MED12,5.0,-52.0,9.0,2025-04-02,AP-MED12,2.8772782503037666,3.138517618469016,60.420496856304815,,
AP-MED48,5.0,-85.0,9.0,2025-04-02,AP-MED48,2.625,6.798611111111111,72.03447558663751,15.0,1.5416666666666667
AP-ICTAICP23,2.4,-50.0,9.0,2025-04-02,AP-ICTAICP23,1.2379826635145783,1.574468085106383,58.781480927636665,,
AP-BIBHUM07,5.0,-77.0,9.0,2025-04-02,AP-BIBHUM07,5.492981007431874,3.124690338563171,58.66555468948837,,
AP-MED60,2.4,-57.0,9.0,2025-04-02,AP-MED60,4.520882584712372,4.104806934594168,57.76101369730806,,
AP-DRET02,5.0,-76.0,9.0,2025-04-02,AP-DRET02,13.303388494877856,12.479905437352246,76.66042954593891,16.016548463356973,2.178092986603625
AP-LLET13,5.0,-35.0,14.0,2025-04-02,AP-LLET13,3.541431261770245,5.552730696798493,67.02572631105147,15.448210922787194,2.8342749529190208
AP-VET34,5.0,-76.0,9.0,2025-04-02,AP-VET34,5.8132387706855795,3.8037825059101653,58.01565006575542,,
AP-CIEN14,5.0,-73.0,9.0,2025-04-02,AP-CIEN14,4.774625689519307,10.331757289204099,72.50991557409637,17.23798266351458,2.771473601260835
AP-IBB01,2.4,-66.0,9.0,2025-04-02,AP-IBB01,3.7825059101654848,5.732072498029945,67.75718184957891,15.771473601260835,2.0598896769109536
AP-CIEN62,5.0,-71.0,9.0,2025-04-02,AP-CIEN62,4.314420803782506,10.156028368794326,70.50163227925907,20.29787234042553,6.331757289204098
AP-CCOM18,5.0,-84.0,9.0,2025-04-02,AP-CCOM18,7.157545605306799,9.690713101160862,76.0005730486936,15.0,1.6326699834162521
AP-MRB05,5.0,-64.0,9.0,2025-04-02,AP-MRB05,6.804570527974783,5.792750197005516,66.30574631461609,20.62647754137116,2.479905437352246
AP-CIEN14,5.0,-86.0,9.0,2025-04-02,AP-CIEN14,4.774625689519307,10.331757289204099,72.50991557409637,17.23798266351458,2.771473601260835
AP-MRB06,2.4,-76.0,9.0,2025-04-02,AP-MRB06,1.9330181245074862,5.077226162332545,65.61186831566789,18.0,1.4688731284475964
AP-POL10,5.0,-80.0,9.0,2025-04-02,AP-POL10,3.3325453112687153,3.925925925925926,58.613893051042744,,
AP-VET77,2.4,-54.0,9.0,2025-04-02,AP-VET77,1.2293144208037825,2.0315208825847124,61.33445800668813,,
AP-REC09,2.4,-66.0,9.0,2025-04-02,AP-REC09,6.240346729708432,2.4814814814814814,57.954879676040456,,
AP-LLET49,5.0,-76.0,15.0,2025-04-02,AP-LLET49,2.5350669818754925,4.969267139479905,66.25891972657651,15.049645390070921,1.5122143420015761
AP-CCOM12,5.0,-64.0,9.0,2025-04-02,AP-CCOM12,3.239558707643814,3.289204097714736,57.180275090159846,,
AP-CIEN45,2.4,-47.0,3.0,2025-04-04,AP-CIEN45,1.0,3.6666666666666665,48.09956587694233,,
AP-VET76,5.0,-51.0,9.0,2025-04-02,AP-VET76,2.5041322314049586,1.2861570247933884,56.82525168260928,,
AP-MED59,5.0,-62.0,9.0,2025-04-02,AP-MED59,3.896719319562576,5.667071688942892,65.86008671840895,18.0,1.9501822600243013
AP-CIEN119,5.0,-49.0,14.0,2025-04-02,AP-CIEN119,7.693459416863672,8.044917257683215,67.85606166434653,15.018912529550827,3.9275019700551614
AP-DRET02,5.0,-84.0,9.0,2025-04-02,AP-DRET02,13.303388494877856,12.479905437352246,76.66042954593891,16.016548463356973,2.178092986603625
AP-MED43,5.0,-52.0,9.0,2025-04-02,AP-MED43,3.045705279747833,21.04728132387707,56.718529154745205,,
AP-MED59,5.0,-66.0,9.0,2025-04-02,AP-MED59,3.896719319562576,5.667071688942892,65.86008671840895,18.0,1.9501822600243013
AP-MED43,5.0,-59.0,9.0,2025-04-02,AP-MED43,3.045705279747833,21.04728132387707,56.718529154745205,,
AP-MED12,5.0,-52.0,9.0,2025-04-02,AP-MED12,2.8772782503037666,3.138517618469016,60.420496856304815,,
AP-MED48,5.0,-85.0,9.0,2025-04-02,AP-MED48,2.625,6.798611111111111,72.03447558663751,15.0,1.5416666666666667
AP-ICTAICP23,2.4,-50.0,9.0,2025-04-02,AP-ICTAICP23,1.2379826635145783,1.574468085106383,58.781480927636665,,
AP-BIBHUM07,5.0,-78.0,9.0,2025-04-02,AP-BIBHUM07,5.492981007431874,3.124690338563171,58.66555468948837,,
AP-MED60,2.4,-57.0,9.0,2025-04-02,AP-MED60,4.520882584712372,4.104806934594168,57.76101369730806,,
AP-DRET02,5.0,-76.0,9.0,2025-04-02,AP-DRET02,13.303388494877856,12.479905437352246,76.66042954593891,16.016548463356973,2.178092986603625
AP-LLET13,5.0,-34.0,14.0,2025-04-02,AP-LLET13,3.541431261770245,5.552730696798493,67.02572631105147,15.448210922787194,2.8342749529190208
AP-VET34,5.0,-76.0,9.0,2025-04-02,AP-VET34,5.8132387706855795,3.8037825059101653,58.01565006575542,,
AP-CIEN14,5.0,-73.0,9.0,2025-04-02,AP-CIEN14,4.774625689519307,10.331757289204099,72.50991557409637,17.23798266351458,2.771473601260835
AP-IBB01,2.4,-66.0,9.0,2025-04-02,AP-IBB01,3.7825059101654848,5.732072498029945,67.75718184957891,15.771473601260835,2.0598896769109536
AP-CIEN62,5.0,-71.0,9.0,2025-04-02,AP-CIEN62,4.314420803782506,10.156028368794326,70.50163227925907,20.29787234042553,6.331757289204098
AP-CCOM18,5.0,-84.0,9.0,2025-04-02,AP-CCOM18,7.157545605306799,9.690713101160862,76.0005730486936,15.0,1.6326699834162521
AP-MRB05,5.0,-65.0,9.0,2025-04-02,AP-MRB05,6.804570527974783,5.792750197005516,66.30574631461609,20.62647754137116,2.479905437352246
AP-CIEN14,5.0,-86.0,9.0,2025-04-02,AP-CIEN14,4.774625689519307,10.331757289204099,72.50991557409637,17.23798266351458,2.771473601260835
AP-MRB06,2.4,-75.0,9.0,2025-04-02,AP-MRB06,1.9330181245074862,5.077226162332545,65.61186831566789,18.0,1.4688731284475964
AP-POL10,5.0,-80.0,9.0,2025-04-02,AP-POL10,3.3325453112687153,3.925925925925926,58.613893051042744,,
AP-CIEN45,5.0,-46.0,4.0,2025-04-04,AP-CIEN45,2.0,3.75,49.68879621437017,,
AP-CIEN45,2.4,-74.0,1.0,2025-04-04,AP-CIEN45,2.4444444444444446,3.2222222222222223,52.20395410218983,,
AP-VET77,2.4,-54.0,9.0,2025-04-02,AP-VET77,1.2293144208037825,2.0315208825847124,61.33445800668813,,
AP-REC09,2.4,-65.0,9.0,2025-04-02,AP-REC09,6.240346729708432,2.4814814814814814,57.954879676040456,,
AP-LLET49,5.0,-76.0,15.0,2025-04-02,AP-LLET49,2.5350669818754925,4.969267139479905,66.25891972657651,15.049645390070921,1.5122143420015761
AP-CCOM12,5.0,-65.0,9.0,2025-04-02,AP-CCOM12,3.239558707643814,3.289204097714736,57.180275090159846,,
AP-CIEN45,2.4,-47.0,3.0,2025-04-04,AP-CIEN45,1.0,3.6666666666666665,48.09956587694233,,
AP-VET76,5.0,-53.0,9.0,2025-04-02,AP-VET76,2.5041322314049586,1.2861570247933884,56.82525168260928,,
AP-MED59,5.0,-61.0,9.0,2025-04-02,AP-MED59,3.896719319562576,5.667071688942892,65.86008671840895,18.0,1.9501822600243013
AP-CIEN119,5.0,-48.0,14.0,2025-04-02,AP-CIEN119,7.693459416863672,8.044917257683215,67.85606166434653,15.018912529550827,3.9275019700551614
AP-DRET02,5.0,-84.0,9.0,2025-04-02,AP-DRET02,13.303388494877856,12.479905437352246,76.66042954593891,16.016548463356973,2.178092986603625
AP-MED43,5.0,-52.0,9.0,2025-04-02,AP-MED43,3.045705279747833,21.04728132387707,56.718529154745205,,
AP-MED59,5.0,-66.0,9.0,2025-04-02,AP-MED59,3.896719319562576,5.667071688942892,65.86008671840895,18.0,1.9501822600243013
AP-MED43,5.0,-58.0,9.0,2025-04-02,AP-MED43,3.045705279747833,21.04728132387707,56.718529154745205,,
AP-MED12,5.0,-52.0,9.0,2025-04-02,AP-MED12,2.8772782503037666,3.138517618469016,60.420496856304815,,
AP-MED48,5.0,-85.0,9.0,2025-04-02,AP-MED48,2.625,6.798611111111111,72.03447558663751,15.0,1.5416666666666667
AP-ICTAICP23,2.4,-51.0,9.0,2025-04-02,AP-ICTAICP23,1.2379826635145783,1.574468085106383,58.781480927636665,,
AP-BIBHUM07,5.0,-78.0,9.0,2025-04-02,AP-BIBHUM07,5.492981007431874,3.124690338563171,58.66555468948837,,
AP-MED60,2.4,-58.0,9.0,2025-04-02,AP-MED60,4.520882584712372,4.104806934594168,57.76101369730806,,
AP-DRET02,5.0,-76.0,9.0,2025-04-02,AP-DRET02,13.303388494877856,12.479905437352246,76.66042954593891,16.016548463356973,2.178092986603625
AP-LLET13,5.0,-34.0,14.0,2025-04-02,AP-LLET13,3.541431261770245,5.552730696798493,67.02572631105147,15.448210922787194,2.8342749529190208
AP-VET34,5.0,-75.0,9.0,2025-04-02,AP-VET34,5.8132387706855795,3.8037825059101653,58.01565006575542,,
AP-CIEN14,5.0,-73.0,9.0,2025-04-02,AP-CIEN14,4.774625689519307,10.331757289204099,72.50991557409637,17.23798266351458,2.771473601260835
AP-IBB01,2.4,-69.0,9.0,2025-04-02,AP-IBB01,3.7825059101654848,5.732072498029945,67.75718184957891,15.771473601260835,2.0598896769109536
AP-CIEN62,5.0,-71.0,9.0,2025-04-02,AP-CIEN62,4.314420803782506,10.156028368794326,70.50163227925907,20.29787234042553,6.331757289204098
AP-CCOM18,5.0,-84.0,9.0,2025-04-02,AP-CCOM18,7.157545605306799,9.690713101160862,76.0005730486936,15.0,1.6326699834162521
AP-MRB05,5.0,-65.0,9.0,2025-04-02,AP-MRB05,6.804570527974783,5.792750197005516,66.30574631461609,20.62647754137116,2.479905437352246
AP-CIEN14,5.0,-86.0,9.0,2025-04-02,AP-CIEN14,4.774625689519307,10.331757289204099,72.50991557409637,17.23798266351458,2.771473601260835
AP-MRB06,2.4,-73.0,9.0,2025-04-02,AP-MRB06,1.9330181245074862,5.077226162332545,65.61186831566789,18.0,1.4688731284475964
AP-POL10,5.0,-80.0,9.0,2025-04-02,AP-POL10,3.3325453112687153,3.925925925925926,58.613893051042744,,
AP-CIEN45,5.0,-46.0,4.0,2025-04-04,AP-CIEN45,2.0,3.75,49.68879621437017,,
AP-VET77,2.4,-54.0,9.0,2025-04-02,AP-VET77,1.2293144208037825,2.0315208825847124,61.33445800668813,,
AP-REC09,2.4,-66.0,9.0,2025-04-02,AP-REC09,6.240346729708432,2.4814814814814814,57.954879676040456,,
AP-LLET49,5.0,-76.0,15.0,2025-04-02,AP-LLET49,2.5350669818754925,4.969267139479905,66.25891972657651,15.049645390070921,1.5122143420015761
AP-CCOM12,5.0,-64.0,9.0,2025-04-02,AP-CCOM12,3.239558707643814,3.289204097714736,57.180275090159846,,
AP-CIEN45,2.4,-47.0,3.0,2025-04-04,AP-CIEN45,1.0,3.6666666666666665,48.09956587694233,,
AP-VET76,5.0,-49.0,9.0,2025-04-02,AP-VET76,2.5041322314049586,1.2861570247933884,56.82525168260928,,
AP-MED59,5.0,-62.0,9.0,2025-04-02,AP-MED59,3.896719319562576,5.667071688942892,65.86008671840895,18.0,1.9501822600243013
AP-CIEN119,5.0,-48.0,14.0,2025-04-02,AP-CIEN119,7.693459416863672,8.044917257683215,67.85606166434653,15.018912529550827,3.9275019700551614
AP-DRET02,5.0,-84.0,9.0,2025-04-02,AP-DRET02,13.303388494877856,12.479905437352246,76.66042954593891,16.016548463356973,2.178092986603625
AP-MED43,5.0,-52.0,9.0,2025-04-02,AP-MED43,3.045705279747833,21.04728132387707,56.718529154745205,,
AP-MED59,5.0,-67.0,9.0,2025-04-02,AP-MED59,3.896719319562576,5.667071688942892,65.86008671840895,18.0,1.9501822600243013
AP-MED43,5.0,-58.0,9.0,2025-04-02,AP-MED43,3.045705279747833,21.04728132387707,56.718529154745205,,
AP-MED12,5.0,-51.0,9.0,2025-04-02,AP-MED12,2.8772782503037666,3.138517618469016,60.420496856304815,,
AP-MED48,5.0,-85.0,9.0,2025-04-02,AP-MED48,2.625,6.798611111111111,72.03447558663751,15.0,1.5416666666666667
AP-ICTAICP23,2.4,-50.0,9.0,2025-04-02,AP-ICTAICP23,1.2379826635145783,1.574468085106383,58.781480927636665,,
AP-BIBHUM07,5.0,-79.0,9.0,2025-04-02,AP-BIBHUM07,5.492981007431874,3.124690338563171,58.66555468948837,,
AP-MED60,2.4,-58.0,9.0,2025-04-02,AP-MED60,4.520882584712372,4.104806934594168,57.76101369730806,,
AP-DRET02,5.0,-76.0,9.0,2025-04-02,AP-DRET02,13.303388494877856,12.479905437352246,76.66042954593891,16.016548463356973,2.178092986603625
AP-LLET13,5.0,-34.0,14.0,2025-04-02,AP-LLET13,3.541431261770245,5.552730696798493,67.02572631105147,15.448210922787194,2.8342749529190208
AP-VET34,5.0,-75.0,9.0,2025-04-02,AP-VET34,5.8132387706855795,3.8037825059101653,58.01565006575542,,
AP-CIEN14,5.0,-73.0,9.0,2025-04-02,AP-CIEN14,4.774625689519307,10.331757289204099,72.50991557409637,17.23798266351458,2.771473601260835
AP-IBB01,2.4,-69.0,9.0,2025-04-02,AP-IBB01,3.7825059101654848,5.732072498029945,67.75718184957891,15.771473601260835,2.0598896769109536
AP-CIEN62,5.0,-71.0,9.0,2025-04-02,AP-CIEN62,4.314420803782506,10.156028368794326,70.50163227925907,20.29787234042553,6.331757289204098
AP-CCOM18,5.0,-84.0,9.0,2025-04-02,AP-CCOM18,7.157545605306799,9.690713101160862,76.0005730486936,15.0,1.6326699834162521
AP-MRB05,5.0,-65.0,9.0,2025-04-02,AP-MRB05,6.804570527974783,5.792750197005516,66.30574631461609,20.62647754137116,2.479905437352246
AP-CIEN45,5.0,-56.0,6.0,2025-04-04,AP-CIEN45,3.7666666666666666,4.5,50.16491517948871,,
AP-CIEN14,5.0,-86.0,9.0,2025-04-02,AP-CIEN14,4.774625689519307,10.331757289204099,72.50991557409637,17.23798266351458,2.771473601260835
AP-MRB06,2.4,-75.0,9.0,2025-04-02,AP-MRB06,1.9330181245074862,5.077226162332545,65.61186831566789,18.0,1.4688731284475964
AP-POL10,5.0,-57.0,9.0,2025-04-02,AP-POL10,3.3325453112687153,3.925925925925926,58.613893051042744,,
AP-VET77,2.4,-53.0,9.0,2025-04-02,AP-VET77,1.2293144208037825,2.0315208825847124,61.33445800668813,,
AP-REC09,2.4,-67.0,9.0,2025-04-02,AP-REC09,6.240346729708432,2.4814814814814814,57.954879676040456,,
AP-LLET49,5.0,-76.0,15.0,2025-04-02,AP-LLET49,2.5350669818754925,4.969267139479905,66.25891972657651,15.049645390070921,1.5122143420015761
AP-CCOM12,5.0,-67.0,9.0,2025-04-02,AP-CCOM12,3.239558707643814,3.289204097714736,57.180275090159846,,
AP-VET76,5.0,-48.0,9.0,2025-04-02,AP-VET76,2.5041322314049586,1.2861570247933884,56.82525168260928,,
AP-MED59,5.0,-62.0,9.0,2025-04-02,AP-MED59,3.896719319562576,5.667071688942892,65.86008671840895,18.0,1.9501822600243013
AP-CIEN119,5.0,-50.0,14.0,2025-04-02,AP-CIEN119,7.693459416863672,8.044917257683215,67.85606166434653,15.018912529550827,3.9275019700551614
AP-DRET02,5.0,-84.0,9.0,2025-04-02,AP-DRET02,13.303388494877856,12.479905437352246,76.66042954593891,16.016548463356973,2.178092986603625
AP-MED43,5.0,-52.0,9.0,2025-04-02,AP-MED43,3.045705279747833,21.04728132387707,56.718529154745205,,
AP-MED59,5.0,-67.0,9.0,2025-04-02,AP-MED59,3.896719319562576,5.667071688942892,65.86008671840895,18.0,1.9501822600243013
AP-MED43,5.0,-59.0,9.0,2025-04-02,AP-MED43,3.045705279747833,21.04728132387707,56.718529154745205,,
AP-MED12,5.0,-52.0,9.0,2025-04-02,AP-MED12,2.8772782503037666,3.138517618469016,60.420496856304815,,
AP-MED48,5.0,-85.0,9.0,2025-04-02,AP-MED48,2.625,6.798611111111111,72.03447558663751,15.0,1.5416666666666667
AP-ENGQUIM06,2.4,-65.0,6.0,2025-04-04,AP-ENGQUIM06,2.4,5.6,51.776759822478155,,
AP-ICTAICP23,2.4,-50.0,9.0,2025-04-02,AP-ICTAICP23,1.2379826635145783,1.574468085106383,58.781480927636665,,
AP-BIBHUM07,5.0,-80.0,9.0,2025-04-02,AP-BIBHUM07,5.492981007431874,3.124690338563171,58.66555468948837,,
AP-MED60,2.4,-56.0,9.0,2025-04-02,AP-MED60,4.520882584712372,4.104806934594168,57.76101369730806,,
AP-DRET02,5.0,-76.0,9.0,2025-04-02,AP-DRET02,13.303388494877856,12.479905437352246,76.66042954593891,16.016548463356973,2.178092986603625
AP-LLET13,5.0,-35.0,14.0,2025-04-02,AP-LLET13,3.541431261770245,5.552730696798493,67.02572631105147,15.448210922787194,2.8342749529190208
AP-CIEN115,5.0,-75.0,6.0,2025-04-04,AP-CIEN115,3.1363636363636362,9.318181818181818,63.89788513662118,16.0,7.681818181818182
AP-VET34,5.0,-75.0,9.0,2025-04-02,AP-VET34,5.8132387706855795,3.8037825059101653,58.01565006575542,,
AP-CIEN14,5.0,-73.0,9.0,2025-04-02,AP-CIEN14,4.774625689519307,10.331757289204099,72.50991557409637,17.23798266351458,2.771473601260835
AP-IBB01,2.4,-69.0,9.0,2025-04-02,AP-IBB01,3.7825059101654848,5.732072498029945,67.75718184957891,15.771473601260835,2.0598896769109536
AP-CIEN62,5.0,-71.0,9.0,2025-04-02,AP-CIEN62,4.314420803782506,10.156028368794326,70.50163227925907,20.29787234042553,6.331757289204098
AP-CCOM18,5.0,-84.0,9.0,2025-04-02,AP-CCOM18,7.157545605306799,9.690713101160862,76.0005730486936,15.0,1.6326699834162521
AP-CIEN115,5.0,-75.0,6.0,2025-04-04,AP-CIEN115,3.1363636363636362,9.318181818181818,63.89788513662118,16.0,7.681818181818182
AP-MRB05,5.0,-65.0,9.0,2025-04-02,AP-MRB05,6.804570527974783,5.792750197005516,66.30574631461609,20.62647754137116,2.479905437352246
AP-CIEN45,5.0,-57.0,6.0,2025-04-04,AP-CIEN45,3.7666666666666666,4.5,50.16491517948871,,
AP-CIEN14,5.0,-86.0,9.0,2025-04-02,AP-CIEN14,4.774625689519307,10.331757289204099,72.50991557409637,17.23798266351458,2.771473601260835
AP-MRB06,2.4,-75.0,9.0,2025-04-02,AP-MRB06,1.9330181245074862,5.077226162332545,65.61186831566789,18.0,1.4688731284475964
AP-POL10,5.0,-58.0,9.0,2025-04-02,AP-POL10,3.3325453112687153,3.925925925925926,58.613893051042744,,
AP-CIEN45,2.4,-76.0,4.0,2025-04-04,AP-CIEN45,2.0,3.75,49.68879621437017,,
AP-VET77,2.4,-54.0,9.0,2025-04-02,AP-VET77,1.2293144208037825,2.0315208825847124,61.33445800668813,,
AP-REC09,2.4,-67.0,9.0,2025-04-02,AP-REC09,6.240346729708432,2.4814814814814814,57.954879676040456,,
AP-LLET49,5.0,-76.0,15.0,2025-04-02,AP-LLET49,2.5350669818754925,4.969267139479905,66.25891972657651,15.049645390070921,1.5122143420015761
AP-CCOM12,5.0,-67.0,9.0,2025-04-02,AP-CCOM12,3.239558707643814,3.289204097714736,57.180275090159846,,
AP-CIEN45,5.0,-52.0,3.0,2025-04-04,AP-CIEN45,1.0,3.6666666666666665,48.09956587694233,,
AP-VET76,5.0,-48.0,9.0,2025-04-02,AP-VET76,2.5041322314049586,1.2861570247933884,56.82525168260928,,
AP-MED59,5.0,-60.0,9.0,2025-04-02,AP-MED59,3.896719319562576,5.667071688942892,65.86008671840895,18.0,1.9501822600243013
AP-CIEN119,5.0,-49.0,14.0,2025-04-02,AP-CIEN119,7.693459416863672,8.044917257683215,67.85606166434653,15.018912529550827,3.9275019700551614
AP-DRET02,5.0,-84.0,9.0,2025-04-02,AP-DRET02,13.303388494877856,12.479905437352246,76.66042954593891,16.016548463356973,2.178092986603625
AP-MED43,5.0,-52.0,9.0,2025-04-02,AP-MED43,3.045705279747833,21.04728132387707,56.718529154745205,,
AP-MED59,5.0,-66.0,9.0,2025-04-02,AP-MED59,3.896719319562576,5.667071688942892,65.86008671840895,18.0,1.9501822600243013
AP-CIEN115,5.0,-60.0,6.0,2025-04-04,AP-CIEN115,3.1363636363636362,9.318181818181818,63.89788513662118,16.0,7.681818181818182
AP-MED43,5.0,-59.0,9.0,2025-04-02,AP-MED43,3.045705279747833,21.04728132387707,56.718529154745205,,
AP-MED12,5.0,-53.0,9.0,2025-04-02,AP-MED12,2.8772782503037666,3.138517618469016,60.420496856304815,,
AP-MED48,5.0,-85.0,9.0,2025-04-02,AP-MED48,2.625,6.798611111111111,72.03447558663751,15.0,1.5416666666666667
AP-ICTAICP23,2.4,-50.0,9.0,2025-04-02,AP-ICTAICP23,1.2379826635145783,1.574468085106383,58.781480927636665,,
AP-BIBHUM07,5.0,-81.0,9.0,2025-04-02,AP-BIBHUM07,5.492981007431874,3.124690338563171,58.66555468948837,,
AP-MED60,2.4,-57.0,9.0,2025-04-02,AP-MED60,4.520882584712372,4.104806934594168,57.76101369730806,,
AP-DRET02,5.0,-76.0,9.0,2025-04-02,AP-DRET02,13.303388494877856,12.479905437352246,76.66042954593891,16.016548463356973,2.178092986603625
AP-LLET13,5.0,-37.0,14.0,2025-04-02,AP-LLET13,3.541431261770245,5.552730696798493,67.02572631105147,15.448210922787194,2.8342749529190208
AP-VH08,5.0,-52.0,6.0,2025-04-04,AP-VH08,1.9506172839506173,3.1728395061728394,57.951062651936844,,
AP-CIEN45,2.4,-89.0,6.0,2025-04-04,AP-CIEN45,3.7666666666666666,4.5,50.16491517948871,,
AP-VH08,5.0,-54.0,6.0,2025-04-04,AP-VH08,1.9506172839506173,3.1728395061728394,57.951062651936844,,
AP-ENGQUIM06,2.4,-70.0,6.0,2025-04-04,AP-ENGQUIM06,2.4,5.6,51.776759822478155,,
AP-VET34,5.0,-75.0,9.0,2025-04-02,AP-VET34,5.8132387706855795,3.8037825059101653,58.01565006575542,,
AP-CIEN14,5.0,-73.0,9.0,2025-04-02,AP-CIEN14,4.774625689519307,10.331757289204099,72.50991557409637,17.23798266351458,2.771473601260835
AP-IBB01,2.4,-67.0,9.0,2025-04-02,AP-IBB01,3.7825059101654848,5.732072498029945,67.75718184957891,15.771473601260835,2.0598896769109536
AP-VH08,5.0,-47.0,6.0,2025-04-04,AP-VH08,1.9506172839506173,3.1728395061728394,57.951062651936844,,
AP-CIEN62,5.0,-71.0,9.0,2025-04-02,AP-CIEN62,4.314420803782506,10.156028368794326,70.50163227925907,20.29787234042553,6.331757289204098
AP-CCOM18,5.0,-84.0,9.0,2025-04-02,AP-CCOM18,7.157545605306799,9.690713101160862,76.0005730486936,15.0,1.6326699834162521
AP-VH08,5.0,-49.0,6.0,2025-04-04,AP-VH08,1.9506172839506173,3.1728395061728394,57.951062651936844,,
AP-ENGQUIM06,2.4,-69.0,6.0,2025-04-04,AP-ENGQUIM06,2.4,5.6,51.776759822478155,,
AP-MRB05,5.0,-65.0,9.0,2025-04-02,AP-MRB05,6.804570527974783,5.792750197005516,66.30574631461609,20.62647754137116,2.479905437352246
AP-MRB06,2.4,-73.0,9.0,2025-04-02,AP-MRB06,1.9330181245074862,5.077226162332545,65.61186831566789,18.0,1.4688731284475964
AP-VH08,5.0,-48.0,6.0,2025-04-04,AP-VH08,1.9506172839506173,3.1728395061728394,57.951062651936844,,
AP-POL10,5.0,-58.0,9.0,2025-04-02,AP-POL10,3.3325453112687153,3.925925925925926,58.613893051042744,,
AP-VET77,2.4,-53.0,9.0,2025-04-02,AP-VET77,1.2293144208037825,2.0315208825847124,61.33445800668813,,
AP-REC09,2.4,-66.0,9.0,2025-04-02,AP-REC09,6.240346729708432,2.4814814814814814,57.954879676040456,,
AP-LLET49,5.0,-76.0,15.0,2025-04-02,AP-LLET49,2.5350669818754925,4.969267139479905,66.25891972657651,15.049645390070921,1.5122143420015761
AP-CCOM12,5.0,-66.0,9.0,2025-04-02,AP-CCOM12,3.239558707643814,3.289204097714736,57.180275090159846,,
AP-VET76,5.0,-47.0,9.0,2025-04-02,AP-VET76,2.5041322314049586,1.2861570247933884,56.82525168260928,,
AP-MED59,5.0,-61.0,9.0,2025-04-02,AP-MED59,3.896719319562576,5.667071688942892,65.86008671840895,18.0,1.9501822600243013
AP-CIEN119,5.0,-46.0,14.0,2025-04-02,AP-CIEN119,7.693459416863672,8.044917257683215,67.85606166434653,15.018912529550827,3.9275019700551614
AP-DRET02,5.0,-84.0,9.0,2025-04-02,AP-DRET02,13.303388494877856,12.479905437352246,76.66042954593891,16.016548463356973,2.178092986603625
AP-MED43,5.0,-52.0,9.0,2025-04-02,AP-MED43,3.045705279747833,21.04728132387707,56.718529154745205,,
AP-VH08,5.0,-57.0,6.0,2025-04-04,AP-VH08,1.9506172839506173,3.1728395061728394,57.951062651936844,,
AP-MED59,5.0,-67.0,9.0,2025-04-02,AP-MED59,3.896719319562576,5.667071688942892,65.86008671840895,18.0,1.9501822600243013
AP-MED43,5.0,-59.0,9.0,2025-04-02,AP-MED43,3.045705279747833,21.04728132387707,56.718529154745205,,
AP-MED12,5.0,-52.0,9.0,2025-04-02,AP-MED12,2.8772782503037666,3.138517618469016,60.420496856304815,,
AP-MED48,5.0,-85.0,9.0,2025-04-02,AP-MED48,2.625,6.798611111111111,72.03447558663751,15.0,1.5416666666666667
AP-ENGQUIM06,5.0,-71.0,6.0,2025-04-04,AP-ENGQUIM06,2.4,5.6,51.776759822478155,,
AP-ICTAICP23,2.4,-50.0,9.0,2025-04-02,AP-ICTAICP23,1.2379826635145783,1.574468085106383,58.781480927636665,,
AP-VH08,5.0,-61.0,6.0,2025-04-04,AP-VH08,1.9506172839506173,3.1728395061728394,57.951062651936844,,
AP-BIBHUM07,5.0,-80.0,9.0,2025-04-02,AP-BIBHUM07,5.492981007431874,3.124690338563171,58.66555468948837,,
AP-MED60,2.4,-59.0,9.0,2025-04-02,AP-MED60,4.520882584712372,4.104806934594168,57.76101369730806,,
AP-DRET02,5.0,-75.0,9.0,2025-04-02,AP-DRET02,13.303388494877856,12.479905437352246,76.66042954593891,16.016548463356973,2.178092986603625
AP-LLET13,5.0,-35.0,14.0,2025-04-02,AP-LLET13,3.541431261770245,5.552730696798493,67.02572631105147,15.448210922787194,2.8342749529190208
AP-VH08,5.0,-61.0,6.0,2025-04-04,AP-VH08,1.9506172839506173,3.1728395061728394,57.951062651936844,,
AP-CIEN45,5.0,-85.0,6.0,2025-04-04,AP-CIEN45,3.7666666666666666,4.5,50.16491517948871,,
AP-VH08,5.0,-54.0,6.0,2025-04-04,AP-VH08,1.9506172839506173,3.1728395061728394,57.951062651936844,,
AP-ENGQUIM06,2.4,-60.0,6.0,2025-04-04,AP-ENGQUIM06,2.4,5.6,51.776759822478155,,
AP-VET34,5.0,-75.0,9.0,2025-04-02,AP-VET34,5.8132387706855795,3.8037825059101653,58.01565006575542,,
AP-CIEN14,5.0,-72.0,9.0,2025-04-02,AP-CIEN14,4.774625689519307,10.331757289204099,72.50991557409637,17.23798266351458,2.771473601260835
AP-IBB01,2.4,-69.0,9.0,2025-04-02,AP-IBB01,3.7825059101654848,5.732072498029945,67.75718184957891,15.771473601260835,2.0598896769109536
AP-VH08,5.0,-51.0,6.0,2025-04-04,AP-VH08,1.9506172839506173,3.1728395061728394,57.951062651936844,,
AP-ENGQUIM06,2.4,-65.0,6.0,2025-04-04,AP-ENGQUIM06,2.4,5.6,51.776759822478155,,
AP-CIEN62,5.0,-47.0,9.0,2025-04-02,AP-CIEN62,4.314420803782506,10.156028368794326,70.50163227925907,20.29787234042553,6.331757289204098
AP-CCOM18,5.0,-84.0,9.0,2025-04-02,AP-CCOM18,7.157545605306799,9.690713101160862,76.0005730486936,15.0,1.6326699834162521
AP-VH08,5.0,-49.0,6.0,2025-04-04,AP-VH08,1.9506172839506173,3.1728395061728394,57.951062651936844,,
AP-CIEN45,2.4,-76.0,6.0,2025-04-04,AP-CIEN45,3.7666666666666666,4.5,50.16491517948871,,
AP-ENGQUIM06,2.4,-69.0,6.0,2025-04-04,AP-ENGQUIM06,2.4,5.6,51.776759822478155,,
AP-MRB05,5.0,-65.0,9.0,2025-04-02,AP-MRB05,6.804570527974783,5.792750197005516,66.30574631461609,20.62647754137116,2.479905437352246
AP-CIEN45,5.0,-58.0,6.0,2025-04-04,AP-CIEN45,3.7666666666666666,4.5,50.16491517948871,,
AP-MRB06,2.4,-75.0,9.0,2025-04-02,AP-MRB06,1.9330181245074862,5.077226162332545,65.61186831566789,18.0,1.4688731284475964
AP-VH08,5.0,-56.0,6.0,2025-04-04,AP-VH08,1.9506172839506173,3.1728395061728394,57.951062651936844,,
AP-POL10,5.0,-58.0,9.0,2025-04-02,AP-POL10,3.3325453112687153,3.925925925925926,58.613893051042744,,
AP-VET77,2.4,-53.0,9.0,2025-04-02,AP-VET77,1.2293144208037825,2.0315208825847124,61.33445800668813,,
AP-REC09,2.4,-67.0,9.0,2025-04-02,AP-REC09,6.240346729708432,2.4814814814814814,57.954879676040456,,
AP-LLET49,5.0,-76.0,15.0,2025-04-02,AP-LLET49,2.5350669818754925,4.969267139479905,66.25891972657651,15.049645390070921,1.5122143420015761
AP-CCOM12,5.0,-67.0,9.0,2025-04-02,AP-CCOM12,3.239558707643814,3.289204097714736,57.180275090159846,,
AP-CIEN45,2.4,-47.0,3.0,2025-04-04,AP-CIEN45,1.0,3.6666666666666665,48.09956587694233,,
AP-VET76,2.4,-41.0,9.0,2025-04-02,AP-VET76,2.5041322314049586,1.2861570247933884,56.82525168260928,,
AP-MED59,5.0,-60.0,9.0,2025-04-02,AP-MED59,3.896719319562576,5.667071688942892,65.86008671840895,18.0,1.9501822600243013
AP-CIEN119,5.0,-45.0,14.0,2025-04-02,AP-CIEN119,7.693459416863672,8.044917257683215,67.85606166434653,15.018912529550827,3.9275019700551614
AP-DRET02,5.0,-83.0,9.0,2025-04-02,AP-DRET02,13.303388494877856,12.479905437352246,76.66042954593891,16.016548463356973,2.178092986603625
AP-CIEN115,2.4,-61.0,6.0,2025-04-04,AP-CIEN115,3.1363636363636362,9.318181818181818,63.89788513662118,16.0,7.681818181818182
AP-MED43,5.0,-51.0,9.0,2025-04-02,AP-MED43,3.045705279747833,21.04728132387707,56.718529154745205,,
AP-VH08,5.0,-55.0,6.0,2025-04-04,AP-VH08,1.9506172839506173,3.1728395061728394,57.951062651936844,,
AP-MED59,5.0,-65.0,9.0,2025-04-02,AP-MED59,3.896719319562576,5.667071688942892,65.86008671840895,18.0,1.9501822600243013
AP-CIEN115,5.0,-59.0,6.0,2025-04-04,AP-CIEN115,3.1363636363636362,9.318181818181818,63.89788513662118,16.0,7.681818181818182
AP-MED43,5.0,-59.0,9.0,2025-04-02,AP-MED43,3.045705279747833,21.04728132387707,56.718529154745205,,
AP-MED12,5.0,-52.0,9.0,2025-04-02,AP-MED12,2.8772782503037666,3.138517618469016,60.420496856304815,,
AP-MED48,5.0,-85.0,9.0,2025-04-02,AP-MED48,2.625,6.798611111111111,72.03447558663751,15.0,1.5416666666666667
AP-ICTAICP23,2.4,-51.0,9.0,2025-04-02,AP-ICTAICP23,1.2379826635145783,1.574468085106383,58.781480927636665,,
AP-VH08,5.0,-52.0,6.0,2025-04-04,AP-VH08,1.9506172839506173,3.1728395061728394,57.951062651936844,,
AP-BIBHUM07,5.0,-80.0,9.0,2025-04-02,AP-BIBHUM07,5.492981007431874,3.124690338563171,58.66555468948837,,
AP-MED60,2.4,-57.0,9.0,2025-04-02,AP-MED60,4.520882584712372,4.104806934594168,57.76101369730806,,
AP-DRET02,5.0,-76.0,9.0,2025-04-02,AP-DRET02,13.303388494877856,12.479905437352246,76.66042954593891,16.016548463356973,2.178092986603625
AP-LLET13,5.0,-34.0,14.0,2025-04-02,AP-LLET13,3.541431261770245,5.552730696798493,67.02572631105147,15.448210922787194,2.8342749529190208
AP-VH05,2.4,-84.0,7.0,2025-04-04,AP-VH05,0.49295774647887325,3.619718309859155,60.653474171760585,,
AP-VH08,5.0,-53.0,6.0,2025-04-04,AP-VH08,1.9506172839506173,3.1728395061728394,57.951062651936844,,
AP-ENGQUIM06,5.0,-62.0,6.0,2025-04-04,AP-ENGQUIM06,2.4,5.6,51.776759822478155,,
AP-VET34,5.0,-77.0,9.0,2025-04-02,AP-VET34,5.8132387706855795,3.8037825059101653,58.01565006575542,,
AP-CIEN14,5.0,-73.0,9.0,2025-04-02,AP-CIEN14,4.774625689519307,10.331757289204099,72.50991557409637,17.23798266351458,2.771473601260835
AP-IBB01,2.4,-69.0,9.0,2025-04-02,AP-IBB01,3.7825059101654848,5.732072498029945,67.75718184957891,15.771473601260835,2.0598896769109536
AP-VH08,5.0,-50.0,6.0,2025-04-04,AP-VH08,1.9506172839506173,3.1728395061728394,57.951062651936844,,
AP-ENGQUIM06,5.0,-67.0,6.0,2025-04-04,AP-ENGQUIM06,2.4,5.6,51.776759822478155,,
AP-CIEN62,5.0,-71.0,9.0,2025-04-02,AP-CIEN62,4.314420803782506,10.156028368794326,70.50163227925907,20.29787234042553,6.331757289204098
AP-CCOM18,5.0,-84.0,9.0,2025-04-02,AP-CCOM18,7.157545605306799,9.690713101160862,76.0005730486936,15.0,1.6326699834162521
AP-VH08,5.0,-48.0,6.0,2025-04-04,AP-VH08,1.9506172839506173,3.1728395061728394,57.951062651936844,,
AP-MRB05,5.0,-65.0,9.0,2025-04-02,AP-MRB05,6.804570527974783,5.792750197005516,66.30574631461609,20.62647754137116,2.479905437352246
AP-MRB06,2.4,-74.0,9.0,2025-04-02,AP-MRB06,1.9330181245074862,5.077226162332545,65.61186831566789,18.0,1.4688731284475964
AP-VH08,5.0,-46.0,6.0,2025-04-04,AP-VH08,1.9506172839506173,3.1728395061728394,57.951062651936844,,
AP-POL10,5.0,-57.0,9.0,2025-04-02,AP-POL10,3.3325453112687153,3.925925925925926,58.613893051042744,,
AP-VET77,2.4,-53.0,9.0,2025-04-02,AP-VET77,1.2293144208037825,2.0315208825847124,61.33445800668813,,
AP-REC09,2.4,-66.0,9.0,2025-04-02,AP-REC09,6.240346729708432,2.4814814814814814,57.954879676040456,,
AP-LLET49,5.0,-76.0,15.0,2025-04-02,AP-LLET49,2.5350669818754925,4.969267139479905,66.25891972657651,15.049645390070921,1.5122143420015761
AP-CCOM12,5.0,-67.0,9.0,2025-04-02,AP-CCOM12,3.239558707643814,3.289204097714736,57.180275090159846,,
AP-CIEN45,5.0,-51.0,3.0,2025-04-04,AP-CIEN45,1.0,3.6666666666666665,48.09956587694233,,
AP-VET76,2.4,-41.0,9.0,2025-04-02,AP-VET76,2.5041322314049586,1.2861570247933884,56.82525168260928,,
AP-MED59,5.0,-61.0,9.0,2025-04-02,AP-MED59,3.896719319562576,5.667071688942892,65.86008671840895,18.0,1.9501822600243013
AP-CIEN119,5.0,-46.0,14.0,2025-04-02,AP-CIEN119,7.693459416863672,8.044917257683215,67.85606166434653,15.018912529550827,3.9275019700551614
AP-ENGQUIM06,5.0,-68.0,7.0,2025-04-04,AP-ENGQUIM06,5.944444444444445,3.5555555555555554,51.43070264066384,,
AP-DRET02,5.0,-84.0,9.0,2025-04-02,AP-DRET02,13.303388494877856,12.479905437352246,76.66042954593891,16.016548463356973,2.178092986603625
AP-CIEN115,5.0,-58.0,6.0,2025-04-04,AP-CIEN115,3.1363636363636362,9.318181818181818,63.89788513662118,16.0,7.681818181818182
AP-MED43,5.0,-52.0,9.0,2025-04-02,AP-MED43,3.045705279747833,21.04728132387707,56.718529154745205,,
AP-VH08,5.0,-56.0,6.0,2025-04-04,AP-VH08,1.9506172839506173,3.1728395061728394,57.951062651936844,,
AP-MED59,5.0,-67.0,9.0,2025-04-02,AP-MED59,3.896719319562576,5.667071688942892,65.86008671840895,18.0,1.9501822600243013
AP-CIEN115,5.0,-58.0,6.0,2025-04-04,AP-CIEN115,3.1363636363636362,9.318181818181818,63.89788513662118,16.0,7.681818181818182
AP-MED43,5.0,-51.0,9.0,2025-04-02,AP-MED43,3.045705279747833,21.04728132387707,56.718529154745205,,
AP-MED12,5.0,-52.0,9.0,2025-04-02,AP-MED12,2.8772782503037666,3.138517618469016,60.420496856304815,,
AP-MED48,5.0,-85.0,9.0,2025-04-02,AP-MED48,2.625,6.798611111111111,72.03447558663751,15.0,1.5416666666666667
AP-ICTAICP23,2.4,-50.0,9.0,2025-04-02,AP-ICTAICP23,1.2379826635145783,1.574468085106383,58.781480927636665,,
AP-BIBHUM07,5.0,-80.0,9.0,2025-04-02,AP-BIBHUM07,5.492981007431874,3.124690338563171,58.66555468948837,,
AP-MED60,2.4,-58.0,9.0,2025-04-02,AP-MED60,4.520882584712372,4.104806934594168,57.76101369730806,,
AP-DRET02,5.0,-75.0,9.0,2025-04-02,AP-DRET02,13.303388494877856,12.479905437352246,76.66042954593891,16.016548463356973,2.178092986603625
AP-LLET13,5.0,-35.0,14.0,2025-04-02,AP-LLET13,3.541431261770245,5.552730696798493,67.02572631105147,15.448210922787194,2.8342749529190208
AP-VH08,5.0,-55.0,6.0,2025-04-04,AP-VH08,1.9506172839506173,3.1728395061728394,57.951062651936844,,
AP-CIEN115,5.0,-78.0,6.0,2025-04-04,AP-CIEN115,3.1363636363636362,9.318181818181818,63.89788513662118,16.0,7.681818181818182
AP-VET34,5.0,-79.0,9.0,2025-04-02,AP-VET34,5.8132387706855795,3.8037825059101653,58.01565006575542,,
AP-CIEN14,5.0,-73.0,9.0,2025-04-02,AP-CIEN14,4.774625689519307,10.331757289204099,72.50991557409637,17.23798266351458,2.771473601260835
AP-IBB01,2.4,-69.0,9.0,2025-04-02,AP-IBB01,3.7825059101654848,5.732072498029945,67.75718184957891,15.771473601260835,2.0598896769109536
AP-CIEN62,5.0,-71.0,9.0,2025-04-02,AP-CIEN62,4.314420803782506,10.156028368794326,70.50163227925907,20.29787234042553,6.331757289204098
AP-CCOM18,5.0,-84.0,9.0,2025-04-02,AP-CCOM18,7.157545605306799,9.690713101160862,76.0005730486936,15.0,1.6326699834162521
AP-MRB05,5.0,-65.0,9.0,2025-04-02,AP-MRB05,6.804570527974783,5.792750197005516,66.30574631461609,20.62647754137116,2.479905437352246
AP-MRB06,2.4,-76.0,9.0,2025-04-02,AP-MRB06,1.9330181245074862,5.077226162332545,65.61186831566789,18.0,1.4688731284475964
AP-VH08,5.0,-49.0,6.0,2025-04-04,AP-VH08,1.9506172839506173,3.1728395061728394,57.951062651936844,,
AP-POL10,5.0,-58.0,9.0,2025-04-02,AP-POL10,3.3325453112687153,3.925925925925926,58.613893051042744,,
AP-VET77,2.4,-53.0,9.0,2025-04-02,AP-VET77,1.2293144208037825,2.0315208825847124,61.33445800668813,,
AP-REC09,2.4,-66.0,9.0,2025-04-02,AP-REC09,6.240346729708432,2.4814814814814814,57.954879676040456,,
AP-LLET49,5.0,-76.0,15.0,2025-04-02,AP-LLET49,2.5350669818754925,4.969267139479905,66.25891972657651,15.049645390070921,1.5122143420015761
AP-CCOM12,5.0,-71.0,9.0,2025-04-02,AP-CCOM12,3.239558707643814,3.289204097714736,57.180275090159846,,
AP-VET76,5.0,-49.0,9.0,2025-04-02,AP-VET76,2.5041322314049586,1.2861570247933884,56.82525168260928,,
AP-MED59,5.0,-60.0,9.0,2025-04-02,AP-MED59,3.896719319562576,5.667071688942892,65.86008671840895,18.0,1.9501822600243013
AP-CIEN119,5.0,-45.0,14.0,2025-04-02,AP-CIEN119,7.693459416863672,8.044917257683215,67.85606166434653,15.018912529550827,3.9275019700551614
AP-ENGQUIM06,2.4,-66.0,7.0,2025-04-04,AP-ENGQUIM06,5.944444444444445,3.5555555555555554,51.43070264066384,,
AP-DRET02,5.0,-83.0,9.0,2025-04-02,AP-DRET02,13.303388494877856,12.479905437352246,76.66042954593891,16.016548463356973,2.178092986603625
AP-MED43,5.0,-52.0,9.0,2025-04-02,AP-MED43,3.045705279747833,21.04728132387707,56.718529154745205,,
AP-VH08,5.0,-56.0,6.0,2025-04-04,AP-VH08,1.9506172839506173,3.1728395061728394,57.951062651936844,,
AP-MED59,5.0,-66.0,9.0,2025-04-02,AP-MED59,3.896719319562576,5.667071688942892,65.86008671840895,18.0,1.9501822600243013
AP-MED43,5.0,-55.0,9.0,2025-04-02,AP-MED43,3.045705279747833,21.04728132387707,56.718529154745205,,
AP-MED12,5.0,-52.0,9.0,2025-04-02,AP-MED12,2.8772782503037666,3.138517618469016,60.420496856304815,,
AP-MED48,5.0,-85.0,9.0,2025-04-02,AP-MED48,2.625,6.798611111111111,72.03447558663751,15.0,1.5416666666666667
AP-ICTAICP23,2.4,-50.0,9.0,2025-04-02,AP-ICTAICP23,1.2379826635145783,1.574468085106383,58.781480927636665,,
AP-BIBHUM07,5.0,-78.0,9.0,2025-04-02,AP-BIBHUM07,5.492981007431874,3.124690338563171,58.66555468948837,,
AP-MED60,2.4,-59.0,9.0,2025-04-02,AP-MED60,4.520882584712372,4.104806934594168,57.76101369730806,,
AP-DRET02,5.0,-76.0,9.0,2025-04-02,AP-DRET02,13.303388494877856,12.479905437352246,76.66042954593891,16.016548463356973,2.178092986603625
AP-LLET13,5.0,-38.0,14.0,2025-04-02,AP-LLET13,3.541431261770245,5.552730696798493,67.02572631105147,15.448210922787194,2.8342749529190208
AP-CIEN115,5.0,-52.0,6.0,2025-04-04,AP-CIEN115,3.1363636363636362,9.318181818181818,63.89788513662118,16.0,7.681818181818182
AP-VET34,5.0,-80.0,9.0,2025-04-02,AP-VET34,5.8132387706855795,3.8037825059101653,58.01565006575542,,
AP-CIEN14,5.0,-73.0,9.0,2025-04-02,AP-CIEN14,4.774625689519307,10.331757289204099,72.50991557409637,17.23798266351458,2.771473601260835
AP-IBB01,5.0,-69.0,9.0,2025-04-02,AP-IBB01,3.7825059101654848,5.732072498029945,67.75718184957891,15.771473601260835,2.0598896769109536
AP-CIEN62,5.0,-71.0,9.0,2025-04-02,AP-CIEN62,4.314420803782506,10.156028368794326,70.50163227925907,20.29787234042553,6.331757289204098
AP-CCOM18,5.0,-84.0,9.0,2025-04-02,AP-CCOM18,7.157545605306799,9.690713101160862,76.0005730486936,15.0,1.6326699834162521
AP-MRB05,5.0,-65.0,9.0,2025-04-02,AP-MRB05,6.804570527974783,5.792750197005516,66.30574631461609,20.62647754137116,2.479905437352246
AP-MRB06,2.4,-74.0,9.0,2025-04-02,AP-MRB06,1.9330181245074862,5.077226162332545,65.61186831566789,18.0,1.4688731284475964
AP-POL10,5.0,-58.0,9.0,2025-04-02,AP-POL10,3.3325453112687153,3.925925925925926,58.613893051042744,,
AP-VET77,2.4,-53.0,9.0,2025-04-02,AP-VET77,1.2293144208037825,2.0315208825847124,61.33445800668813,,
AP-REC09,2.4,-67.0,9.0,2025-04-02,AP-REC09,6.240346729708432,2.4814814814814814,57.954879676040456,,
AP-LLET49,5.0,-76.0,15.0,2025-04-02,AP-LLET49,2.5350669818754925,4.969267139479905,66.25891972657651,15.049645390070921,1.5122143420015761
AP-CCOM12,5.0,-71.0,9.0,2025-04-02,AP-CCOM12,3.239558707643814,3.289204097714736,57.180275090159846,,
AP-VET76,5.0,-48.0,9.0,2025-04-02,AP-VET76,2.5041322314049586,1.2861570247933884,56.82525168260928,,
AP-MED59,5.0,-62.0,9.0,2025-04-02,AP-MED59,3.896719319562576,5.667071688942892,65.86008671840895,18.0,1.9501822600243013
AP-CIEN119,5.0,-45.0,14.0,2025-04-02,AP-CIEN119,7.693459416863672,8.044917257683215,67.85606166434653,15.018912529550827,3.9275019700551614
AP-ENGQUIM06,5.0,-63.0,7.0,2025-04-04,AP-ENGQUIM06,5.944444444444445,3.5555555555555554,51.43070264066384,,
AP-DRET02,5.0,-84.0,9.0,2025-04-02,AP-DRET02,13.303388494877856,12.479905437352246,76.66042954593891,16.016548463356973,2.178092986603625
AP-MED43,5.0,-52.0,9.0,2025-04-02,AP-MED43,3.045705279747833,21.04728132387707,56.718529154745205,,
AP-MED59,5.0,-67.0,9.0,2025-04-02,AP-MED59,3.896719319562576,5.667071688942892,65.86008671840895,18.0,1.9501822600243013
AP-MED43,5.0,-57.0,9.0,2025-04-02,AP-MED43,3.045705279747833,21.04728132387707,56.718529154745205,,
AP-ENGQUIM06,2.4,-83.0,7.0,2025-04-04,AP-ENGQUIM06,5.944444444444445,3.5555555555555554,51.43070264066384,,
AP-MED12,5.0,-53.0,9.0,2025-04-02,AP-MED12,2.8772782503037666,3.138517618469016,60.420496856304815,,
AP-MED48,5.0,-85.0,9.0,2025-04-02,AP-MED48,2.625,6.798611111111111,72.03447558663751,15.0,1.5416666666666667
AP-ICTAICP23,2.4,-50.0,9.0,2025-04-02,AP-ICTAICP23,1.2379826635145783,1.574468085106383,58.781480927636665,,
AP-BIBHUM07,5.0,-78.0,9.0,2025-04-02,AP-BIBHUM07,5.492981007431874,3.124690338563171,58.66555468948837,,
AP-MED60,2.4,-59.0,9.0,2025-04-02,AP-MED60,4.520882584712372,4.104806934594168,57.76101369730806,,
AP-DRET02,5.0,-76.0,9.0,2025-04-02,AP-DRET02,13.303388494877856,12.479905437352246,76.66042954593891,16.016548463356973,2.178092986603625
AP-LLET13,5.0,-37.0,14.0,2025-04-02,AP-LLET13,3.541431261770245,5.552730696798493,67.02572631105147,15.448210922787194,2.8342749529190208
AP-CIEN115,5.0,-51.0,6.0,2025-04-04,AP-CIEN115,3.1363636363636362,9.318181818181818,63.89788513662118,16.0,7.681818181818182
AP-VET34,5.0,-79.0,9.0,2025-04-02,AP-VET34,5.8132387706855795,3.8037825059101653,58.01565006575542,,
AP-CIEN14,5.0,-73.0,9.0,2025-04-02,AP-CIEN14,4.774625689519307,10.331757289204099,72.50991557409637,17.23798266351458,2.771473601260835
AP-IBB01,5.0,-69.0,9.0,2025-04-02,AP-IBB01,3.7825059101654848,5.732072498029945,67.75718184957891,15.771473601260835,2.0598896769109536
AP-ENGQUIM06,2.4,-76.0,6.0,2025-04-04,AP-ENGQUIM06,2.4,5.6,51.776759822478155,,
AP-CIEN62,5.0,-71.0,9.0,2025-04-02,AP-CIEN62,4.314420803782506,10.156028368794326,70.50163227925907,20.29787234042553,6.331757289204098
AP-CCOM18,5.0,-84.0,9.0,2025-04-02,AP-CCOM18,7.157545605306799,9.690713101160862,76.0005730486936,15.0,1.6326699834162521
AP-MRB05,5.0,-64.0,9.0,2025-04-02,AP-MRB05,6.804570527974783,5.792750197005516,66.30574631461609,20.62647754137116,2.479905437352246
AP-MRB06,2.4,-74.0,9.0,2025-04-02,AP-MRB06,1.9330181245074862,5.077226162332545,65.61186831566789,18.0,1.4688731284475964
AP-POL10,5.0,-57.0,9.0,2025-04-02,AP-POL10,3.3325453112687153,3.925925925925926,58.613893051042744,,
AP-VET77,2.4,-53.0,9.0,2025-04-02,AP-VET77,1.2293144208037825,2.0315208825847124,61.33445800668813,,
AP-REC09,2.4,-65.0,9.0,2025-04-02,AP-REC09,6.240346729708432,2.4814814814814814,57.954879676040456,,
AP-LLET49,5.0,-76.0,15.0,2025-04-02,AP-LLET49,2.5350669818754925,4.969267139479905,66.25891972657651,15.049645390070921,1.5122143420015761
AP-CCOM12,5.0,-71.0,9.0,2025-04-02,AP-CCOM12,3.239558707643814,3.289204097714736,57.180275090159846,,
AP-CIEN45,5.0,-53.0,3.0,2025-04-04,AP-CIEN45,1.0,3.6666666666666665,48.09956587694233,,
AP-VET76,5.0,-46.0,9.0,2025-04-02,AP-VET76,2.5041322314049586,1.2861570247933884,56.82525168260928,,
AP-MED59,5.0,-61.0,9.0,2025-04-02,AP-MED59,3.896719319562576,5.667071688942892,65.86008671840895,18.0,1.9501822600243013
AP-CIEN119,5.0,-46.0,14.0,2025-04-02,AP-CIEN119,7.693459416863672,8.044917257683215,67.85606166434653,15.018912529550827,3.9275019700551614
AP-DRET02,5.0,-84.0,9.0,2025-04-02,AP-DRET02,13.303388494877856,12.479905437352246,76.66042954593891,16.016548463356973,2.178092986603625
AP-ETSE13,2.4,-68.0,8.0,2025-04-04,AP-ETSE13,4.896358543417367,3.8739495798319328,57.6936981793835,,
AP-MED43,5.0,-52.0,9.0,2025-04-02,AP-MED43,3.045705279747833,21.04728132387707,56.718529154745205,,
AP-MED59,5.0,-67.0,9.0,2025-04-02,AP-MED59,3.896719319562576,5.667071688942892,65.86008671840895,18.0,1.9501822600243013
AP-MED43,5.0,-58.0,9.0,2025-04-02,AP-MED43,3.045705279747833,21.04728132387707,56.718529154745205,,
AP-ENGQUIM06,2.4,-62.0,7.0,2025-04-04,AP-ENGQUIM06,5.944444444444445,3.5555555555555554,51.43070264066384,,
AP-MED12,5.0,-53.0,9.0,2025-04-02,AP-MED12,2.8772782503037666,3.138517618469016,60.420496856304815,,
AP-MED48,5.0,-85.0,9.0,2025-04-02,AP-MED48,2.625,6.798611111111111,72.03447558663751,15.0,1.5416666666666667
AP-VH17,5.0,-64.0,8.0,2025-04-04,AP-VH17,31.928571428571427,16.214285714285715,69.24518995215995,16.0,11.821428571428571
AP-VH17,5.0,-77.0,8.0,2025-04-04,AP-VH17,31.928571428571427,16.214285714285715,69.24518995215995,16.0,11.821428571428571
AP-VH17,5.0,-70.0,8.0,2025-04-04,AP-VH17,31.928571428571427,16.214285714285715,69.24518995215995,16.0,11.821428571428571
AP-ENGQUIM06,5.0,-69.0,7.0,2025-04-04,AP-ENGQUIM06,5.944444444444445,3.5555555555555554,51.43070264066384,,
AP-ICTAICP23,2.4,-50.0,9.0,2025-04-02,AP-ICTAICP23,1.2379826635145783,1.574468085106383,58.781480927636665,,
AP-BIBHUM07,5.0,-78.0,9.0,2025-04-02,AP-BIBHUM07,5.492981007431874,3.124690338563171,58.66555468948837,,
AP-MED60,2.4,-60.0,9.0,2025-04-02,AP-MED60,4.520882584712372,4.104806934594168,57.76101369730806,,
AP-DRET02,5.0,-76.0,9.0,2025-04-02,AP-DRET02,13.303388494877856,12.479905437352246,76.66042954593891,16.016548463356973,2.178092986603625
AP-LLET13,5.0,-36.0,14.0,2025-04-02,AP-LLET13,3.541431261770245,5.552730696798493,67.02572631105147,15.448210922787194,2.8342749529190208
AP-VET34,5.0,-79.0,9.0,2025-04-02,AP-VET34,5.8132387706855795,3.8037825059101653,58.01565006575542,,
AP-VH17,5.0,-84.0,8.0,2025-04-04,AP-VH17,31.928571428571427,16.214285714285715,69.24518995215995,16.0,11.821428571428571
AP-CIEN14,5.0,-73.0,9.0,2025-04-02,AP-CIEN14,4.774625689519307,10.331757289204099,72.50991557409637,17.23798266351458,2.771473601260835
AP-IBB01,5.0,-69.0,9.0,2025-04-02,AP-IBB01,3.7825059101654848,5.732072498029945,67.75718184957891,15.771473601260835,2.0598896769109536
AP-VH17,5.0,-60.0,8.0,2025-04-04,AP-VH17,31.928571428571427,16.214285714285715,69.24518995215995,16.0,11.821428571428571
AP-VH17,5.0,-54.0,8.0,2025-04-04,AP-VH17,31.928571428571427,16.214285714285715,69.24518995215995,16.0,11.821428571428571
AP-ENGQUIM06,2.4,-66.0,8.0,2025-04-04,AP-ENGQUIM06,0.0,3.0,52.54069115965508,,
AP-CIEN62,5.0,-71.0,9.0,2025-04-02,AP-CIEN62,4.314420803782506,10.156028368794326,70.50163227925907,20.29787234042553,6.331757289204098
AP-CCOM18,5.0,-84.0,9.0,2025-04-02,AP-CCOM18,7.157545605306799,9.690713101160862,76.0005730486936,15.0,1.6326699834162521
AP-CIEN45,5.0,-85.0,8.0,2025-04-04,AP-CIEN45,3.6,4.8,48.29257748678383,,
AP-ENGQUIM06,5.0,-65.0,7.0,2025-04-04,AP-ENGQUIM06,5.944444444444445,3.5555555555555554,51.43070264066384,,
AP-MRB05,5.0,-64.0,9.0,2025-04-02,AP-MRB05,6.804570527974783,5.792750197005516,66.30574631461609,20.62647754137116,2.479905437352246
AP-CIEN45,5.0,-56.0,8.0,2025-04-04,AP-CIEN45,3.6,4.8,48.29257748678383,,
AP-MRB06,2.4,-74.0,9.0,2025-04-02,AP-MRB06,1.9330181245074862,5.077226162332545,65.61186831566789,18.0,1.4688731284475964
AP-VH17,5.0,-71.0,8.0,2025-04-04,AP-VH17,31.928571428571427,16.214285714285715,69.24518995215995,16.0,11.821428571428571
AP-CIEN45,5.0,-78.0,8.0,2025-04-04,AP-CIEN45,3.6,4.8,48.29257748678383,,
AP-POL10,5.0,-57.0,9.0,2025-04-02,AP-POL10,3.3325453112687153,3.925925925925926,58.613893051042744,,
AP-VET77,2.4,-53.0,9.0,2025-04-02,AP-VET77,1.2293144208037825,2.0315208825847124,61.33445800668813,,
AP-REC09,2.4,-68.0,9.0,2025-04-02,AP-REC09,6.240346729708432,2.4814814814814814,57.954879676040456,,
AP-LLET49,5.0,-76.0,15.0,2025-04-02,AP-LLET49,2.5350669818754925,4.969267139479905,66.25891972657651,15.049645390070921,1.5122143420015761
AP-CCOM12,5.0,-71.0,9.0,2025-04-02,AP-CCOM12,3.239558707643814,3.289204097714736,57.180275090159846,,
AP-ETSE13,5.0,-73.0,8.0,2025-04-04,AP-ETSE13,4.896358543417367,3.8739495798319328,57.6936981793835,,
AP-CIEN45,2.4,-68.0,8.0,2025-04-04,AP-CIEN45,3.6,4.8,48.29257748678383,,
AP-VH17,5.0,-80.0,8.0,2025-04-04,AP-VH17,31.928571428571427,16.214285714285715,69.24518995215995,16.0,11.821428571428571
AP-VET76,5.0,-49.0,9.0,2025-04-02,AP-VET76,2.5041322314049586,1.2861570247933884,56.82525168260928,,
AP-MED59,5.0,-61.0,9.0,2025-04-02,AP-MED59,3.896719319562576,5.667071688942892,65.86008671840895,18.0,1.9501822600243013
AP-CIEN119,5.0,-44.0,14.0,2025-04-02,AP-CIEN119,7.693459416863672,8.044917257683215,67.85606166434653,15.018912529550827,3.9275019700551614
AP-DRET02,5.0,-84.0,9.0,2025-04-02,AP-DRET02,13.303388494877856,12.479905437352246,76.66042954593891,16.016548463356973,2.178092986603625
AP-MED43,5.0,-53.0,9.0,2025-04-02,AP-MED43,3.045705279747833,21.04728132387707,56.718529154745205,,
AP-VH17,2.4,-70.0,8.0,2025-04-04,AP-VH17,31.928571428571427,16.214285714285715,69.24518995215995,16.0,11.821428571428571
AP-ETSE13,5.0,-68.0,8.0,2025-04-04,AP-ETSE13,4.896358543417367,3.8739495798319328,57.6936981793835,,
AP-ETSE13,5.0,-79.0,8.0,2025-04-04,AP-ETSE13,4.896358543417367,3.8739495798319328,57.6936981793835,,
AP-ETSE13,2.4,-67.0,8.0,2025-04-04,AP-ETSE13,4.896358543417367,3.8739495798319328,57.6936981793835,,
AP-MED59,5.0,-67.0,9.0,2025-04-02,AP-MED59,3.896719319562576,5.667071688942892,65.86008671840895,18.0,1.9501822600243013
AP-MED43,5.0,-59.0,9.0,2025-04-02,AP-MED43,3.045705279747833,21.04728132387707,56.718529154745205,,
AP-ENGQUIM06,5.0,-71.0,7.0,2025-04-04,AP-ENGQUIM06,5.944444444444445,3.5555555555555554,51.43070264066384,,
AP-MED12,5.0,-52.0,9.0,2025-04-02,AP-MED12,2.8772782503037666,3.138517618469016,60.420496856304815,,
AP-MED48,5.0,-85.0,9.0,2025-04-02,AP-MED48,2.625,6.798611111111111,72.03447558663751,15.0,1.5416666666666667
AP-ETSE13,5.0,-74.0,8.0,2025-04-04,AP-ETSE13,4.896358543417367,3.8739495798319328,57.6936981793835,,
AP-VH17,5.0,-64.0,8.0,2025-04-04,AP-VH17,31.928571428571427,16.214285714285715,69.24518995215995,16.0,11.821428571428571
AP-ENGQUIM06,2.4,-71.0,8.0,2025-04-04,AP-ENGQUIM06,0.0,3.0,52.54069115965508,,
AP-VH17,5.0,-67.0,8.0,2025-04-04,AP-VH17,31.928571428571427,16.214285714285715,69.24518995215995,16.0,11.821428571428571
AP-ENGQUIM06,5.0,-73.0,8.0,2025-04-04,AP-ENGQUIM06,0.0,3.0,52.54069115965508,,
AP-ETSE13,2.4,-62.0,8.0,2025-04-04,AP-ETSE13,4.896358543417367,3.8739495798319328,57.6936981793835,,
AP-ICTAICP23,2.4,-51.0,9.0,2025-04-02,AP-ICTAICP23,1.2379826635145783,1.574468085106383,58.781480927636665,,
AP-VH17,5.0,-73.0,8.0,2025-04-04,AP-VH17,31.928571428571427,16.214285714285715,69.24518995215995,16.0,11.821428571428571
AP-BIBHUM07,5.0,-78.0,9.0,2025-04-02,AP-BIBHUM07,5.492981007431874,3.124690338563171,58.66555468948837,,
AP-MED60,2.4,-57.0,9.0,2025-04-02,AP-MED60,4.520882584712372,4.104806934594168,57.76101369730806,,
AP-DRET02,5.0,-76.0,9.0,2025-04-02,AP-DRET02,13.303388494877856,12.479905437352246,76.66042954593891,16.016548463356973,2.178092986603625
AP-LLET13,5.0,-37.0,14.0,2025-04-02,AP-LLET13,3.541431261770245,5.552730696798493,67.02572631105147,15.448210922787194,2.8342749529190208
AP-VH17,5.0,-63.0,8.0,2025-04-04,AP-VH17,31.928571428571427,16.214285714285715,69.24518995215995,16.0,11.821428571428571
AP-VH17,5.0,-43.0,8.0,2025-04-04,AP-VH17,31.928571428571427,16.214285714285715,69.24518995215995,16.0,11.821428571428571
AP-CIEN115,5.0,-58.0,8.0,2025-04-04,AP-CIEN115,2.4166666666666665,11.666666666666666,-inf,16.0,1.5833333333333333
AP-VET34,5.0,-81.0,9.0,2025-04-02,AP-VET34,5.8132387706855795,3.8037825059101653,58.01565006575542,,
AP-VH17,5.0,-55.0,8.0,2025-04-04,AP-VH17,31.928571428571427,16.214285714285715,69.24518995215995,16.0,11.821428571428571
AP-CIEN45,5.0,-76.0,8.0,2025-04-04,AP-CIEN45,3.6,4.8,48.29257748678383,,
AP-VH17,5.0,-60.0,8.0,2025-04-04,AP-VH17,31.928571428571427,16.214285714285715,69.24518995215995,16.0,11.821428571428571
AP-CIEN14,5.0,-73.0,9.0,2025-04-02,AP-CIEN14,4.774625689519307,10.331757289204099,72.50991557409637,17.23798266351458,2.771473601260835
AP-CIEN115,5.0,-78.0,8.0,2025-04-04,AP-CIEN115,2.4166666666666665,11.666666666666666,-inf,16.0,1.5833333333333333
AP-IBB01,5.0,-69.0,9.0,2025-04-02,AP-IBB01,3.7825059101654848,5.732072498029945,67.75718184957891,15.771473601260835,2.0598896769109536
AP-VH17,5.0,-58.0,8.0,2025-04-04,AP-VH17,31.928571428571427,16.214285714285715,69.24518995215995,16.0,11.821428571428571
AP-VH17,5.0,-56.0,8.0,2025-04-04,AP-VH17,31.928571428571427,16.214285714285715,69.24518995215995,16.0,11.821428571428571
AP-VH17,5.0,-61.0,8.0,2025-04-04,AP-VH17,31.928571428571427,16.214285714285715,69.24518995215995,16.0,11.821428571428571
AP-VH17,5.0,-61.0,8.0,2025-04-04,AP-VH17,31.928571428571427,16.214285714285715,69.24518995215995,16.0,11.821428571428571
AP-ENGQUIM06,5.0,-77.0,6.0,2025-04-04,AP-ENGQUIM06,2.4,5.6,51.776759822478155,,
AP-CIEN62,5.0,-71.0,9.0,2025-04-02,AP-CIEN62,4.314420803782506,10.156028368794326,70.50163227925907,20.29787234042553,6.331757289204098
AP-CCOM18,5.0,-84.0,9.0,2025-04-02,AP-CCOM18,7.157545605306799,9.690713101160862,76.0005730486936,15.0,1.6326699834162521
AP-VH17,2.4,-49.0,8.0,2025-04-04,AP-VH17,31.928571428571427,16.214285714285715,69.24518995215995,16.0,11.821428571428571
AP-CIEN115,5.0,-84.0,8.0,2025-04-04,AP-CIEN115,2.4166666666666665,11.666666666666666,-inf,16.0,1.5833333333333333
AP-CIEN115,5.0,-59.0,8.0,2025-04-04,AP-CIEN115,2.4166666666666665,11.666666666666666,-inf,16.0,1.5833333333333333
AP-MRB05,5.0,-64.0,9.0,2025-04-02,AP-MRB05,6.804570527974783,5.792750197005516,66.30574631461609,20.62647754137116,2.479905437352246
AP-CIEN45,2.4,-48.0,8.0,2025-04-04,AP-CIEN45,3.6,4.8,48.29257748678383,,
AP-MRB06,2.4,-75.0,9.0,2025-04-02,AP-MRB06,1.9330181245074862,5.077226162332545,65.61186831566789,18.0,1.4688731284475964
AP-VH17,5.0,-64.0,8.0,2025-04-04,AP-VH17,31.928571428571427,16.214285714285715,69.24518995215995,16.0,11.821428571428571
AP-POL10,5.0,-58.0,9.0,2025-04-02,AP-POL10,3.3325453112687153,3.925925925925926,58.613893051042744,,
AP-VH17,2.4,-68.0,8.0,2025-04-04,AP-VH17,31.928571428571427,16.214285714285715,69.24518995215995,16.0,11.821428571428571
AP-CIEN45,2.4,-70.0,1.0,2025-04-04,AP-CIEN45,2.4444444444444446,3.2222222222222223,52.20395410218983,,
AP-VET77,2.4,-53.0,9.0,2025-04-02,AP-VET77,1.2293144208037825,2.0315208825847124,61.33445800668813,,
AP-REC09,2.4,-67.0,9.0,2025-04-02,AP-REC09,6.240346729708432,2.4814814814814814,57.954879676040456,,
AP-LLET49,5.0,-76.0,15.0,2025-04-02,AP-LLET49,2.5350669818754925,4.969267139479905,66.25891972657651,15.049645390070921,1.5122143420015761
AP-CCOM12,5.0,-72.0,9.0,2025-04-02,AP-CCOM12,3.239558707643814,3.289204097714736,57.180275090159846,,
AP-CIEN45,2.4,-66.0,8.0,2025-04-04,AP-CIEN45,3.6,4.8,48.29257748678383,,
AP-ENGQUIM06,2.4,-84.0,8.0,2025-04-04,AP-ENGQUIM06,0.0,3.0,52.54069115965508,,
AP-VH17,5.0,-68.0,8.0,2025-04-04,AP-VH17,31.928571428571427,16.214285714285715,69.24518995215995,16.0,11.821428571428571
AP-CIEN45,5.0,-50.0,3.0,2025-04-04,AP-CIEN45,1.0,3.6666666666666665,48.09956587694233,,
AP-VET76,5.0,-49.0,9.0,2025-04-02,AP-VET76,2.5041322314049586,1.2861570247933884,56.82525168260928,,
AP-MED59,5.0,-61.0,9.0,2025-04-02,AP-MED59,3.896719319562576,5.667071688942892,65.86008671840895,18.0,1.9501822600243013
AP-CIEN119,5.0,-45.0,14.0,2025-04-02,AP-CIEN119,7.693459416863672,8.044917257683215,67.85606166434653,15.018912529550827,3.9275019700551614
AP-ENGQUIM06,2.4,-64.0,8.0,2025-04-04,AP-ENGQUIM06,0.0,3.0,52.54069115965508,,
AP-DRET02,5.0,-84.0,9.0,2025-04-02,AP-DRET02,13.303388494877856,12.479905437352246,76.66042954593891,16.016548463356973,2.178092986603625
AP-ETSE13,5.0,-65.0,8.0,2025-04-04,AP-ETSE13,4.896358543417367,3.8739495798319328,57.6936981793835,,
AP-VH17,5.0,-82.0,8.0,2025-04-04,AP-VH17,31.928571428571427,16.214285714285715,69.24518995215995,16.0,11.821428571428571
AP-MED43,5.0,-52.0,9.0,2025-04-02,AP-MED43,3.045705279747833,21.04728132387707,56.718529154745205,,
AP-VH17,5.0,-45.0,8.0,2025-04-04,AP-VH17,31.928571428571427,16.214285714285715,69.24518995215995,16.0,11.821428571428571
AP-ETSE13,5.0,-68.0,8.0,2025-04-04,AP-ETSE13,4.896358543417367,3.8739495798319328,57.6936981793835,,
AP-MED59,5.0,-67.0,9.0,2025-04-02,AP-MED59,3.896719319562576,5.667071688942892,65.86008671840895,18.0,1.9501822600243013
AP-MED43,5.0,-59.0,9.0,2025-04-02,AP-MED43,3.045705279747833,21.04728132387707,56.718529154745205,,
AP-ENGQUIM06,5.0,-67.0,7.0,2025-04-04,AP-ENGQUIM06,5.944444444444445,3.5555555555555554,51.43070264066384,,
AP-MED12,5.0,-52.0,9.0,2025-04-02,AP-MED12,2.8772782503037666,3.138517618469016,60.420496856304815,,
AP-MED48,5.0,-85.0,9.0,2025-04-02,AP-MED48,2.625,6.798611111111111,72.03447558663751,15.0,1.5416666666666667
AP-ETSE13,5.0,-81.0,8.0,2025-04-04,AP-ETSE13,4.896358543417367,3.8739495798319328,57.6936981793835,,
AP-VH17,5.0,-64.0,8.0,2025-04-04,AP-VH17,31.928571428571427,16.214285714285715,69.24518995215995,16.0,11.821428571428571
AP-VH17,5.0,-67.0,8.0,2025-04-04,AP-VH17,31.928571428571427,16.214285714285715,69.24518995215995,16.0,11.821428571428571
AP-ENGQUIM06,2.4,-68.0,8.0,2025-04-04,AP-ENGQUIM06,0.0,3.0,52.54069115965508,,
AP-VH17,5.0,-66.0,8.0,2025-04-04,AP-VH17,31.928571428571427,16.214285714285715,69.24518995215995,16.0,11.821428571428571
AP-VH17,5.0,-70.0,8.0,2025-04-04,AP-VH17,31.928571428571427,16.214285714285715,69.24518995215995,16.0,11.821428571428571
AP-VH17,5.0,-55.0,8.0,2025-04-04,AP-VH17,31.928571428571427,16.214285714285715,69.24518995215995,16.0,11.821428571428571
AP-CIEN115,2.4,-72.0,8.0,2025-04-04,AP-CIEN115,2.4166666666666665,11.666666666666666,-inf,16.0,1.5833333333333333
AP-ETSE13,5.0,-66.0,8.0,2025-04-04,AP-ETSE13,4.896358543417367,3.8739495798319328,57.6936981793835,,
AP-ICTAICP23,2.4,-50.0,9.0,2025-04-02,AP-ICTAICP23,1.2379826635145783,1.574468085106383,58.781480927636665,,
AP-VH17,5.0,-57.0,8.0,2025-04-04,AP-VH17,31.928571428571427,16.214285714285715,69.24518995215995,16.0,11.821428571428571
AP-ENGQUIM06,2.4,-64.0,8.0,2025-04-04,AP-ENGQUIM06,0.0,3.0,52.54069115965508,,
AP-BIBHUM07,5.0,-77.0,9.0,2025-04-02,AP-BIBHUM07,5.492981007431874,3.124690338563171,58.66555468948837,,
AP-MED60,2.4,-60.0,9.0,2025-04-02,AP-MED60,4.520882584712372,4.104806934594168,57.76101369730806,,
AP-DRET02,5.0,-76.0,9.0,2025-04-02,AP-DRET02,13.303388494877856,12.479905437352246,76.66042954593891,16.016548463356973,2.178092986603625
AP-LLET13,5.0,-37.0,14.0,2025-04-02,AP-LLET13,3.541431261770245,5.552730696798493,67.02572631105147,15.448210922787194,2.8342749529190208
AP-ENGQUIM06,5.0,-73.0,8.0,2025-04-04,AP-ENGQUIM06,0.0,3.0,52.54069115965508,,
AP-VH17,5.0,-62.0,8.0,2025-04-04,AP-VH17,31.928571428571427,16.214285714285715,69.24518995215995,16.0,11.821428571428571
AP-VH17,5.0,-45.0,8.0,2025-04-04,AP-VH17,31.928571428571427,16.214285714285715,69.24518995215995,16.0,11.821428571428571
AP-VH17,5.0,-42.0,8.0,2025-04-04,AP-VH17,31.928571428571427,16.214285714285715,69.24518995215995,16.0,11.821428571428571
AP-ETSE13,2.4,-73.0,8.0,2025-04-04,AP-ETSE13,4.896358543417367,3.8739495798319328,57.6936981793835,,
AP-CIEN115,5.0,-56.0,8.0,2025-04-04,AP-CIEN115,2.4166666666666665,11.666666666666666,-inf,16.0,1.5833333333333333
AP-VET34,5.0,-80.0,9.0,2025-04-02,AP-VET34,5.8132387706855795,3.8037825059101653,58.01565006575542,,
AP-VH17,5.0,-54.0,8.0,2025-04-04,AP-VH17,31.928571428571427,16.214285714285715,69.24518995215995,16.0,11.821428571428571
AP-VH17,5.0,-57.0,8.0,2025-04-04,AP-VH17,31.928571428571427,16.214285714285715,69.24518995215995,16.0,11.821428571428571
AP-CIEN14,5.0,-73.0,9.0,2025-04-02,AP-CIEN14,4.774625689519307,10.331757289204099,72.50991557409637,17.23798266351458,2.771473601260835
AP-CIEN115,2.4,-72.0,8.0,2025-04-04,AP-CIEN115,2.4166666666666665,11.666666666666666,-inf,16.0,1.5833333333333333
AP-IBB01,2.4,-69.0,9.0,2025-04-02,AP-IBB01,3.7825059101654848,5.732072498029945,67.75718184957891,15.771473601260835,2.0598896769109536
AP-VH17,5.0,-57.0,8.0,2025-04-04,AP-VH17,31.928571428571427,16.214285714285715,69.24518995215995,16.0,11.821428571428571
AP-VH17,5.0,-50.0,8.0,2025-04-04,AP-VH17,31.928571428571427,16.214285714285715,69.24518995215995,16.0,11.821428571428571
AP-VH17,5.0,-58.0,8.0,2025-04-04,AP-VH17,31.928571428571427,16.214285714285715,69.24518995215995,16.0,11.821428571428571
AP-VH17,5.0,-61.0,8.0,2025-04-04,AP-VH17,31.928571428571427,16.214285714285715,69.24518995215995,16.0,11.821428571428571
AP-VH17,5.0,-56.0,8.0,2025-04-04,AP-VH17,31.928571428571427,16.214285714285715,69.24518995215995,16.0,11.821428571428571
AP-ENGQUIM06,5.0,-67.0,6.0,2025-04-04,AP-ENGQUIM06,2.4,5.6,51.776759822478155,,
AP-CIEN62,5.0,-71.0,9.0,2025-04-02,AP-CIEN62,4.314420803782506,10.156028368794326,70.50163227925907,20.29787234042553,6.331757289204098
AP-CCOM18,5.0,-84.0,9.0,2025-04-02,AP-CCOM18,7.157545605306799,9.690713101160862,76.0005730486936,15.0,1.6326699834162521
AP-VH17,2.4,-45.0,8.0,2025-04-04,AP-VH17,31.928571428571427,16.214285714285715,69.24518995215995,16.0,11.821428571428571
AP-VH17,5.0,-72.0,8.0,2025-04-04,AP-VH17,31.928571428571427,16.214285714285715,69.24518995215995,16.0,11.821428571428571
AP-ETSE13,2.4,-67.0,8.0,2025-04-04,AP-ETSE13,4.896358543417367,3.8739495798319328,57.6936981793835,,
AP-CIEN115,5.0,-63.0,8.0,2025-04-04,AP-CIEN115,2.4166666666666665,11.666666666666666,-inf,16.0,1.5833333333333333
AP-ENGQUIM06,5.0,-58.0,8.0,2025-04-04,AP-ENGQUIM06,0.0,3.0,52.54069115965508,,
AP-MRB05,5.0,-64.0,9.0,2025-04-02,AP-MRB05,6.804570527974783,5.792750197005516,66.30574631461609,20.62647754137116,2.479905437352246
AP-CIEN45,5.0,-85.0,8.0,2025-04-04,AP-CIEN45,3.6,4.8,48.29257748678383,,
AP-MRB06,2.4,-74.0,9.0,2025-04-02,AP-MRB06,1.9330181245074862,5.077226162332545,65.61186831566789,18.0,1.4688731284475964
AP-VH17,5.0,-67.0,8.0,2025-04-04,AP-VH17,31.928571428571427,16.214285714285715,69.24518995215995,16.0,11.821428571428571
AP-CIEN115,5.0,-62.0,8.0,2025-04-04,AP-CIEN115,2.4166666666666665,11.666666666666666,-inf,16.0,1.5833333333333333
AP-VH17,5.0,-52.0,8.0,2025-04-04,AP-VH17,31.928571428571427,16.214285714285715,69.24518995215995,16.0,11.821428571428571
AP-POL10,5.0,-58.0,9.0,2025-04-02,AP-POL10,3.3325453112687153,3.925925925925926,58.613893051042744,,
AP-VH17,2.4,-59.0,8.0,2025-04-04,AP-VH17,31.928571428571427,16.214285714285715,69.24518995215995,16.0,11.821428571428571
AP-VH17,5.0,-49.0,8.0,2025-04-04,AP-VH17,31.928571428571427,16.214285714285715,69.24518995215995,16.0,11.821428571428571
AP-VET77,2.4,-53.0,9.0,2025-04-02,AP-VET77,1.2293144208037825,2.0315208825847124,61.33445800668813,,
AP-REC09,2.4,-68.0,9.0,2025-04-02,AP-REC09,6.240346729708432,2.4814814814814814,57.954879676040456,,
AP-LLET49,5.0,-76.0,15.0,2025-04-02,AP-LLET49,2.5350669818754925,4.969267139479905,66.25891972657651,15.049645390070921,1.5122143420015761
AP-CCOM12,5.0,-72.0,9.0,2025-04-02,AP-CCOM12,3.239558707643814,3.289204097714736,57.180275090159846,,
AP-REC05,2.4,-50.0,8.0,2025-04-04,AP-REC05,2.9850467289719624,2.201869158878505,48.204599708724025,16.570093457943926,2.2738317757009345
AP-VH17,5.0,-65.0,8.0,2025-04-04,AP-VH17,31.928571428571427,16.214285714285715,69.24518995215995,16.0,11.821428571428571
AP-VET76,5.0,-49.0,9.0,2025-04-02,AP-VET76,2.5041322314049586,1.2861570247933884,56.82525168260928,,
AP-MED59,5.0,-61.0,9.0,2025-04-02,AP-MED59,3.896719319562576,5.667071688942892,65.86008671840895,18.0,1.9501822600243013
AP-CIEN119,5.0,-44.0,14.0,2025-04-02,AP-CIEN119,7.693459416863672,8.044917257683215,67.85606166434653,15.018912529550827,3.9275019700551614
AP-ENGQUIM06,5.0,-60.0,8.0,2025-04-04,AP-ENGQUIM06,0.0,3.0,52.54069115965508,,
AP-DRET02,5.0,-84.0,9.0,2025-04-02,AP-DRET02,13.303388494877856,12.479905437352246,76.66042954593891,16.016548463356973,2.178092986603625
AP-ETSE13,5.0,-68.0,8.0,2025-04-04,AP-ETSE13,4.896358543417367,3.8739495798319328,57.6936981793835,,
AP-VH17,5.0,-53.0,8.0,2025-04-04,AP-VH17,31.928571428571427,16.214285714285715,69.24518995215995,16.0,11.821428571428571
AP-MED43,5.0,-52.0,9.0,2025-04-02,AP-MED43,3.045705279747833,21.04728132387707,56.718529154745205,,
AP-VH17,5.0,-54.0,8.0,2025-04-04,AP-VH17,31.928571428571427,16.214285714285715,69.24518995215995,16.0,11.821428571428571
AP-VH17,5.0,-55.0,8.0,2025-04-04,AP-VH17,31.928571428571427,16.214285714285715,69.24518995215995,16.0,11.821428571428571
AP-ETSE13,2.4,-70.0,8.0,2025-04-04,AP-ETSE13,4.896358543417367,3.8739495798319328,57.6936981793835,,
AP-MED59,5.0,-67.0,9.0,2025-04-02,AP-MED59,3.896719319562576,5.667071688942892,65.86008671840895,18.0,1.9501822600243013
AP-ENGQUIM06,2.4,-57.0,8.0,2025-04-04,AP-ENGQUIM06,0.0,3.0,52.54069115965508,,
AP-MED43,5.0,-59.0,9.0,2025-04-02,AP-MED43,3.045705279747833,21.04728132387707,56.718529154745205,,
AP-ENGQUIM06,5.0,-71.0,7.0,2025-04-04,AP-ENGQUIM06,5.944444444444445,3.5555555555555554,51.43070264066384,,
AP-ENGQUIM06,2.4,-69.0,8.0,2025-04-04,AP-ENGQUIM06,0.0,3.0,52.54069115965508,,
AP-MED12,5.0,-53.0,9.0,2025-04-02,AP-MED12,2.8772782503037666,3.138517618469016,60.420496856304815,,
AP-REC05,2.4,-75.0,8.0,2025-04-04,AP-REC05,2.9850467289719624,2.201869158878505,48.204599708724025,16.570093457943926,2.2738317757009345
AP-MED48,5.0,-85.0,9.0,2025-04-02,AP-MED48,2.625,6.798611111111111,72.03447558663751,15.0,1.5416666666666667
AP-REC05,5.0,-69.0,8.0,2025-04-04,AP-REC05,2.9850467289719624,2.201869158878505,48.204599708724025,16.570093457943926,2.2738317757009345
AP-VH17,2.4,-49.0,8.0,2025-04-04,AP-VH17,31.928571428571427,16.214285714285715,69.24518995215995,16.0,11.821428571428571
AP-VH17,5.0,-65.0,8.0,2025-04-04,AP-VH17,31.928571428571427,16.214285714285715,69.24518995215995,16.0,11.821428571428571
AP-VH17,5.0,-66.0,8.0,2025-04-04,AP-VH17,31.928571428571427,16.214285714285715,69.24518995215995,16.0,11.821428571428571
AP-VH17,5.0,-57.0,8.0,2025-04-04,AP-VH17,31.928571428571427,16.214285714285715,69.24518995215995,16.0,11.821428571428571
AP-CIEN45,2.4,-72.0,8.0,2025-04-04,AP-CIEN45,3.6,4.8,48.29257748678383,,
AP-VH17,5.0,-67.0,8.0,2025-04-04,AP-VH17,31.928571428571427,16.214285714285715,69.24518995215995,16.0,11.821428571428571
AP-VH17,5.0,-64.0,8.0,2025-04-04,AP-VH17,31.928571428571427,16.214285714285715,69.24518995215995,16.0,11.821428571428571
AP-VH17,5.0,-55.0,8.0,2025-04-04,AP-VH17,31.928571428571427,16.214285714285715,69.24518995215995,16.0,11.821428571428571
AP-ETSE13,5.0,-70.0,8.0,2025-04-04,AP-ETSE13,4.896358543417367,3.8739495798319328,57.6936981793835,,
AP-ICTAICP23,2.4,-51.0,9.0,2025-04-02,AP-ICTAICP23,1.2379826635145783,1.574468085106383,58.781480927636665,,
AP-VH17,5.0,-57.0,8.0,2025-04-04,AP-VH17,31.928571428571427,16.214285714285715,69.24518995215995,16.0,11.821428571428571
AP-BIBHUM07,5.0,-77.0,9.0,2025-04-02,AP-BIBHUM07,5.492981007431874,3.124690338563171,58.66555468948837,,
AP-MED60,2.4,-59.0,9.0,2025-04-02,AP-MED60,4.520882584712372,4.104806934594168,57.76101369730806,,
AP-DRET02,5.0,-76.0,9.0,2025-04-02,AP-DRET02,13.303388494877856,12.479905437352246,76.66042954593891,16.016548463356973,2.178092986603625
AP-ETSE13,2.4,-74.0,8.0,2025-04-04,AP-ETSE13,4.896358543417367,3.8739495798319328,57.6936981793835,,
AP-LLET13,5.0,-37.0,14.0,2025-04-02,AP-LLET13,3.541431261770245,5.552730696798493,67.02572631105147,15.448210922787194,2.8342749529190208
AP-VH17,5.0,-61.0,8.0,2025-04-04,AP-VH17,31.928571428571427,16.214285714285715,69.24518995215995,16.0,11.821428571428571
AP-VH17,5.0,-44.0,8.0,2025-04-04,AP-VH17,31.928571428571427,16.214285714285715,69.24518995215995,16.0,11.821428571428571
AP-VH17,5.0,-38.0,8.0,2025-04-04,AP-VH17,31.928571428571427,16.214285714285715,69.24518995215995,16.0,11.821428571428571
AP-VET34,5.0,-80.0,9.0,2025-04-02,AP-VET34,5.8132387706855795,3.8037825059101653,58.01565006575542,,
AP-VH17,5.0,-58.0,8.0,2025-04-04,AP-VH17,31.928571428571427,16.214285714285715,69.24518995215995,16.0,11.821428571428571
AP-VH17,5.0,-57.0,8.0,2025-04-04,AP-VH17,31.928571428571427,16.214285714285715,69.24518995215995,16.0,11.821428571428571
AP-CIEN14,5.0,-73.0,9.0,2025-04-02,AP-CIEN14,4.774625689519307,10.331757289204099,72.50991557409637,17.23798266351458,2.771473601260835
AP-IBB01,2.4,-69.0,9.0,2025-04-02,AP-IBB01,3.7825059101654848,5.732072498029945,67.75718184957891,15.771473601260835,2.0598896769109536
AP-VH17,5.0,-60.0,8.0,2025-04-04,AP-VH17,31.928571428571427,16.214285714285715,69.24518995215995,16.0,11.821428571428571
AP-VH17,5.0,-61.0,8.0,2025-04-04,AP-VH17,31.928571428571427,16.214285714285715,69.24518995215995,16.0,11.821428571428571
AP-VH17,5.0,-50.0,8.0,2025-04-04,AP-VH17,31.928571428571427,16.214285714285715,69.24518995215995,16.0,11.821428571428571
AP-CIEN62,5.0,-71.0,9.0,2025-04-02,AP-CIEN62,4.314420803782506,10.156028368794326,70.50163227925907,20.29787234042553,6.331757289204098
AP-CCOM18,5.0,-84.0,9.0,2025-04-02,AP-CCOM18,7.157545605306799,9.690713101160862,76.0005730486936,15.0,1.6326699834162521
AP-CIEN45,2.4,-79.0,8.0,2025-04-04,AP-CIEN45,3.6,4.8,48.29257748678383,,
AP-VH17,2.4,-47.0,8.0,2025-04-04,AP-VH17,31.928571428571427,16.214285714285715,69.24518995215995,16.0,11.821428571428571
AP-VH17,5.0,-58.0,8.0,2025-04-04,AP-VH17,31.928571428571427,16.214285714285715,69.24518995215995,16.0,11.821428571428571
AP-ETSE13,2.4,-66.0,8.0,2025-04-04,AP-ETSE13,4.896358543417367,3.8739495798319328,57.6936981793835,,
AP-REC05,2.4,-62.0,8.0,2025-04-04,AP-REC05,2.9850467289719624,2.201869158878505,48.204599708724025,16.570093457943926,2.2738317757009345
AP-MRB05,5.0,-64.0,9.0,2025-04-02,AP-MRB05,6.804570527974783,5.792750197005516,66.30574631461609,20.62647754137116,2.479905437352246
AP-ETSE13,5.0,-56.0,8.0,2025-04-04,AP-ETSE13,4.896358543417367,3.8739495798319328,57.6936981793835,,
AP-MRB06,2.4,-73.0,9.0,2025-04-02,AP-MRB06,1.9330181245074862,5.077226162332545,65.61186831566789,18.0,1.4688731284475964
AP-VH17,5.0,-68.0,8.0,2025-04-04,AP-VH17,31.928571428571427,16.214285714285715,69.24518995215995,16.0,11.821428571428571
AP-VH17,5.0,-51.0,8.0,2025-04-04,AP-VH17,31.928571428571427,16.214285714285715,69.24518995215995,16.0,11.821428571428571
AP-POL10,5.0,-58.0,9.0,2025-04-02,AP-POL10,3.3325453112687153,3.925925925925926,58.613893051042744,,
AP-VH17,2.4,-67.0,8.0,2025-04-04,AP-VH17,31.928571428571427,16.214285714285715,69.24518995215995,16.0,11.821428571428571
AP-VH17,5.0,-59.0,8.0,2025-04-04,AP-VH17,31.928571428571427,16.214285714285715,69.24518995215995,16.0,11.821428571428571
AP-VH17,5.0,-50.0,8.0,2025-04-04,AP-VH17,31.928571428571427,16.214285714285715,69.24518995215995,16.0,11.821428571428571
AP-VH17,5.0,-41.0,8.0,2025-04-04,AP-VH17,31.928571428571427,16.214285714285715,69.24518995215995,16.0,11.821428571428571
AP-VET77,2.4,-54.0,9.0,2025-04-02,AP-VET77,1.2293144208037825,2.0315208825847124,61.33445800668813,,
AP-REC09,2.4,-66.0,9.0,2025-04-02,AP-REC09,6.240346729708432,2.4814814814814814,57.954879676040456,,
AP-LLET49,5.0,-76.0,15.0,2025-04-02,AP-LLET49,2.5350669818754925,4.969267139479905,66.25891972657651,15.049645390070921,1.5122143420015761
AP-CCOM12,5.0,-72.0,9.0,2025-04-02,AP-CCOM12,3.239558707643814,3.289204097714736,57.180275090159846,,
AP-REC05,2.4,-50.0,8.0,2025-04-04,AP-REC05,2.9850467289719624,2.201869158878505,48.204599708724025,16.570093457943926,2.2738317757009345
AP-VH17,5.0,-67.0,8.0,2025-04-04,AP-VH17,31.928571428571427,16.214285714285715,69.24518995215995,16.0,11.821428571428571
AP-VET76,2.4,-40.0,9.0,2025-04-02,AP-VET76,2.5041322314049586,1.2861570247933884,56.82525168260928,,
AP-MED59,5.0,-62.0,9.0,2025-04-02,AP-MED59,3.896719319562576,5.667071688942892,65.86008671840895,18.0,1.9501822600243013
AP-CIEN119,5.0,-45.0,14.0,2025-04-02,AP-CIEN119,7.693459416863672,8.044917257683215,67.85606166434653,15.018912529550827,3.9275019700551614
AP-ETSE13,5.0,-70.0,8.0,2025-04-04,AP-ETSE13,4.896358543417367,3.8739495798319328,57.6936981793835,,
AP-DRET02,5.0,-84.0,9.0,2025-04-02,AP-DRET02,13.303388494877856,12.479905437352246,76.66042954593891,16.016548463356973,2.178092986603625
AP-VH17,5.0,-56.0,8.0,2025-04-04,AP-VH17,31.928571428571427,16.214285714285715,69.24518995215995,16.0,11.821428571428571
AP-MED43,5.0,-52.0,9.0,2025-04-02,AP-MED43,3.045705279747833,21.04728132387707,56.718529154745205,,
AP-VH17,5.0,-47.0,8.0,2025-04-04,AP-VH17,31.928571428571427,16.214285714285715,69.24518995215995,16.0,11.821428571428571
AP-MED59,5.0,-67.0,9.0,2025-04-02,AP-MED59,3.896719319562576,5.667071688942892,65.86008671840895,18.0,1.9501822600243013
AP-MED43,5.0,-45.0,9.0,2025-04-02,AP-MED43,3.045705279747833,21.04728132387707,56.718529154745205,,
AP-MED12,5.0,-51.0,9.0,2025-04-02,AP-MED12,2.8772782503037666,3.138517618469016,60.420496856304815,,
AP-REC05,5.0,-64.0,8.0,2025-04-04,AP-REC05,2.9850467289719624,2.201869158878505,48.204599708724025,16.570093457943926,2.2738317757009345
AP-MED48,5.0,-85.0,9.0,2025-04-02,AP-MED48,2.625,6.798611111111111,72.03447558663751,15.0,1.5416666666666667
AP-REC05,2.4,-62.0,8.0,2025-04-04,AP-REC05,2.9850467289719624,2.201869158878505,48.204599708724025,16.570093457943926,2.2738317757009345
AP-VH17,5.0,-64.0,8.0,2025-04-04,AP-VH17,31.928571428571427,16.214285714285715,69.24518995215995,16.0,11.821428571428571
AP-VH17,5.0,-66.0,8.0,2025-04-04,AP-VH17,31.928571428571427,16.214285714285715,69.24518995215995,16.0,11.821428571428571
AP-ETSE13,5.0,-69.0,8.0,2025-04-04,AP-ETSE13,4.896358543417367,3.8739495798319328,57.6936981793835,,
AP-CIEN45,2.4,-71.0,8.0,2025-04-04,AP-CIEN45,3.6,4.8,48.29257748678383,,
AP-VH17,5.0,-66.0,8.0,2025-04-04,AP-VH17,31.928571428571427,16.214285714285715,69.24518995215995,16.0,11.821428571428571
AP-VH17,5.0,-68.0,8.0,2025-04-04,AP-VH17,31.928571428571427,16.214285714285715,69.24518995215995,16.0,11.821428571428571
AP-VH17,5.0,-57.0,8.0,2025-04-04,AP-VH17,31.928571428571427,16.214285714285715,69.24518995215995,16.0,11.821428571428571
AP-ETSE13,5.0,-70.0,8.0,2025-04-04,AP-ETSE13,4.896358543417367,3.8739495798319328,57.6936981793835,,
AP-ICTAICP23,2.4,-51.0,9.0,2025-04-02,AP-ICTAICP23,1.2379826635145783,1.574468085106383,58.781480927636665,,
AP-BIBHUM07,5.0,-79.0,9.0,2025-04-02,AP-BIBHUM07,5.492981007431874,3.124690338563171,58.66555468948837,,
AP-MED60,2.4,-57.0,9.0,2025-04-02,AP-MED60,4.520882584712372,4.104806934594168,57.76101369730806,,
AP-DRET02,5.0,-76.0,9.0,2025-04-02,AP-DRET02,13.303388494877856,12.479905437352246,76.66042954593891,16.016548463356973,2.178092986603625
AP-ETSE13,5.0,-73.0,8.0,2025-04-04,AP-ETSE13,4.896358543417367,3.8739495798319328,57.6936981793835,,
AP-LLET13,5.0,-36.0,14.0,2025-04-02,AP-LLET13,3.541431261770245,5.552730696798493,67.02572631105147,15.448210922787194,2.8342749529190208
AP-VH17,5.0,-63.0,8.0,2025-04-04,AP-VH17,31.928571428571427,16.214285714285715,69.24518995215995,16.0,11.821428571428571
AP-VH17,5.0,-42.0,8.0,2025-04-04,AP-VH17,31.928571428571427,16.214285714285715,69.24518995215995,16.0,11.821428571428571
AP-VH17,5.0,-38.0,8.0,2025-04-04,AP-VH17,31.928571428571427,16.214285714285715,69.24518995215995,16.0,11.821428571428571
AP-CIEN115,5.0,-74.0,8.0,2025-04-04,AP-CIEN115,2.4166666666666665,11.666666666666666,-inf,16.0,1.5833333333333333
AP-VET34,5.0,-81.0,9.0,2025-04-02,AP-VET34,5.8132387706855795,3.8037825059101653,58.01565006575542,,
AP-VH17,5.0,-53.0,8.0,2025-04-04,AP-VH17,31.928571428571427,16.214285714285715,69.24518995215995,16.0,11.821428571428571
AP-CIEN45,5.0,-73.0,8.0,2025-04-04,AP-CIEN45,3.6,4.8,48.29257748678383,,
AP-CIEN14,5.0,-73.0,9.0,2025-04-02,AP-CIEN14,4.774625689519307,10.331757289204099,72.50991557409637,17.23798266351458,2.771473601260835
AP-VH17,5.0,-60.0,8.0,2025-04-04,AP-VH17,31.928571428571427,16.214285714285715,69.24518995215995,16.0,11.821428571428571
AP-IBB01,2.4,-69.0,9.0,2025-04-02,AP-IBB01,3.7825059101654848,5.732072498029945,67.75718184957891,15.771473601260835,2.0598896769109536
AP-VH17,5.0,-51.0,8.0,2025-04-04,AP-VH17,31.928571428571427,16.214285714285715,69.24518995215995,16.0,11.821428571428571
AP-ENGQUIM06,5.0,-73.0,9.0,2025-04-04,AP-ENGQUIM06,3.3076923076923075,5.384615384615385,48.52874818156932,,
AP-VH17,5.0,-62.0,8.0,2025-04-04,AP-VH17,31.928571428571427,16.214285714285715,69.24518995215995,16.0,11.821428571428571
AP-VH17,5.0,-63.0,8.0,2025-04-04,AP-VH17,31.928571428571427,16.214285714285715,69.24518995215995,16.0,11.821428571428571
AP-VH17,5.0,-49.0,8.0,2025-04-04,AP-VH17,31.928571428571427,16.214285714285715,69.24518995215995,16.0,11.821428571428571
AP-ENGQUIM06,2.4,-85.0,6.0,2025-04-04,AP-ENGQUIM06,2.4,5.6,51.776759822478155,,
AP-CIEN62,5.0,-71.0,9.0,2025-04-02,AP-CIEN62,4.314420803782506,10.156028368794326,70.50163227925907,20.29787234042553,6.331757289204098
AP-CCOM18,5.0,-84.0,9.0,2025-04-02,AP-CCOM18,7.157545605306799,9.690713101160862,76.0005730486936,15.0,1.6326699834162521
AP-VH17,2.4,-50.0,8.0,2025-04-04,AP-VH17,31.928571428571427,16.214285714285715,69.24518995215995,16.0,11.821428571428571
AP-VH17,5.0,-59.0,8.0,2025-04-04,AP-VH17,31.928571428571427,16.214285714285715,69.24518995215995,16.0,11.821428571428571
AP-ETSE13,2.4,-66.0,8.0,2025-04-04,AP-ETSE13,4.896358543417367,3.8739495798319328,57.6936981793835,,
AP-MRB05,5.0,-65.0,9.0,2025-04-02,AP-MRB05,6.804570527974783,5.792750197005516,66.30574631461609,20.62647754137116,2.479905437352246
AP-ETSE13,5.0,-56.0,8.0,2025-04-04,AP-ETSE13,4.896358543417367,3.8739495798319328,57.6936981793835,,
AP-CIEN45,5.0,-53.0,9.0,2025-04-04,AP-CIEN45,4.461538461538462,5.153846153846154,49.94621192003893,,
AP-MRB06,2.4,-74.0,9.0,2025-04-02,AP-MRB06,1.9330181245074862,5.077226162332545,65.61186831566789,18.0,1.4688731284475964
AP-TAULI13,5.0,-54.0,9.0,2025-04-04,AP-TAULI13,2.3061754021795537,2.9719771665801766,57.05310200153646,,
AP-VH17,5.0,-65.0,8.0,2025-04-04,AP-VH17,31.928571428571427,16.214285714285715,69.24518995215995,16.0,11.821428571428571
AP-VH17,5.0,-50.0,8.0,2025-04-04,AP-VH17,31.928571428571427,16.214285714285715,69.24518995215995,16.0,11.821428571428571
AP-POL10,5.0,-59.0,9.0,2025-04-02,AP-POL10,3.3325453112687153,3.925925925925926,58.613893051042744,,
AP-VH17,5.0,-58.0,8.0,2025-04-04,AP-VH17,31.928571428571427,16.214285714285715,69.24518995215995,16.0,11.821428571428571
AP-REC05,5.0,-77.0,8.0,2025-04-04,AP-REC05,2.9850467289719624,2.201869158878505,48.204599708724025,16.570093457943926,2.2738317757009345
AP-VH17,5.0,-48.0,8.0,2025-04-04,AP-VH17,31.928571428571427,16.214285714285715,69.24518995215995,16.0,11.821428571428571
AP-VH17,5.0,-42.0,8.0,2025-04-04,AP-VH17,31.928571428571427,16.214285714285715,69.24518995215995,16.0,11.821428571428571
AP-VET77,2.4,-53.0,9.0,2025-04-02,AP-VET77,1.2293144208037825,2.0315208825847124,61.33445800668813,,
AP-REC09,2.4,-66.0,9.0,2025-04-02,AP-REC09,6.240346729708432,2.4814814814814814,57.954879676040456,,
AP-LLET49,5.0,-77.0,15.0,2025-04-02,AP-LLET49,2.5350669818754925,4.969267139479905,66.25891972657651,15.049645390070921,1.5122143420015761
AP-CCOM12,5.0,-71.0,9.0,2025-04-02,AP-CCOM12,3.239558707643814,3.289204097714736,57.180275090159846,,
AP-REC05,2.4,-51.0,8.0,2025-04-04,AP-REC05,2.9850467289719624,2.201869158878505,48.204599708724025,16.570093457943926,2.2738317757009345
AP-CIEN45,5.0,-89.0,3.0,2025-04-04,AP-CIEN45,1.0,3.6666666666666665,48.09956587694233,,
AP-VET76,2.4,-40.0,9.0,2025-04-02,AP-VET76,2.5041322314049586,1.2861570247933884,56.82525168260928,,
AP-MED59,5.0,-61.0,9.0,2025-04-02,AP-MED59,3.896719319562576,5.667071688942892,65.86008671840895,18.0,1.9501822600243013
AP-CIEN119,5.0,-45.0,14.0,2025-04-02,AP-CIEN119,7.693459416863672,8.044917257683215,67.85606166434653,15.018912529550827,3.9275019700551614
AP-DRET02,5.0,-84.0,9.0,2025-04-02,AP-DRET02,13.303388494877856,12.479905437352246,76.66042954593891,16.016548463356973,2.178092986603625
AP-VH17,5.0,-52.0,8.0,2025-04-04,AP-VH17,31.928571428571427,16.214285714285715,69.24518995215995,16.0,11.821428571428571
AP-MED43,5.0,-53.0,9.0,2025-04-02,AP-MED43,3.045705279747833,21.04728132387707,56.718529154745205,,
AP-VH17,5.0,-53.0,8.0,2025-04-04,AP-VH17,31.928571428571427,16.214285714285715,69.24518995215995,16.0,11.821428571428571
AP-MED59,5.0,-67.0,9.0,2025-04-02,AP-MED59,3.896719319562576,5.667071688942892,65.86008671840895,18.0,1.9501822600243013
AP-CIEN115,5.0,-60.0,8.0,2025-04-04,AP-CIEN115,2.4166666666666665,11.666666666666666,-inf,16.0,1.5833333333333333
AP-MED43,5.0,-51.0,9.0,2025-04-02,AP-MED43,3.045705279747833,21.04728132387707,56.718529154745205,,
AP-ENGQUIM06,2.4,-66.0,7.0,2025-04-04,AP-ENGQUIM06,5.944444444444445,3.5555555555555554,51.43070264066384,,
AP-ENGQUIM06,2.4,-62.0,9.0,2025-04-04,AP-ENGQUIM06,3.3076923076923075,5.384615384615385,48.52874818156932,,
AP-MED12,5.0,-52.0,9.0,2025-04-02,AP-MED12,2.8772782503037666,3.138517618469016,60.420496856304815,,
AP-MED48,5.0,-85.0,9.0,2025-04-02,AP-MED48,2.625,6.798611111111111,72.03447558663751,15.0,1.5416666666666667
AP-VH17,5.0,-65.0,8.0,2025-04-04,AP-VH17,31.928571428571427,16.214285714285715,69.24518995215995,16.0,11.821428571428571
AP-VH17,5.0,-61.0,8.0,2025-04-04,AP-VH17,31.928571428571427,16.214285714285715,69.24518995215995,16.0,11.821428571428571
AP-ETSE13,5.0,-69.0,8.0,2025-04-04,AP-ETSE13,4.896358543417367,3.8739495798319328,57.6936981793835,,
AP-VH17,5.0,-71.0,8.0,2025-04-04,AP-VH17,31.928571428571427,16.214285714285715,69.24518995215995,16.0,11.821428571428571
AP-VH17,5.0,-67.0,8.0,2025-04-04,AP-VH17,31.928571428571427,16.214285714285715,69.24518995215995,16.0,11.821428571428571
AP-VH17,5.0,-50.0,8.0,2025-04-04,AP-VH17,31.928571428571427,16.214285714285715,69.24518995215995,16.0,11.821428571428571
AP-ICTAICP23,2.4,-50.0,9.0,2025-04-02,AP-ICTAICP23,1.2379826635145783,1.574468085106383,58.781480927636665,,
AP-BIBHUM07,5.0,-79.0,9.0,2025-04-02,AP-BIBHUM07,5.492981007431874,3.124690338563171,58.66555468948837,,
AP-MED60,2.4,-58.0,9.0,2025-04-02,AP-MED60,4.520882584712372,4.104806934594168,57.76101369730806,,
AP-DRET02,5.0,-76.0,9.0,2025-04-02,AP-DRET02,13.303388494877856,12.479905437352246,76.66042954593891,16.016548463356973,2.178092986603625
AP-ETSE13,5.0,-74.0,8.0,2025-04-04,AP-ETSE13,4.896358543417367,3.8739495798319328,57.6936981793835,,
AP-LLET13,5.0,-36.0,14.0,2025-04-02,AP-LLET13,3.541431261770245,5.552730696798493,67.02572631105147,15.448210922787194,2.8342749529190208
AP-VH17,5.0,-61.0,8.0,2025-04-04,AP-VH17,31.928571428571427,16.214285714285715,69.24518995215995,16.0,11.821428571428571
AP-VH17,5.0,-43.0,8.0,2025-04-04,AP-VH17,31.928571428571427,16.214285714285715,69.24518995215995,16.0,11.821428571428571
AP-VH17,5.0,-39.0,8.0,2025-04-04,AP-VH17,31.928571428571427,16.214285714285715,69.24518995215995,16.0,11.821428571428571
AP-CIEN115,5.0,-56.0,8.0,2025-04-04,AP-CIEN115,2.4166666666666665,11.666666666666666,-inf,16.0,1.5833333333333333
AP-VET34,5.0,-81.0,9.0,2025-04-02,AP-VET34,5.8132387706855795,3.8037825059101653,58.01565006575542,,
AP-VH17,5.0,-52.0,8.0,2025-04-04,AP-VH17,31.928571428571427,16.214285714285715,69.24518995215995,16.0,11.821428571428571
AP-CIEN45,5.0,-74.0,8.0,2025-04-04,AP-CIEN45,3.6,4.8,48.29257748678383,,
AP-CIEN14,5.0,-73.0,9.0,2025-04-02,AP-CIEN14,4.774625689519307,10.331757289204099,72.50991557409637,17.23798266351458,2.771473601260835
AP-VH17,5.0,-56.0,8.0,2025-04-04,AP-VH17,31.928571428571427,16.214285714285715,69.24518995215995,16.0,11.821428571428571
AP-IBB01,2.4,-69.0,9.0,2025-04-02,AP-IBB01,3.7825059101654848,5.732072498029945,67.75718184957891,15.771473601260835,2.0598896769109536
AP-VH17,5.0,-56.0,8.0,2025-04-04,AP-VH17,31.928571428571427,16.214285714285715,69.24518995215995,16.0,11.821428571428571
AP-VH17,5.0,-63.0,8.0,2025-04-04,AP-VH17,31.928571428571427,16.214285714285715,69.24518995215995,16.0,11.821428571428571
AP-VH17,5.0,-53.0,8.0,2025-04-04,AP-VH17,31.928571428571427,16.214285714285715,69.24518995215995,16.0,11.821428571428571
AP-ENGQUIM06,2.4,-62.0,6.0,2025-04-04,AP-ENGQUIM06,2.4,5.6,51.776759822478155,,
AP-CIEN62,5.0,-71.0,9.0,2025-04-02,AP-CIEN62,4.314420803782506,10.156028368794326,70.50163227925907,20.29787234042553,6.331757289204098
AP-CCOM18,5.0,-84.0,9.0,2025-04-02,AP-CCOM18,7.157545605306799,9.690713101160862,76.0005730486936,15.0,1.6326699834162521
AP-VH17,5.0,-52.0,8.0,2025-04-04,AP-VH17,31.928571428571427,16.214285714285715,69.24518995215995,16.0,11.821428571428571
AP-ETSE13,2.4,-66.0,8.0,2025-04-04,AP-ETSE13,4.896358543417367,3.8739495798319328,57.6936981793835,,
AP-CIEN45,5.0,-74.0,9.0,2025-04-04,AP-CIEN45,4.461538461538462,5.153846153846154,49.94621192003893,,
AP-MRB05,5.0,-65.0,9.0,2025-04-02,AP-MRB05,6.804570527974783,5.792750197005516,66.30574631461609,20.62647754137116,2.479905437352246
AP-ETSE13,5.0,-57.0,8.0,2025-04-04,AP-ETSE13,4.896358543417367,3.8739495798319328,57.6936981793835,,
AP-CIEN45,5.0,-71.0,9.0,2025-04-04,AP-CIEN45,4.461538461538462,5.153846153846154,49.94621192003893,,
AP-MRB06,2.4,-75.0,9.0,2025-04-02,AP-MRB06,1.9330181245074862,5.077226162332545,65.61186831566789,18.0,1.4688731284475964
AP-VH17,5.0,-52.0,8.0,2025-04-04,AP-VH17,31.928571428571427,16.214285714285715,69.24518995215995,16.0,11.821428571428571
AP-POL10,5.0,-59.0,9.0,2025-04-02,AP-POL10,3.3325453112687153,3.925925925925926,58.613893051042744,,
AP-VH17,5.0,-58.0,8.0,2025-04-04,AP-VH17,31.928571428571427,16.214285714285715,69.24518995215995,16.0,11.821428571428571
AP-VH17,5.0,-45.0,8.0,2025-04-04,AP-VH17,31.928571428571427,16.214285714285715,69.24518995215995,16.0,11.821428571428571
AP-VH17,5.0,-41.0,8.0,2025-04-04,AP-VH17,31.928571428571427,16.214285714285715,69.24518995215995,16.0,11.821428571428571
AP-CIEN45,5.0,-45.0,9.0,2025-04-04,AP-CIEN45,4.461538461538462,5.153846153846154,49.94621192003893,,
AP-VET77,2.4,-53.0,9.0,2025-04-02,AP-VET77,1.2293144208037825,2.0315208825847124,61.33445800668813,,
AP-REC09,2.4,-67.0,9.0,2025-04-02,AP-REC09,6.240346729708432,2.4814814814814814,57.954879676040456,,
AP-LLET49,5.0,-76.0,15.0,2025-04-02,AP-LLET49,2.5350669818754925,4.969267139479905,66.25891972657651,15.049645390070921,1.5122143420015761
AP-CCOM12,5.0,-71.0,9.0,2025-04-02,AP-CCOM12,3.239558707643814,3.289204097714736,57.180275090159846,,
AP-REC05,2.4,-55.0,8.0,2025-04-04,AP-REC05,2.9850467289719624,2.201869158878505,48.204599708724025,16.570093457943926,2.2738317757009345
AP-CIEN45,5.0,-51.0,3.0,2025-04-04,AP-CIEN45,1.0,3.6666666666666665,48.09956587694233,,
AP-VET76,5.0,-54.0,9.0,2025-04-02,AP-VET76,2.5041322314049586,1.2861570247933884,56.82525168260928,,
AP-MED59,5.0,-61.0,9.0,2025-04-02,AP-MED59,3.896719319562576,5.667071688942892,65.86008671840895,18.0,1.9501822600243013
AP-CIEN119,5.0,-45.0,14.0,2025-04-02,AP-CIEN119,7.693459416863672,8.044917257683215,67.85606166434653,15.018912529550827,3.9275019700551614
AP-ENGQUIM06,2.4,-58.0,9.0,2025-04-04,AP-ENGQUIM06,3.3076923076923075,5.384615384615385,48.52874818156932,,
AP-DRET02,5.0,-84.0,9.0,2025-04-02,AP-DRET02,13.303388494877856,12.479905437352246,76.66042954593891,16.016548463356973,2.178092986603625
AP-VH17,5.0,-53.0,8.0,2025-04-04,AP-VH17,31.928571428571427,16.214285714285715,69.24518995215995,16.0,11.821428571428571
AP-MED43,5.0,-52.0,9.0,2025-04-02,AP-MED43,3.045705279747833,21.04728132387707,56.718529154745205,,
AP-VH17,5.0,-50.0,8.0,2025-04-04,AP-VH17,31.928571428571427,16.214285714285715,69.24518995215995,16.0,11.821428571428571
AP-MED59,5.0,-67.0,9.0,2025-04-02,AP-MED59,3.896719319562576,5.667071688942892,65.86008671840895,18.0,1.9501822600243013
AP-CIEN115,5.0,-61.0,8.0,2025-04-04,AP-CIEN115,2.4166666666666665,11.666666666666666,-inf,16.0,1.5833333333333333
AP-MED43,5.0,-59.0,9.0,2025-04-02,AP-MED43,3.045705279747833,21.04728132387707,56.718529154745205,,
AP-ENGQUIM06,5.0,-85.0,9.0,2025-04-04,AP-ENGQUIM06,3.3076923076923075,5.384615384615385,48.52874818156932,,
AP-ENGQUIM06,5.0,-57.0,7.0,2025-04-04,AP-ENGQUIM06,5.944444444444445,3.5555555555555554,51.43070264066384,,
AP-ENGQUIM06,2.4,-62.0,9.0,2025-04-04,AP-ENGQUIM06,3.3076923076923075,5.384615384615385,48.52874818156932,,
AP-MED12,5.0,-51.0,9.0,2025-04-02,AP-MED12,2.8772782503037666,3.138517618469016,60.420496856304815,,
AP-REC05,2.4,-72.0,8.0,2025-04-04,AP-REC05,2.9850467289719624,2.201869158878505,48.204599708724025,16.570093457943926,2.2738317757009345
AP-MED48,5.0,-85.0,9.0,2025-04-02,AP-MED48,2.625,6.798611111111111,72.03447558663751,15.0,1.5416666666666667
AP-REC05,2.4,-76.0,8.0,2025-04-04,AP-REC05,2.9850467289719624,2.201869158878505,48.204599708724025,16.570093457943926,2.2738317757009345
AP-TAULI13,2.4,-83.0,9.0,2025-04-04,AP-TAULI13,2.3061754021795537,2.9719771665801766,57.05310200153646,,
AP-VH17,5.0,-64.0,8.0,2025-04-04,AP-VH17,31.928571428571427,16.214285714285715,69.24518995215995,16.0,11.821428571428571
AP-VH17,5.0,-59.0,8.0,2025-04-04,AP-VH17,31.928571428571427,16.214285714285715,69.24518995215995,16.0,11.821428571428571
AP-ETSE13,5.0,-69.0,8.0,2025-04-04,AP-ETSE13,4.896358543417367,3.8739495798319328,57.6936981793835,,
AP-VH17,5.0,-71.0,8.0,2025-04-04,AP-VH17,31.928571428571427,16.214285714285715,69.24518995215995,16.0,11.821428571428571
AP-VH17,5.0,-61.0,8.0,2025-04-04,AP-VH17,31.928571428571427,16.214285714285715,69.24518995215995,16.0,11.821428571428571
AP-VH17,5.0,-52.0,8.0,2025-04-04,AP-VH17,31.928571428571427,16.214285714285715,69.24518995215995,16.0,11.821428571428571
AP-ICTAICP23,2.4,-50.0,9.0,2025-04-02,AP-ICTAICP23,1.2379826635145783,1.574468085106383,58.781480927636665,,
AP-BIBHUM07,5.0,-79.0,9.0,2025-04-02,AP-BIBHUM07,5.492981007431874,3.124690338563171,58.66555468948837,,
AP-MED60,2.4,-60.0,9.0,2025-04-02,AP-MED60,4.520882584712372,4.104806934594168,57.76101369730806,,
AP-DRET02,5.0,-76.0,9.0,2025-04-02,AP-DRET02,13.303388494877856,12.479905437352246,76.66042954593891,16.016548463356973,2.178092986603625
AP-ETSE13,5.0,-73.0,8.0,2025-04-04,AP-ETSE13,4.896358543417367,3.8739495798319328,57.6936981793835,,
AP-LLET13,5.0,-35.0,14.0,2025-04-02,AP-LLET13,3.541431261770245,5.552730696798493,67.02572631105147,15.448210922787194,2.8342749529190208
AP-TAULI13,5.0,-66.0,9.0,2025-04-04,AP-TAULI13,2.3061754021795537,2.9719771665801766,57.05310200153646,,
AP-VH17,5.0,-64.0,8.0,2025-04-04,AP-VH17,31.928571428571427,16.214285714285715,69.24518995215995,16.0,11.821428571428571
AP-VH17,5.0,-44.0,8.0,2025-04-04,AP-VH17,31.928571428571427,16.214285714285715,69.24518995215995,16.0,11.821428571428571
AP-VH17,5.0,-41.0,8.0,2025-04-04,AP-VH17,31.928571428571427,16.214285714285715,69.24518995215995,16.0,11.821428571428571
AP-VET34,5.0,-80.0,9.0,2025-04-02,AP-VET34,5.8132387706855795,3.8037825059101653,58.01565006575542,,
AP-VH17,5.0,-51.0,8.0,2025-04-04,AP-VH17,31.928571428571427,16.214285714285715,69.24518995215995,16.0,11.821428571428571
AP-CIEN14,5.0,-72.0,9.0,2025-04-02,AP-CIEN14,4.774625689519307,10.331757289204099,72.50991557409637,17.23798266351458,2.771473601260835
AP-VH17,5.0,-56.0,8.0,2025-04-04,AP-VH17,31.928571428571427,16.214285714285715,69.24518995215995,16.0,11.821428571428571
AP-IBB01,2.4,-68.0,9.0,2025-04-02,AP-IBB01,3.7825059101654848,5.732072498029945,67.75718184957891,15.771473601260835,2.0598896769109536
AP-VH17,5.0,-49.0,8.0,2025-04-04,AP-VH17,31.928571428571427,16.214285714285715,69.24518995215995,16.0,11.821428571428571
AP-VH17,5.0,-61.0,8.0,2025-04-04,AP-VH17,31.928571428571427,16.214285714285715,69.24518995215995,16.0,11.821428571428571
AP-VH17,5.0,-52.0,8.0,2025-04-04,AP-VH17,31.928571428571427,16.214285714285715,69.24518995215995,16.0,11.821428571428571
AP-CIEN62,5.0,-71.0,9.0,2025-04-02,AP-CIEN62,4.314420803782506,10.156028368794326,70.50163227925907,20.29787234042553,6.331757289204098
AP-CCOM18,5.0,-84.0,9.0,2025-04-02,AP-CCOM18,7.157545605306799,9.690713101160862,76.0005730486936,15.0,1.6326699834162521
AP-ETSE13,2.4,-66.0,8.0,2025-04-04,AP-ETSE13,4.896358543417367,3.8739495798319328,57.6936981793835,,
AP-MRB05,5.0,-65.0,9.0,2025-04-02,AP-MRB05,6.804570527974783,5.792750197005516,66.30574631461609,20.62647754137116,2.479905437352246
AP-ETSE13,5.0,-56.0,8.0,2025-04-04,AP-ETSE13,4.896358543417367,3.8739495798319328,57.6936981793835,,
AP-MRB06,2.4,-75.0,9.0,2025-04-02,AP-MRB06,1.9330181245074862,5.077226162332545,65.61186831566789,18.0,1.4688731284475964
AP-VH17,5.0,-54.0,8.0,2025-04-04,AP-VH17,31.928571428571427,16.214285714285715,69.24518995215995,16.0,11.821428571428571
AP-POL10,5.0,-61.0,9.0,2025-04-02,AP-POL10,3.3325453112687153,3.925925925925926,58.613893051042744,,
AP-VH17,5.0,-56.0,8.0,2025-04-04,AP-VH17,31.928571428571427,16.214285714285715,69.24518995215995,16.0,11.821428571428571
AP-VH17,5.0,-44.0,8.0,2025-04-04,AP-VH17,31.928571428571427,16.214285714285715,69.24518995215995,16.0,11.821428571428571
AP-VH17,5.0,-40.0,8.0,2025-04-04,AP-VH17,31.928571428571427,16.214285714285715,69.24518995215995,16.0,11.821428571428571
AP-VET77,2.4,-54.0,9.0,2025-04-02,AP-VET77,1.2293144208037825,2.0315208825847124,61.33445800668813,,
AP-REC09,2.4,-66.0,9.0,2025-04-02,AP-REC09,6.240346729708432,2.4814814814814814,57.954879676040456,,
AP-LLET49,5.0,-76.0,15.0,2025-04-02,AP-LLET49,2.5350669818754925,4.969267139479905,66.25891972657651,15.049645390070921,1.5122143420015761
AP-CCOM12,5.0,-71.0,9.0,2025-04-02,AP-CCOM12,3.239558707643814,3.289204097714736,57.180275090159846,,
AP-REC05,2.4,-51.0,8.0,2025-04-04,AP-REC05,2.9850467289719624,2.201869158878505,48.204599708724025,16.570093457943926,2.2738317757009345
AP-VET76,5.0,-53.0,9.0,2025-04-02,AP-VET76,2.5041322314049586,1.2861570247933884,56.82525168260928,,
AP-MED59,5.0,-61.0,9.0,2025-04-02,AP-MED59,3.896719319562576,5.667071688942892,65.86008671840895,18.0,1.9501822600243013
AP-CIEN119,5.0,-45.0,14.0,2025-04-02,AP-CIEN119,7.693459416863672,8.044917257683215,67.85606166434653,15.018912529550827,3.9275019700551614
AP-VH17,2.4,-57.0,8.0,2025-04-04,AP-VH17,31.928571428571427,16.214285714285715,69.24518995215995,16.0,11.821428571428571
AP-DRET02,5.0,-84.0,9.0,2025-04-02,AP-DRET02,13.303388494877856,12.479905437352246,76.66042954593891,16.016548463356973,2.178092986603625
AP-VH17,5.0,-56.0,8.0,2025-04-04,AP-VH17,31.928571428571427,16.214285714285715,69.24518995215995,16.0,11.821428571428571
AP-MED43,5.0,-52.0,9.0,2025-04-02,AP-MED43,3.045705279747833,21.04728132387707,56.718529154745205,,
AP-VH17,5.0,-50.0,8.0,2025-04-04,AP-VH17,31.928571428571427,16.214285714285715,69.24518995215995,16.0,11.821428571428571
AP-MED59,5.0,-67.0,9.0,2025-04-02,AP-MED59,3.896719319562576,5.667071688942892,65.86008671840895,18.0,1.9501822600243013
AP-MED43,5.0,-59.0,9.0,2025-04-02,AP-MED43,3.045705279747833,21.04728132387707,56.718529154745205,,
AP-MED12,5.0,-52.0,9.0,2025-04-02,AP-MED12,2.8772782503037666,3.138517618469016,60.420496856304815,,
AP-MED48,5.0,-85.0,9.0,2025-04-02,AP-MED48,2.625,6.798611111111111,72.03447558663751,15.0,1.5416666666666667
AP-REC05,2.4,-68.0,8.0,2025-04-04,AP-REC05,2.9850467289719624,2.201869158878505,48.204599708724025,16.570093457943926,2.2738317757009345
AP-TAULI13,2.4,-90.0,9.0,2025-04-04,AP-TAULI13,2.3061754021795537,2.9719771665801766,57.05310200153646,,
AP-VH17,5.0,-67.0,8.0,2025-04-04,AP-VH17,31.928571428571427,16.214285714285715,69.24518995215995,16.0,11.821428571428571
AP-ETSE13,5.0,-69.0,8.0,2025-04-04,AP-ETSE13,4.896358543417367,3.8739495798319328,57.6936981793835,,
AP-VH17,5.0,-64.0,8.0,2025-04-04,AP-VH17,31.928571428571427,16.214285714285715,69.24518995215995,16.0,11.821428571428571
AP-VH17,5.0,-60.0,8.0,2025-04-04,AP-VH17,31.928571428571427,16.214285714285715,69.24518995215995,16.0,11.821428571428571
AP-VH17,5.0,-50.0,8.0,2025-04-04,AP-VH17,31.928571428571427,16.214285714285715,69.24518995215995,16.0,11.821428571428571
AP-ICTAICP23,2.4,-50.0,9.0,2025-04-02,AP-ICTAICP23,1.2379826635145783,1.574468085106383,58.781480927636665,,
AP-BIBHUM07,5.0,-78.0,9.0,2025-04-02,AP-BIBHUM07,5.492981007431874,3.124690338563171,58.66555468948837,,
AP-MED60,2.4,-60.0,9.0,2025-04-02,AP-MED60,4.520882584712372,4.104806934594168,57.76101369730806,,
AP-DRET02,5.0,-76.0,9.0,2025-04-02,AP-DRET02,13.303388494877856,12.479905437352246,76.66042954593891,16.016548463356973,2.178092986603625
AP-LLET13,5.0,-37.0,14.0,2025-04-02,AP-LLET13,3.541431261770245,5.552730696798493,67.02572631105147,15.448210922787194,2.8342749529190208
AP-TAULI13,5.0,-67.0,9.0,2025-04-04,AP-TAULI13,2.3061754021795537,2.9719771665801766,57.05310200153646,,
AP-ENGQUIM06,2.4,-74.0,9.0,2025-04-04,AP-ENGQUIM06,3.3076923076923075,5.384615384615385,48.52874818156932,,
AP-VH17,5.0,-64.0,8.0,2025-04-04,AP-VH17,31.928571428571427,16.214285714285715,69.24518995215995,16.0,11.821428571428571
AP-VH17,5.0,-40.0,8.0,2025-04-04,AP-VH17,31.928571428571427,16.214285714285715,69.24518995215995,16.0,11.821428571428571
AP-ENGQUIM06,5.0,-56.0,8.0,2025-04-04,AP-ENGQUIM06,0.0,3.0,52.54069115965508,,
AP-VET34,5.0,-79.0,9.0,2025-04-02,AP-VET34,5.8132387706855795,3.8037825059101653,58.01565006575542,,
AP-CIEN45,5.0,-76.0,8.0,2025-04-04,AP-CIEN45,3.6,4.8,48.29257748678383,,
AP-CIEN14,5.0,-73.0,9.0,2025-04-02,AP-CIEN14,4.774625689519307,10.331757289204099,72.50991557409637,17.23798266351458,2.771473601260835
AP-VH17,5.0,-52.0,8.0,2025-04-04,AP-VH17,31.928571428571427,16.214285714285715,69.24518995215995,16.0,11.821428571428571
AP-CIEN115,2.4,-55.0,9.0,2025-04-04,AP-CIEN115,2.1666666666666665,9.166666666666666,63.7282312567202,16.0,1.25
AP-IBB01,2.4,-67.0,9.0,2025-04-02,AP-IBB01,3.7825059101654848,5.732072498029945,67.75718184957891,15.771473601260835,2.0598896769109536
AP-ENGQUIM06,2.4,-70.0,9.0,2025-04-04,AP-ENGQUIM06,3.3076923076923075,5.384615384615385,48.52874818156932,,
AP-VH17,5.0,-64.0,8.0,2025-04-04,AP-VH17,31.928571428571427,16.214285714285715,69.24518995215995,16.0,11.821428571428571
AP-VH17,5.0,-58.0,8.0,2025-04-04,AP-VH17,31.928571428571427,16.214285714285715,69.24518995215995,16.0,11.821428571428571
AP-CIEN62,5.0,-71.0,9.0,2025-04-02,AP-CIEN62,4.314420803782506,10.156028368794326,70.50163227925907,20.29787234042553,6.331757289204098
AP-CCOM18,5.0,-84.0,9.0,2025-04-02,AP-CCOM18,7.157545605306799,9.690713101160862,76.0005730486936,15.0,1.6326699834162521
AP-ETSE13,2.4,-66.0,8.0,2025-04-04,AP-ETSE13,4.896358543417367,3.8739495798319328,57.6936981793835,,
AP-CIEN45,5.0,-74.0,9.0,2025-04-04,AP-CIEN45,4.461538461538462,5.153846153846154,49.94621192003893,,
AP-MRB05,5.0,-64.0,9.0,2025-04-02,AP-MRB05,6.804570527974783,5.792750197005516,66.30574631461609,20.62647754137116,2.479905437352246
AP-ETSE13,5.0,-57.0,8.0,2025-04-04,AP-ETSE13,4.896358543417367,3.8739495798319328,57.6936981793835,,
AP-CIEN45,5.0,-56.0,9.0,2025-04-04,AP-CIEN45,4.461538461538462,5.153846153846154,49.94621192003893,,
AP-MRB06,2.4,-77.0,9.0,2025-04-02,AP-MRB06,1.9330181245074862,5.077226162332545,65.61186831566789,18.0,1.4688731284475964
AP-VH17,5.0,-52.0,8.0,2025-04-04,AP-VH17,31.928571428571427,16.214285714285715,69.24518995215995,16.0,11.821428571428571
AP-POL10,5.0,-61.0,9.0,2025-04-02,AP-POL10,3.3325453112687153,3.925925925925926,58.613893051042744,,
AP-VH17,5.0,-58.0,8.0,2025-04-04,AP-VH17,31.928571428571427,16.214285714285715,69.24518995215995,16.0,11.821428571428571
AP-VH17,5.0,-43.0,8.0,2025-04-04,AP-VH17,31.928571428571427,16.214285714285715,69.24518995215995,16.0,11.821428571428571
AP-VET77,2.4,-54.0,9.0,2025-04-02,AP-VET77,1.2293144208037825,2.0315208825847124,61.33445800668813,,
AP-REC09,2.4,-66.0,9.0,2025-04-02,AP-REC09,6.240346729708432,2.4814814814814814,57.954879676040456,,
AP-LLET49,5.0,-76.0,15.0,2025-04-02,AP-LLET49,2.5350669818754925,4.969267139479905,66.25891972657651,15.049645390070921,1.5122143420015761
AP-CCOM12,5.0,-71.0,9.0,2025-04-02,AP-CCOM12,3.239558707643814,3.289204097714736,57.180275090159846,,
AP-REC05,5.0,-64.0,8.0,2025-04-04,AP-REC05,2.9850467289719624,2.201869158878505,48.204599708724025,16.570093457943926,2.2738317757009345
AP-CIEN45,2.4,-47.0,3.0,2025-04-04,AP-CIEN45,1.0,3.6666666666666665,48.09956587694233,,
AP-VET76,5.0,-51.0,9.0,2025-04-02,AP-VET76,2.5041322314049586,1.2861570247933884,56.82525168260928,,
AP-MED59,5.0,-61.0,9.0,2025-04-02,AP-MED59,3.896719319562576,5.667071688942892,65.86008671840895,18.0,1.9501822600243013
AP-CIEN119,5.0,-46.0,14.0,2025-04-02,AP-CIEN119,7.693459416863672,8.044917257683215,67.85606166434653,15.018912529550827,3.9275019700551614
AP-ENGQUIM06,2.4,-82.0,9.0,2025-04-04,AP-ENGQUIM06,3.3076923076923075,5.384615384615385,48.52874818156932,,
AP-DRET02,5.0,-84.0,9.0,2025-04-02,AP-DRET02,13.303388494877856,12.479905437352246,76.66042954593891,16.016548463356973,2.178092986603625
AP-MED43,5.0,-53.0,9.0,2025-04-02,AP-MED43,3.045705279747833,21.04728132387707,56.718529154745205,,
AP-MED59,5.0,-67.0,9.0,2025-04-02,AP-MED59,3.896719319562576,5.667071688942892,65.86008671840895,18.0,1.9501822600243013
AP-ENGQUIM06,2.4,-72.0,9.0,2025-04-04,AP-ENGQUIM06,3.3076923076923075,5.384615384615385,48.52874818156932,,
AP-MED43,5.0,-59.0,9.0,2025-04-02,AP-MED43,3.045705279747833,21.04728132387707,56.718529154745205,,
AP-ENGQUIM06,2.4,-70.0,7.0,2025-04-04,AP-ENGQUIM06,5.944444444444445,3.5555555555555554,51.43070264066384,,
AP-ENGQUIM06,5.0,-61.0,10.0,2025-04-04,AP-ENGQUIM06,2.900952380952381,2.42,56.3422780611407,,
AP-MED12,5.0,-51.0,9.0,2025-04-02,AP-MED12,2.8772782503037666,3.138517618469016,60.420496856304815,,
AP-MED48,5.0,-85.0,9.0,2025-04-02,AP-MED48,2.625,6.798611111111111,72.03447558663751,15.0,1.5416666666666667
AP-REC05,2.4,-68.0,8.0,2025-04-04,AP-REC05,2.9850467289719624,2.201869158878505,48.204599708724025,16.570093457943926,2.2738317757009345
AP-VH17,5.0,-64.0,8.0,2025-04-04,AP-VH17,31.928571428571427,16.214285714285715,69.24518995215995,16.0,11.821428571428571
AP-ETSE13,5.0,-68.0,8.0,2025-04-04,AP-ETSE13,4.896358543417367,3.8739495798319328,57.6936981793835,,
AP-VH17,5.0,-66.0,8.0,2025-04-04,AP-VH17,31.928571428571427,16.214285714285715,69.24518995215995,16.0,11.821428571428571
AP-VH17,5.0,-62.0,8.0,2025-04-04,AP-VH17,31.928571428571427,16.214285714285715,69.24518995215995,16.0,11.821428571428571
AP-ICTAICP23,2.4,-50.0,9.0,2025-04-02,AP-ICTAICP23,1.2379826635145783,1.574468085106383,58.781480927636665,,
AP-BIBHUM07,5.0,-79.0,9.0,2025-04-02,AP-BIBHUM07,5.492981007431874,3.124690338563171,58.66555468948837,,
AP-MED60,2.4,-59.0,9.0,2025-04-02,AP-MED60,4.520882584712372,4.104806934594168,57.76101369730806,,
AP-DRET02,5.0,-76.0,9.0,2025-04-02,AP-DRET02,13.303388494877856,12.479905437352246,76.66042954593891,16.016548463356973,2.178092986603625
AP-LLET13,5.0,-36.0,14.0,2025-04-02,AP-LLET13,3.541431261770245,5.552730696798493,67.02572631105147,15.448210922787194,2.8342749529190208
AP-VH17,5.0,-63.0,8.0,2025-04-04,AP-VH17,31.928571428571427,16.214285714285715,69.24518995215995,16.0,11.821428571428571
AP-VH17,5.0,-40.0,8.0,2025-04-04,AP-VH17,31.928571428571427,16.214285714285715,69.24518995215995,16.0,11.821428571428571
AP-VET34,5.0,-78.0,9.0,2025-04-02,AP-VET34,5.8132387706855795,3.8037825059101653,58.01565006575542,,
AP-CIEN14,5.0,-73.0,9.0,2025-04-02,AP-CIEN14,4.774625689519307,10.331757289204099,72.50991557409637,17.23798266351458,2.771473601260835
AP-IBB01,2.4,-67.0,9.0,2025-04-02,AP-IBB01,3.7825059101654848,5.732072498029945,67.75718184957891,15.771473601260835,2.0598896769109536
AP-VH17,5.0,-61.0,8.0,2025-04-04,AP-VH17,31.928571428571427,16.214285714285715,69.24518995215995,16.0,11.821428571428571
AP-VH17,5.0,-52.0,8.0,2025-04-04,AP-VH17,31.928571428571427,16.214285714285715,69.24518995215995,16.0,11.821428571428571
AP-CIEN62,5.0,-71.0,9.0,2025-04-02,AP-CIEN62,4.314420803782506,10.156028368794326,70.50163227925907,20.29787234042553,6.331757289204098
AP-CCOM18,5.0,-84.0,9.0,2025-04-02,AP-CCOM18,7.157545605306799,9.690713101160862,76.0005730486936,15.0,1.6326699834162521
